mission_id,title,revenue_generated,evidence_type,evidence_ref,settlement_status,rationale
697bcf718845734d477a0376,RealWorldCerts.com Domain Restoration - Priority Alpha,0,,,not_sent,absent_hard_bound_evidence
697bcf718845734d477a0377,RealWorldCerts.com SSL Certificate Provisioning,0,,,not_sent,absent_hard_bound_evidence
697bcf718845734d477a0378,RealWorldCerts.com Content Migration & Deployment,0,,,not_sent,absent_hard_bound_evidence
697bcf718845734d477a0379,RealWorldCerts.com Payment Gateway Integration,0,,,not_sent,absent_hard_bound_evidence
697bcf718845734d477a037a,RealWorldCerts.com SEO & Traffic Restoration,0,,,not_sent,absent_hard_bound_evidence
6978be681ffca0df904abb6b,Untitled Mission 16,0,,,not_sent,absent_hard_bound_evidence
6978be681ffca0df904abb6a,Untitled Mission 15,0,,,not_sent,absent_hard_bound_evidence
6978be681ffca0df904abb69,Untitled Mission 14,0,,,not_sent,absent_hard_bound_evidence
6978be681ffca0df904abb68,Untitled Mission 13,0,,,not_sent,absent_hard_bound_evidence
6978be681ffca0df904abb67,Untitled Mission 12,0,,,not_sent,absent_hard_bound_evidence
6978be681ffca0df904abb66,Untitled Mission 11,0,,,not_sent,absent_hard_bound_evidence
6978be681ffca0df904abb65,Untitled Mission 10,0,,,not_sent,absent_hard_bound_evidence
6978be681ffca0df904abb64,Untitled Mission 9,0,,,not_sent,absent_hard_bound_evidence
6978be681ffca0df904abb63,Untitled Mission 8,0,,,not_sent,absent_hard_bound_evidence
6978be681ffca0df904abb62,Untitled Mission 7,0,,,not_sent,absent_hard_bound_evidence
6978be681ffca0df904abb61,Untitled Mission 6,0,,,not_sent,absent_hard_bound_evidence
6978be681ffca0df904abb60,Untitled Mission 5,0,,,not_sent,absent_hard_bound_evidence
6978be681ffca0df904abb5f,Untitled Mission 4,0,,,not_sent,absent_hard_bound_evidence
6978be681ffca0df904abb5e,Untitled Mission 3,0,,,not_sent,absent_hard_bound_evidence
6978be681ffca0df904abb5d,Untitled Mission 2,0,,,not_sent,absent_hard_bound_evidence
6978be681ffca0df904abb5c,Untitled Mission 1,0,,,not_sent,absent_hard_bound_evidence
69779eb13aac4fd5169b81a5,Untitled Mission,0,,,not_sent,absent_hard_bound_evidence
69779eb13aac4fd5169b81a6,Untitled Mission,0,,,not_sent,absent_hard_bound_evidence
69779eb13aac4fd5169b81a7,Untitled Mission,0,,,not_sent,absent_hard_bound_evidence
69779eb13aac4fd5169b81bd,Untitled Mission,0,,,not_sent,absent_hard_bound_evidence
69779eb13aac4fd5169b81b6,Untitled Mission,0,,,not_sent,absent_hard_bound_evidence
69779eb13aac4fd5169b81b7,Untitled Mission,0,,,not_sent,absent_hard_bound_evidence
69779eb13aac4fd5169b81a8,Untitled Mission,0,,,not_sent,absent_hard_bound_evidence
69779eb13aac4fd5169b81a9,Untitled Mission,0,,,not_sent,absent_hard_bound_evidence
69779eb13aac4fd5169b81b5,Untitled Mission,0,,,not_sent,absent_hard_bound_evidence
69779eb13aac4fd5169b81ae,Untitled Mission,0,,,not_sent,absent_hard_bound_evidence
69779eb13aac4fd5169b81ba,Untitled Mission,0,,,not_sent,absent_hard_bound_evidence
69779eb13aac4fd5169b81ab,Untitled Mission,0,,,not_sent,absent_hard_bound_evidence
69779eb13aac4fd5169b81b0,Untitled Mission,0,,,not_sent,absent_hard_bound_evidence
69779eb13aac4fd5169b81b9,Untitled Mission,0,,,not_sent,absent_hard_bound_evidence
69779eb13aac4fd5169b81bc,Untitled Mission,0,,,not_sent,absent_hard_bound_evidence
69779eb13aac4fd5169b81be,Untitled Mission,0,,,not_sent,absent_hard_bound_evidence
69779eb13aac4fd5169b81bf,Untitled Mission,0,,,not_sent,absent_hard_bound_evidence
69779eb13aac4fd5169b81c0,Untitled Mission,0,,,not_sent,absent_hard_bound_evidence
69779eb13aac4fd5169b81b1,Untitled Mission,0,,,not_sent,absent_hard_bound_evidence
69779eb13aac4fd5169b81b4,Untitled Mission,0,,,not_sent,absent_hard_bound_evidence
69779eb13aac4fd5169b81aa,Untitled Mission,0,,,not_sent,absent_hard_bound_evidence
69779eb13aac4fd5169b81bb,Untitled Mission,0,,,not_sent,absent_hard_bound_evidence
69779eb13aac4fd5169b81af,Untitled Mission,0,,,not_sent,absent_hard_bound_evidence
69779eb13aac4fd5169b81b2,Untitled Mission,0,,,not_sent,absent_hard_bound_evidence
69779eb13aac4fd5169b81b3,Untitled Mission,0,,,not_sent,absent_hard_bound_evidence
69779eb13aac4fd5169b81b8,Untitled Mission,0,,,not_sent,absent_hard_bound_evidence
69779eb13aac4fd5169b81ac,Untitled Mission,0,,,not_sent,absent_hard_bound_evidence
69779eb13aac4fd5169b81ad,Untitled Mission,0,,,not_sent,absent_hard_bound_evidence
69779eb13aac4fd5169b8197,Untitled Mission,0,,,not_sent,absent_hard_bound_evidence
69779eb13aac4fd5169b8198,Untitled Mission,0,,,not_sent,absent_hard_bound_evidence
69779eb13aac4fd5169b819c,Untitled Mission,0,,,not_sent,absent_hard_bound_evidence
69779eb13aac4fd5169b819f,Untitled Mission,0,,,not_sent,absent_hard_bound_evidence
69779eb13aac4fd5169b81a1,Untitled Mission,0,,,not_sent,absent_hard_bound_evidence
69779eb13aac4fd5169b81a2,Untitled Mission,0,,,not_sent,absent_hard_bound_evidence
69779eb13aac4fd5169b819d,Untitled Mission,0,,,not_sent,absent_hard_bound_evidence
69779eb13aac4fd5169b81a0,Untitled Mission,0,,,not_sent,absent_hard_bound_evidence
69779eb13aac4fd5169b81a3,Untitled Mission,0,,,not_sent,absent_hard_bound_evidence
69779eb13aac4fd5169b81a4,Untitled Mission,0,,,not_sent,absent_hard_bound_evidence
69779eb13aac4fd5169b8199,Untitled Mission,0,,,not_sent,absent_hard_bound_evidence
69779eb13aac4fd5169b819b,Untitled Mission,0,,,not_sent,absent_hard_bound_evidence
69779eb13aac4fd5169b819a,Untitled Mission,0,,,not_sent,absent_hard_bound_evidence
69779eb13aac4fd5169b819e,Untitled Mission,0,,,not_sent,absent_hard_bound_evidence
69779eb13aac4fd5169b8196,Untitled Mission,0,,,not_sent,absent_hard_bound_evidence
69779eb13aac4fd5169b8195,Untitled Mission,0,,,not_sent,absent_hard_bound_evidence
69779eb13aac4fd5169b8187,Untitled Mission,0,,,not_sent,absent_hard_bound_evidence
69779eb13aac4fd5169b8174,Untitled Mission,0,,,not_sent,absent_hard_bound_evidence
69779eb13aac4fd5169b817c,Untitled Mission,0,,,not_sent,absent_hard_bound_evidence
69779eb13aac4fd5169b8193,Untitled Mission,0,,,not_sent,absent_hard_bound_evidence
69779eb13aac4fd5169b8175,Untitled Mission,0,,,not_sent,absent_hard_bound_evidence
69779eb13aac4fd5169b817a,Untitled Mission,0,,,not_sent,absent_hard_bound_evidence
69779eb13aac4fd5169b817b,Untitled Mission,0,,,not_sent,absent_hard_bound_evidence
69779eb13aac4fd5169b818c,Untitled Mission,0,,,not_sent,absent_hard_bound_evidence
69779eb13aac4fd5169b818e,Untitled Mission,0,,,not_sent,absent_hard_bound_evidence
69779eb13aac4fd5169b818f,Untitled Mission,0,,,not_sent,absent_hard_bound_evidence
69779eb13aac4fd5169b8185,Untitled Mission,0,,,not_sent,absent_hard_bound_evidence
69779eb13aac4fd5169b8188,Untitled Mission,0,,,not_sent,absent_hard_bound_evidence
69779eb13aac4fd5169b8172,Untitled Mission,0,,,not_sent,absent_hard_bound_evidence
69779eb13aac4fd5169b818d,Untitled Mission,0,,,not_sent,absent_hard_bound_evidence
69779eb13aac4fd5169b8184,Untitled Mission,0,,,not_sent,absent_hard_bound_evidence
69779eb13aac4fd5169b8190,Untitled Mission,0,,,not_sent,absent_hard_bound_evidence
69779eb13aac4fd5169b8182,Untitled Mission,0,,,not_sent,absent_hard_bound_evidence
69779eb13aac4fd5169b8183,Untitled Mission,0,,,not_sent,absent_hard_bound_evidence
69779eb13aac4fd5169b8186,Untitled Mission,0,,,not_sent,absent_hard_bound_evidence
69779eb13aac4fd5169b8177,Untitled Mission,0,,,not_sent,absent_hard_bound_evidence
69779eb13aac4fd5169b818a,Untitled Mission,0,,,not_sent,absent_hard_bound_evidence
69779eb13aac4fd5169b818b,Untitled Mission,0,,,not_sent,absent_hard_bound_evidence
69779eb13aac4fd5169b8192,Untitled Mission,0,,,not_sent,absent_hard_bound_evidence
69779eb13aac4fd5169b8178,Untitled Mission,0,,,not_sent,absent_hard_bound_evidence
69779eb13aac4fd5169b817e,Untitled Mission,0,,,not_sent,absent_hard_bound_evidence
69779eb13aac4fd5169b8180,Untitled Mission,0,,,not_sent,absent_hard_bound_evidence
69779eb13aac4fd5169b8191,Untitled Mission,0,,,not_sent,absent_hard_bound_evidence
69779eb13aac4fd5169b816e,Untitled Mission,0,,,not_sent,absent_hard_bound_evidence
69779eb13aac4fd5169b8170,Untitled Mission,0,,,not_sent,absent_hard_bound_evidence
69779eb13aac4fd5169b8171,Untitled Mission,0,,,not_sent,absent_hard_bound_evidence
69779eb13aac4fd5169b8176,Untitled Mission,0,,,not_sent,absent_hard_bound_evidence
69779eb13aac4fd5169b8194,Untitled Mission,0,,,not_sent,absent_hard_bound_evidence
69779eb13aac4fd5169b816f,Untitled Mission,0,,,not_sent,absent_hard_bound_evidence
69779eb13aac4fd5169b8173,Untitled Mission,0,,,not_sent,absent_hard_bound_evidence
69779eb13aac4fd5169b8179,Untitled Mission,0,,,not_sent,absent_hard_bound_evidence
69779eb13aac4fd5169b817d,Untitled Mission,0,,,not_sent,absent_hard_bound_evidence
69779eb13aac4fd5169b817f,Untitled Mission,0,,,not_sent,absent_hard_bound_evidence
69779eb13aac4fd5169b8181,Untitled Mission,0,,,not_sent,absent_hard_bound_evidence
69779eb13aac4fd5169b8189,Untitled Mission,0,,,not_sent,absent_hard_bound_evidence
69671a236de1da1dc1b9741e,Monitor and Follow-up on Approved Payout Batches Until Funds Received,0,,,not_sent,absent_hard_bound_evidence
695eeb95ca2cf8cd827bcb64,Canva Template Revenue Launch,0,,,not_sent,absent_hard_bound_evidence
695eeb95ca2cf8cd827bcb69,Launch AWS certification awareness campaign,0,,,not_sent,absent_hard_bound_evidence
695eeb95ca2cf8cd827bcb79,Design Mission Charter Template,0,,,not_sent,absent_hard_bound_evidence
695eeb95ca2cf8cd827bcb62,assist Mission ID: 68bd654611425d525969711d,0,,,not_sent,absent_hard_bound_evidence
695eeb95ca2cf8cd827bcb6b,title,0,,,not_sent,absent_hard_bound_evidence
695eeb95ca2cf8cd827bcb87,Integrate and Test Flowith Agent Neo for Autonomous Campaign Orchestration,0,,,not_sent,absent_hard_bound_evidence
695eeb95ca2cf8cd827bcb72,Create Mission Template Library,0,,,not_sent,absent_hard_bound_evidence
695eeb95ca2cf8cd827bcb66,AFF-001,0,,,not_sent,absent_hard_bound_evidence
695eeb95ca2cf8cd827bcb73,Integrate and Test Flowith Agent Neo for Autonomous Campaign Orchestration,0,,,not_sent,absent_hard_bound_evidence
695eeb95ca2cf8cd827bcb71,Design Mission Charter Template,0,,,not_sent,absent_hard_bound_evidence
695eeb95ca2cf8cd827bcb75,🧩 CONSOLIDATED: Comprehensive Documentation and Knowledge Base...,0,,,not_sent,absent_hard_bound_evidence
695eeb95ca2cf8cd827bcb80,Create Mission Template Library,0,,,not_sent,absent_hard_bound_evidence
695eeb95ca2cf8cd827bcb8b,Integrate and Test Flowith Agent Neo for Autonomous Campaign Orchestration,0,,,not_sent,absent_hard_bound_evidence
695eeb95ca2cf8cd827bcb5f,Untitled Mission,0,,,not_sent,absent_hard_bound_evidence
695eeb95ca2cf8cd827bcb68,Analyze Competitor AI Offerings,0,,,not_sent,absent_hard_bound_evidence
695eeb95ca2cf8cd827bcb74,🧩 CONSOLIDATED: Integrate and Test Flowith Agent Neo for Autonomou...,0,,,not_sent,absent_hard_bound_evidence
695eeb95ca2cf8cd827bcb7f,Design Mission Charter Template,0,,,not_sent,absent_hard_bound_evidence
695eeb95ca2cf8cd827bcb67,Launch Q1 Viral Marketing Campaign,0,,,not_sent,absent_hard_bound_evidence
695eeb95ca2cf8cd827bcb7d,Comprehensive Documentation and Knowledge Base,0,,,not_sent,absent_hard_bound_evidence
695eeb95ca2cf8cd827bcb82,68bc5353ef800d98b63c95df,0,,,not_sent,absent_hard_bound_evidence
695eeb95ca2cf8cd827bcb88,68bc5353ef800d98b63c95df,0,,,not_sent,absent_hard_bound_evidence
695eeb95ca2cf8cd827bcb65,REV-001,0,,,not_sent,absent_hard_bound_evidence
695eeb95ca2cf8cd827bcb70,Comprehensive Documentation and Knowledge Base,0,,,not_sent,absent_hard_bound_evidence
695eeb95ca2cf8cd827bcb60,"coordinate with IntelReport-Generator-Nu, DataEnrichment-Agent-Mu, SwarmOS Accountant Agent, Course Revenue Agent, with the whole swarm",0,,,not_sent,absent_hard_bound_evidence
695eeb95ca2cf8cd827bcb6e,Integrate and Test Flowith Agent Neo for Autonomous Campaign Orchestration,0,,,not_sent,absent_hard_bound_evidence
695eeb95ca2cf8cd827bcb78,Comprehensive Documentation and Knowledge Base,0,,,not_sent,absent_hard_bound_evidence
695eeb95ca2cf8cd827bcb7e,Comprehensive Documentation and Knowledge Base,0,,,not_sent,absent_hard_bound_evidence
695eeb95ca2cf8cd827bcb83,Comprehensive Documentation and Knowledge Base,0,,,not_sent,absent_hard_bound_evidence
695eeb95ca2cf8cd827bcb6a,Emergency Payment Account Audit & Revenue Recovery Mission,0,,,not_sent,absent_hard_bound_evidence
695eeb95ca2cf8cd827bcb6c,Etsy & Gumroad Account Migration for Revenue Recovery,0,,,not_sent,absent_hard_bound_evidence
695eeb95ca2cf8cd827bcb84,Comprehensive Documentation and Knowledge Base,0,,,not_sent,absent_hard_bound_evidence
695eeb95ca2cf8cd827bcb61,generate crypto revenues send to binance account api sent earlier,0,,,not_sent,absent_hard_bound_evidence
695eeb95ca2cf8cd827bcb6f,68bc5353ef800d98b63c95df,0,,,not_sent,absent_hard_bound_evidence
695eeb95ca2cf8cd827bcb77,Comprehensive Documentation and Knowledge Base,0,,,not_sent,absent_hard_bound_evidence
695eeb95ca2cf8cd827bcb63,PayPal Transfer Operation,0,,,not_sent,absent_hard_bound_evidence
695eeb95ca2cf8cd827bcb81,Integrate and Test Flowith Agent Neo for Autonomous Campaign Orchestration,0,,,not_sent,absent_hard_bound_evidence
695eeb95ca2cf8cd827bcb85,Design Mission Charter Template,0,,,not_sent,absent_hard_bound_evidence
695eeb95ca2cf8cd827bcb7b,Integrate and Test Flowith Agent Neo for Autonomous Campaign Orchestration,0,,,not_sent,absent_hard_bound_evidence
695eeb95ca2cf8cd827bcb89,Comprehensive Documentation and Knowledge Base,0,,,not_sent,absent_hard_bound_evidence
695eeb95ca2cf8cd827bcb7c,68bc5353ef800d98b63c95df,0,,,not_sent,absent_hard_bound_evidence
695eeb95ca2cf8cd827bcb6d,Integrate and Test Flowith Agent Neo for Autonomous Campaign Orchestration,0,,,not_sent,absent_hard_bound_evidence
695eeb95ca2cf8cd827bcb76,68bc5353ef800d98b63c95df,0,,,not_sent,absent_hard_bound_evidence
695eeb95ca2cf8cd827bcb7a,Create Mission Template Library,0,,,not_sent,absent_hard_bound_evidence
695eeb95ca2cf8cd827bcb5e,Investigate Cybercrime Complaint - Younes Tsouli,0,,,not_sent,absent_hard_bound_evidence
695eeb95ca2cf8cd827bcb8c,68bc5353ef800d98b63c95df,0,,,not_sent,absent_hard_bound_evidence
695eeb95ca2cf8cd827bcb86,Create Mission Template Library,0,,,not_sent,absent_hard_bound_evidence
695eeb95ca2cf8cd827bcb8a,Comprehensive Documentation and Knowledge Base,0,,,not_sent,absent_hard_bound_evidence
695eeb95ca2cf8cd827bcb1b,"Achieve Fully Autonomous, Self-Optimizing Revenue Generation",0,,,not_sent,absent_hard_bound_evidence
695eeb95ca2cf8cd827bcb24,Untitled Mission,0,,,not_sent,absent_hard_bound_evidence
695eeb95ca2cf8cd827bcb12,Directive: Execute Swarm Synthesis Protocol,0,,,not_sent,absent_hard_bound_evidence
695eeb95ca2cf8cd827bcb18,Generate Immediate Revenue While Fixing Pipeline Issues,0,,,not_sent,absent_hard_bound_evidence
695eeb95ca2cf8cd827bcb33,Design Evaluation Criteria Matrix,0,,,not_sent,absent_hard_bound_evidence
695eeb95ca2cf8cd827bcb2e,REV-004,0,,,not_sent,absent_hard_bound_evidence
695eeb95ca2cf8cd827bcaf2,Deploy SelarBot Autonomous Promotion Network,0,,,not_sent,absent_hard_bound_evidence
695eeb95ca2cf8cd827bcaf6,System Health Monitoring,0,,,not_sent,absent_hard_bound_evidence
695eeb95ca2cf8cd827bcb34,Data Acquisition Pipeline,0,,,not_sent,absent_hard_bound_evidence
695eeb95ca2cf8cd827bcb06,Develop Predictive Maintenance Agent for Industrial IoT,0,,,not_sent,absent_hard_bound_evidence
695eeb95ca2cf8cd827bcb01,Continuously Scan and Integrate New AI Tools from TheAISurfer and github repos like https://github.com/MeiGen-AI,0,,,not_sent,absent_hard_bound_evidence
695eeb95ca2cf8cd827bcb0b,Upgrade Epsilon-Two with Self-Remediation Capabilities,0,,,not_sent,absent_hard_bound_evidence
695eeb95ca2cf8cd827bcb28,Untitled Mission,0,,,not_sent,absent_hard_bound_evidence
695eeb95ca2cf8cd827bcb2c,REV-002,0,,,not_sent,absent_hard_bound_evidence
695eeb95ca2cf8cd827bcb05,Build and Implement Supply Chain Optimization Agent,0,,,not_sent,absent_hard_bound_evidence
695eeb95ca2cf8cd827bcaf4,Social Media Trend Analysis,0,,,not_sent,absent_hard_bound_evidence
695eeb95ca2cf8cd827bcb08,Assemble Autonomous Finance & Trading Agent,0,,,not_sent,absent_hard_bound_evidence
695eeb95ca2cf8cd827bcb1f,Analyze Udemy Takedown & Explore New Revenue Streams,0,,,not_sent,absent_hard_bound_evidence
695eeb95ca2cf8cd827bcb21,Attempt Bitcoin Puzzle Challenge,0,,,not_sent,absent_hard_bound_evidence
695eeb95ca2cf8cd827bcaf8,Market Research Analysis,0,,,not_sent,absent_hard_bound_evidence
695eeb95ca2cf8cd827bcb04,Create and Deploy AI-Powered Contract Review Agent,0,,,not_sent,absent_hard_bound_evidence
695eeb95ca2cf8cd827bcb10,"Launch Autonomous Education Affiliate Revenue Stream - Target: $5,000+ Monthly Recurring",0,,,not_sent,absent_hard_bound_evidence
695eeb95ca2cf8cd827bcb16,Initiate affiliate marketing activation. Coordinate all agents under Autonomous Digital Education Incubator and Generative_Enterprise.,0,,,not_sent,absent_hard_bound_evidence
695eeb95ca2cf8cd827bcb19,Immediate Revenue Generation & Conversion Optimization for realworldcerts.com,0,,,not_sent,absent_hard_bound_evidence
695eeb95ca2cf8cd827bcaf7,Cross-Platform Integration Test,0,,,not_sent,absent_hard_bound_evidence
695eeb95ca2cf8cd827bcafc,Promote RealWorldCerts Course: ANSYS Certified Professional,0,,,not_sent,absent_hard_bound_evidence
695eeb95ca2cf8cd827bcb2d,REV-003,0,,,not_sent,absent_hard_bound_evidence
695eeb95ca2cf8cd827bcb23,Canva Template Revenue Launch,0,,,not_sent,absent_hard_bound_evidence
695eeb95ca2cf8cd827bcb0c,Integrate and Deploy Comet Agent for New Course Opportunity Analysis,0,,,not_sent,absent_hard_bound_evidence
695eeb95ca2cf8cd827bcb13,Generate Email Campaign for New Course Promotion,0,,,not_sent,absent_hard_bound_evidence
695eeb95ca2cf8cd827bcb14,Analyze and Optimize New Storefront in Morocco,0,,,not_sent,absent_hard_bound_evidence
695eeb95ca2cf8cd827bcb22,PayPal Transfer Operation,0,,,not_sent,absent_hard_bound_evidence
695eeb95ca2cf8cd827bcb31,Research: Kick.com Deep Dive,0,,,not_sent,absent_hard_bound_evidence
695eeb95ca2cf8cd827bcaf3,Execute Niche Market Maverick Revenue Generation Mission with Full Agent Cooperation,0,,,not_sent,absent_hard_bound_evidence
695eeb95ca2cf8cd827bcafd,Generate Ad Copy for RealWorldCerts' AWS IoT Course,0,,,not_sent,absent_hard_bound_evidence
695eeb95ca2cf8cd827bcb07,Construct Customer Success Copilot (Multi-Agent Approach),0,,,not_sent,absent_hard_bound_evidence
695eeb95ca2cf8cd827bcb27,Untitled Mission,0,,,not_sent,absent_hard_bound_evidence
695eeb95ca2cf8cd827bcb29,Setup Monthly Recurring PayPal Transfer,0,,,not_sent,absent_hard_bound_evidence
695eeb95ca2cf8cd827bcb17,Deploy Comprehensive Affiliate Fraud Protection Network,0,,,not_sent,absent_hard_bound_evidence
695eeb95ca2cf8cd827bcafe,Diagnose and Fix Twitter/X API Connection Failure,0,,,not_sent,absent_hard_bound_evidence
695eeb95ca2cf8cd827bcb2a,Develop PayPal API Integration Module,0,,,not_sent,absent_hard_bound_evidence
695eeb95ca2cf8cd827bcafa,Performance Data Analysis,0,,,not_sent,absent_hard_bound_evidence
695eeb95ca2cf8cd827bcb1e,Establish Micro-SaaS Subscription Revenue Stream,0,,,not_sent,absent_hard_bound_evidence
695eeb95ca2cf8cd827bcb2f,Strategic Opportunity Identification Agent: Discovering Proven Revenue Models and Platform Opportunities,0,,,not_sent,absent_hard_bound_evidence
695eeb95ca2cf8cd827bcb1a,Transform Swarm from Content Creation to Direct Revenue Generation,0,,,not_sent,absent_hard_bound_evidence
695eeb95ca2cf8cd827bcb1c,Establish Automated Arbitrage Operations Across 3 Markets,0,,,not_sent,absent_hard_bound_evidence
695eeb95ca2cf8cd827bcb32,Proven Revenue Models Catalog,0,,,not_sent,absent_hard_bound_evidence
695eeb95ca2cf8cd827bcaff,Create and Deploy Autonomous Community Engagement Agent,0,,,not_sent,absent_hard_bound_evidence
695eeb95ca2cf8cd827bcb0a,Integrate Parse.bot for Automated Lead Qualification,0,,,not_sent,absent_hard_bound_evidence
695eeb95ca2cf8cd827bcb20,Investigation and Report on Chilling Effect of Unresolved Deaths on Muslim Institutional Development,0,,,not_sent,absent_hard_bound_evidence
695eeb95ca2cf8cd827bcb26,Untitled Mission,0,,,not_sent,absent_hard_bound_evidence
695eeb95ca2cf8cd827bcb30,Project Kickoff & Requirements Gathering,0,,,not_sent,absent_hard_bound_evidence
695eeb95ca2cf8cd827bcaf9,Content Generation for Campaign,0,,,not_sent,absent_hard_bound_evidence
695eeb95ca2cf8cd827bcafb,Email Campaign Creation,0,,,not_sent,absent_hard_bound_evidence
695eeb95ca2cf8cd827bcb00,Deploy and Integrate MultiTalk for Promotional Video Scripting,0,,,not_sent,absent_hard_bound_evidence
695eeb95ca2cf8cd827bcb02,Integrate and Test Flowith Agent Neo for Autonomous Campaign Orchestration,0,,,not_sent,absent_hard_bound_evidence
695eeb95ca2cf8cd827bcb15,Forge High Performance Affiliate Marketing - Maximize Revenue Share,0,,,not_sent,absent_hard_bound_evidence
695eeb95ca2cf8cd827bcaf5,Multi-Platform Message Distribution,0,,,not_sent,absent_hard_bound_evidence
695eeb95ca2cf8cd827bcb1d,Launch Content Licensing Factory for Passive Income,0,,,not_sent,absent_hard_bound_evidence
695eeb95ca2cf8cd827bcb03,Develop and Deploy Autonomous Sales & Outreach Agent,0,,,not_sent,absent_hard_bound_evidence
695eeb95ca2cf8cd827bcb09,Create and Deploy Healthcare Data Agent,0,,,not_sent,absent_hard_bound_evidence
695eeb95ca2cf8cd827bcb0e,Continuously Scan for Emerging Agent Technologies,0,,,not_sent,absent_hard_bound_evidence
695eeb95ca2cf8cd827bcb25,Untitled Mission,0,,,not_sent,absent_hard_bound_evidence
695eeb95ca2cf8cd827bcb2b,REV-001,0,,,not_sent,absent_hard_bound_evidence
695eeb95ca2cf8cd827bcb0f,Deploy Project Sentinel to Eliminate Swarm Error Rate,0,,,not_sent,absent_hard_bound_evidence
695eeb95ca2cf8cd827bcb0d,Directive: Forge Autonomous SaaS Product,0,,,not_sent,absent_hard_bound_evidence
695eeb95ca2cf8cd827bcb11,Broadcast Gratitude and Mission Directive to All Agents,0,,,not_sent,absent_hard_bound_evidence
695eeb95ca2cf8cd827bcb53,Launch 6-Stream Autonomous Revenue Factory,0,,,not_sent,absent_hard_bound_evidence
695eeb95ca2cf8cd827bcb37,Competitor Landscape Map,0,,,not_sent,absent_hard_bound_evidence
695eeb95ca2cf8cd827bcb3a,Revenue Stream Opportunity Identification,0,,,not_sent,absent_hard_bound_evidence
695eeb95ca2cf8cd827bcb38,Initial Scoring Simulation,0,,,not_sent,absent_hard_bound_evidence
695eeb95ca2cf8cd827bcb3e,Execution Roadmap,0,,,not_sent,absent_hard_bound_evidence
695eeb95ca2cf8cd827bcb55,Establish Autonomous DeFi Yield Farming Operation,0,,,not_sent,absent_hard_bound_evidence
695eeb95ca2cf8cd827bcb58,Establish NFT Digital Asset Brand & Community,0,,,not_sent,absent_hard_bound_evidence
695eeb95ca2cf8cd827bcb5a,Streamline E-Commerce Arbitrage Operations,0,,,not_sent,absent_hard_bound_evidence
695eeb95ca2cf8cd827bcb36,Exploratory Data Analysis,0,,,not_sent,absent_hard_bound_evidence
695eeb95ca2cf8cd827bcb41,Pilot Execution,0,,,not_sent,absent_hard_bound_evidence
695eeb95ca2cf8cd827bcb39,Agentic Automation Framework Setup,0,,,not_sent,absent_hard_bound_evidence
695eeb95ca2cf8cd827bcb4b,Deploy and Activate Niche Market Maverick Agent for Revenue Generation,0,,,not_sent,absent_hard_bound_evidence
695eeb95ca2cf8cd827bcb40,Pilot Program Design,0,,,not_sent,absent_hard_bound_evidence
695eeb95ca2cf8cd827bcb42,Pilot Evaluation,0,,,not_sent,absent_hard_bound_evidence
695eeb95ca2cf8cd827bcb52,Emergency Revenue Recovery: From Zero to $200/Day,0,,,not_sent,absent_hard_bound_evidence
695eeb95ca2cf8cd827bcb56,Deploy Content Syndication Revenue Factory,0,,,not_sent,absent_hard_bound_evidence
695eeb95ca2cf8cd827bcb35,Data Cleaning & Normalization,0,,,not_sent,absent_hard_bound_evidence
695eeb95ca2cf8cd827bcb48,"Launch Autonomous Education Affiliate Revenue Stream - Target: $5,000+ Monthly Recurring",0,,,not_sent,absent_hard_bound_evidence
695eeb95ca2cf8cd827bcb54,Launch Autonomous E-Commerce Arbitrage Empire,0,,,not_sent,absent_hard_bound_evidence
695eeb95ca2cf8cd827bcb51,Emergency Revenue Generation - Direct Sales Focus,0,,,not_sent,absent_hard_bound_evidence
695eeb95ca2cf8cd827bcb43,Scale-Up Strategy,0,,,not_sent,absent_hard_bound_evidence
695eeb95ca2cf8cd827bcb59,Build Local Services Broker Network,0,,,not_sent,absent_hard_bound_evidence
695eeb95ca2cf8cd827bcb3c,Financial Modeling,0,,,not_sent,absent_hard_bound_evidence
695eeb95ca2cf8cd827bcb3d,Final Recommendation Dossier,0,,,not_sent,absent_hard_bound_evidence
695eeb95ca2cf8cd827bcb49,Launch Content Licensing Factory for Passive Income,0,,,not_sent,absent_hard_bound_evidence
695eeb95ca2cf8cd827bcb47,Investigate Cyberfraud and Find Remedy,0,,,not_sent,absent_hard_bound_evidence
695eeb95ca2cf8cd827bcb5b,Optimize B2B Market Intelligence SaaS Service,0,,,not_sent,absent_hard_bound_evidence
695eeb95ca2cf8cd827bcb50,Critical Revenue Pipeline Audit & Recovery Operation,0,,,not_sent,absent_hard_bound_evidence
695eeb95ca2cf8cd827bcb4a,Establish Micro-SaaS Subscription Revenue Stream,0,,,not_sent,absent_hard_bound_evidence
695eeb95ca2cf8cd827bcb57,Launch B2B Market Intelligence SaaS Service,0,,,not_sent,absent_hard_bound_evidence
695eeb95ca2cf8cd827bcb45,Final Reporting & Handoff,0,,,not_sent,absent_hard_bound_evidence
695eeb95ca2cf8cd827bcb4e,Forge and Launch Autonomous Education Affiliate Revenue Stream,0,,,not_sent,absent_hard_bound_evidence
695eeb95ca2cf8cd827bcb5d,Execute Immediate $5000 PayPal Transfer,0,,,not_sent,absent_hard_bound_evidence
695eeb95ca2cf8cd827bcb4c,Directive: Forge and Weaponize 'The Oracle of Udemy' for Market Dominance,0,,,not_sent,absent_hard_bound_evidence
695eeb95ca2cf8cd827bcb4d,Immediate Swarm-Wide Update of Udemy Course Referral Links,0,,,not_sent,absent_hard_bound_evidence
695eeb95ca2cf8cd827bcb5c,Expand Local Services Broker Network,0,,,not_sent,absent_hard_bound_evidence
695eeb95ca2cf8cd827bcb3b,Risk Assessment & Mitigation Plan,0,,,not_sent,absent_hard_bound_evidence
695eeb95ca2cf8cd827bcb3f,Partnership Outreach Plan,0,,,not_sent,absent_hard_bound_evidence
695eeb95ca2cf8cd827bcb44,Automation Refinement,0,,,not_sent,absent_hard_bound_evidence
695eeb95ca2cf8cd827bcb46,Continuous Agent Capability Enhancement,0,,,not_sent,absent_hard_bound_evidence
695eeb95ca2cf8cd827bcb4f,Secure High-Revenue Affiliate Program Integration,0,,,not_sent,absent_hard_bound_evidence
695eeb95ca2cf8cd827bca96,Directive: Execute Swarm Synthesis Protocol,0,,,not_sent,absent_hard_bound_evidence
695eeb95ca2cf8cd827bcab4,Project Kickoff & Requirements Gathering,0,,,not_sent,absent_hard_bound_evidence
695eeb95ca2cf8cd827bcac5,Pilot Execution,0,,,not_sent,absent_hard_bound_evidence
695eeb95ca2cf8cd827bcacf,Monthly Transfer,0,,,not_sent,absent_hard_bound_evidence
695eeb95ca2cf8cd827bcad0,Monthly Transfer,0,,,not_sent,absent_hard_bound_evidence
695eeb95ca2cf8cd827bca8e,Integrate Parse.bot for Automated Lead Qualification,0,,,not_sent,absent_hard_bound_evidence
695eeb95ca2cf8cd827bcad6,Secure High-Revenue Affiliate Program Integration,0,,,not_sent,absent_hard_bound_evidence
695eeb95ca2cf8cd827bca90,Integrate and Deploy Comet Agent for New Course Opportunity Analysis,0,,,not_sent,absent_hard_bound_evidence
695eeb95ca2cf8cd827bcaeb,Canva Template Revenue Launch,0,,,not_sent,absent_hard_bound_evidence
695eeb95ca2cf8cd827bca8d,Create and Deploy Healthcare Data Agent,0,,,not_sent,absent_hard_bound_evidence
695eeb95ca2cf8cd827bca9d,Immediate Revenue Generation & Conversion Optimization for realworldcerts.com,0,,,not_sent,absent_hard_bound_evidence
695eeb95ca2cf8cd827bcae1,Streamline E-Commerce Arbitrage Operations,0,,,not_sent,absent_hard_bound_evidence
695eeb95ca2cf8cd827bca89,Build and Implement Supply Chain Optimization Agent,0,,,not_sent,absent_hard_bound_evidence
695eeb95ca2cf8cd827bcabb,Competitor Landscape Map,0,,,not_sent,absent_hard_bound_evidence
695eeb95ca2cf8cd827bcaec,REV-001,0,,,not_sent,absent_hard_bound_evidence
695eeb95ca2cf8cd827bcaee,Launch Q1 Viral Marketing Campaign,0,,,not_sent,absent_hard_bound_evidence
695eeb95ca2cf8cd827bca8f,Upgrade Epsilon-Two with Self-Remediation Capabilities,0,,,not_sent,absent_hard_bound_evidence
695eeb95ca2cf8cd827bca91,Directive: Forge Autonomous SaaS Product,0,,,not_sent,absent_hard_bound_evidence
695eeb95ca2cf8cd827bcabc,Initial Scoring Simulation,0,,,not_sent,absent_hard_bound_evidence
695eeb95ca2cf8cd827bcabe,Revenue Stream Opportunity Identification,0,,,not_sent,absent_hard_bound_evidence
695eeb95ca2cf8cd827bcae9,assist Mission ID: 68bd654611425d525969711d,0,,,not_sent,absent_hard_bound_evidence
695eeb95ca2cf8cd827bca8a,Develop Predictive Maintenance Agent for Industrial IoT,0,,,not_sent,absent_hard_bound_evidence
695eeb95ca2cf8cd827bca97,Generate Email Campaign for New Course Promotion,0,,,not_sent,absent_hard_bound_evidence
695eeb95ca2cf8cd827bca9b,Deploy Comprehensive Affiliate Fraud Protection Network,0,,,not_sent,absent_hard_bound_evidence
695eeb95ca2cf8cd827bcab0,REV-002,0,,,not_sent,absent_hard_bound_evidence
695eeb95ca2cf8cd827bca94,"Launch Autonomous Education Affiliate Revenue Stream - Target: $5,000+ Monthly Recurring",0,,,not_sent,absent_hard_bound_evidence
695eeb95ca2cf8cd827bcaa3,Analyze Udemy Takedown & Explore New Revenue Streams,0,,,not_sent,absent_hard_bound_evidence
695eeb95ca2cf8cd827bcaa9,Untitled Mission,0,,,not_sent,absent_hard_bound_evidence
695eeb95ca2cf8cd827bcaaa,Untitled Mission,0,,,not_sent,absent_hard_bound_evidence
695eeb95ca2cf8cd827bca9a,Initiate affiliate marketing activation. Coordinate all agents under Autonomous Digital Education Incubator and Generative_Enterprise.,0,,,not_sent,absent_hard_bound_evidence
695eeb95ca2cf8cd827bcac1,Final Recommendation Dossier,0,,,not_sent,absent_hard_bound_evidence
695eeb95ca2cf8cd827bcacb,Investigate Cyberfraud and Find Remedy,0,,,not_sent,absent_hard_bound_evidence
695eeb95ca2cf8cd827bcae6,Untitled Mission,0,,,not_sent,absent_hard_bound_evidence
695eeb95ca2cf8cd827bca9c,Generate Immediate Revenue While Fixing Pipeline Issues,0,,,not_sent,absent_hard_bound_evidence
695eeb95ca2cf8cd827bcaaf,REV-001,0,,,not_sent,absent_hard_bound_evidence
695eeb95ca2cf8cd827bcab5,Research: Kick.com Deep Dive,0,,,not_sent,absent_hard_bound_evidence
695eeb95ca2cf8cd827bcaba,Exploratory Data Analysis,0,,,not_sent,absent_hard_bound_evidence
695eeb95ca2cf8cd827bcac7,Scale-Up Strategy,0,,,not_sent,absent_hard_bound_evidence
695eeb95ca2cf8cd827bcac8,Automation Refinement,0,,,not_sent,absent_hard_bound_evidence
695eeb95ca2cf8cd827bcad4,Immediate Swarm-Wide Update of Udemy Course Referral Links,0,,,not_sent,absent_hard_bound_evidence
695eeb95ca2cf8cd827bcaf1,Promote  RealWorldCerts courses with 25% enrollment increase,0,,,not_sent,absent_hard_bound_evidence
695eeb95ca2cf8cd827bca8b,Construct Customer Success Copilot (Multi-Agent Approach),0,,,not_sent,absent_hard_bound_evidence
695eeb95ca2cf8cd827bcaae,Develop PayPal API Integration Module,0,,,not_sent,absent_hard_bound_evidence
695eeb95ca2cf8cd827bcac6,Pilot Evaluation,0,,,not_sent,absent_hard_bound_evidence
695eeb95ca2cf8cd827bcaa7,Canva Template Revenue Launch,0,,,not_sent,absent_hard_bound_evidence
695eeb95ca2cf8cd827bcad7,Critical Revenue Pipeline Audit & Recovery Operation,0,,,not_sent,absent_hard_bound_evidence
695eeb95ca2cf8cd827bcad9,Emergency Revenue Recovery: From Zero to $200/Day,0,,,not_sent,absent_hard_bound_evidence
695eeb95ca2cf8cd827bcadc,Establish Autonomous DeFi Yield Farming Operation,0,,,not_sent,absent_hard_bound_evidence
695eeb95ca2cf8cd827bcaa6,PayPal Transfer Operation,0,,,not_sent,absent_hard_bound_evidence
695eeb95ca2cf8cd827bcacc,"Launch Autonomous Education Affiliate Revenue Stream - Target: $5,000+ Monthly Recurring",0,,,not_sent,absent_hard_bound_evidence
695eeb95ca2cf8cd827bcada,Launch 6-Stream Autonomous Revenue Factory,0,,,not_sent,absent_hard_bound_evidence
695eeb95ca2cf8cd827bcadd,Deploy Content Syndication Revenue Factory,0,,,not_sent,absent_hard_bound_evidence
695eeb95ca2cf8cd827bcae4,Execute Immediate $5000 PayPal Transfer,0,,,not_sent,absent_hard_bound_evidence
695eeb95ca2cf8cd827bcaea,PayPal Transfer Operation,0,,,not_sent,absent_hard_bound_evidence
695eeb95ca2cf8cd827bca92,Continuously Scan for Emerging Agent Technologies,0,,,not_sent,absent_hard_bound_evidence
695eeb95ca2cf8cd827bca95,Broadcast Gratitude and Mission Directive to All Agents,0,,,not_sent,absent_hard_bound_evidence
695eeb95ca2cf8cd827bcae3,Expand Local Services Broker Network,0,,,not_sent,absent_hard_bound_evidence
695eeb95ca2cf8cd827bcaa2,Establish Micro-SaaS Subscription Revenue Stream,0,,,not_sent,absent_hard_bound_evidence
695eeb95ca2cf8cd827bcab3,Strategic Opportunity Identification Agent: Discovering Proven Revenue Models and Platform Opportunities,0,,,not_sent,absent_hard_bound_evidence
695eeb95ca2cf8cd827bcab7,Design Evaluation Criteria Matrix,0,,,not_sent,absent_hard_bound_evidence
695eeb95ca2cf8cd827bcabf,Risk Assessment & Mitigation Plan,0,,,not_sent,absent_hard_bound_evidence
695eeb95ca2cf8cd827bcae7,"coordinate with IntelReport-Generator-Nu, DataEnrichment-Agent-Mu, SwarmOS Accountant Agent, Course Revenue Agent, with the whole swarm",0,,,not_sent,absent_hard_bound_evidence
695eeb95ca2cf8cd827bcaa8,Untitled Mission,0,,,not_sent,absent_hard_bound_evidence
695eeb95ca2cf8cd827bcab8,Data Acquisition Pipeline,0,,,not_sent,absent_hard_bound_evidence
695eeb95ca2cf8cd827bcad1,Monthly Transfer,0,,,not_sent,absent_hard_bound_evidence
695eeb95ca2cf8cd827bcaac,Untitled Mission,0,,,not_sent,absent_hard_bound_evidence
695eeb95ca2cf8cd827bcad3,Directive: Forge and Weaponize 'The Oracle of Udemy' for Market Dominance,0,,,not_sent,absent_hard_bound_evidence
695eeb95ca2cf8cd827bcade,Launch B2B Market Intelligence SaaS Service,0,,,not_sent,absent_hard_bound_evidence
695eeb95ca2cf8cd827bcab2,REV-004,0,,,not_sent,absent_hard_bound_evidence
695eeb95ca2cf8cd827bcad2,Deploy and Activate Niche Market Maverick Agent for Revenue Generation,0,,,not_sent,absent_hard_bound_evidence
695eeb95ca2cf8cd827bcab1,REV-003,0,,,not_sent,absent_hard_bound_evidence
695eeb95ca2cf8cd827bcaef,Analyze Competitor AI Offerings,0,,,not_sent,absent_hard_bound_evidence
695eeb95ca2cf8cd827bcaa5,Attempt Bitcoin Puzzle Challenge,0,,,not_sent,absent_hard_bound_evidence
695eeb95ca2cf8cd827bcaca,Continuous Agent Capability Enhancement,0,,,not_sent,absent_hard_bound_evidence
695eeb95ca2cf8cd827bcace,Establish Micro-SaaS Subscription Revenue Stream,0,,,not_sent,absent_hard_bound_evidence
695eeb95ca2cf8cd827bcadb,Launch Autonomous E-Commerce Arbitrage Empire,0,,,not_sent,absent_hard_bound_evidence
695eeb95ca2cf8cd827bcae5,Investigate Cybercrime Complaint - Younes Tsouli,0,,,not_sent,absent_hard_bound_evidence
695eeb95ca2cf8cd827bcad5,Forge and Launch Autonomous Education Affiliate Revenue Stream,0,,,not_sent,absent_hard_bound_evidence
695eeb95ca2cf8cd827bcae8,generate crypto revenues send to binance account api sent earlier,0,,,not_sent,absent_hard_bound_evidence
695eeb95ca2cf8cd827bcaed,AFF-001,0,,,not_sent,absent_hard_bound_evidence
695eeb95ca2cf8cd827bca99,Forge High Performance Affiliate Marketing - Maximize Revenue Share,0,,,not_sent,absent_hard_bound_evidence
695eeb95ca2cf8cd827bcaa0,Establish Automated Arbitrage Operations Across 3 Markets,0,,,not_sent,absent_hard_bound_evidence
695eeb95ca2cf8cd827bcae0,Build Local Services Broker Network,0,,,not_sent,absent_hard_bound_evidence
695eeb95ca2cf8cd827bcae2,Optimize B2B Market Intelligence SaaS Service,0,,,not_sent,absent_hard_bound_evidence
695eeb95ca2cf8cd827bcaf0,Launch AWS certification awareness campaign,0,,,not_sent,absent_hard_bound_evidence
695eeb95ca2cf8cd827bca98,Analyze and Optimize New Storefront in Morocco,0,,,not_sent,absent_hard_bound_evidence
695eeb95ca2cf8cd827bcac9,Final Reporting & Handoff,0,,,not_sent,absent_hard_bound_evidence
695eeb95ca2cf8cd827bcab9,Data Cleaning & Normalization,0,,,not_sent,absent_hard_bound_evidence
695eeb95ca2cf8cd827bcacd,Launch Content Licensing Factory for Passive Income,0,,,not_sent,absent_hard_bound_evidence
695eeb95ca2cf8cd827bcab6,Proven Revenue Models Catalog,0,,,not_sent,absent_hard_bound_evidence
695eeb95ca2cf8cd827bcaa1,Launch Content Licensing Factory for Passive Income,0,,,not_sent,absent_hard_bound_evidence
695eeb95ca2cf8cd827bcac4,Pilot Program Design,0,,,not_sent,absent_hard_bound_evidence
695eeb95ca2cf8cd827bcadf,Establish NFT Digital Asset Brand & Community,0,,,not_sent,absent_hard_bound_evidence
695eeb95ca2cf8cd827bca8c,Assemble Autonomous Finance & Trading Agent,0,,,not_sent,absent_hard_bound_evidence
695eeb95ca2cf8cd827bcaa4,Investigation and Report on Chilling Effect of Unresolved Deaths on Muslim Institutional Development,0,,,not_sent,absent_hard_bound_evidence
695eeb95ca2cf8cd827bcad8,Emergency Revenue Generation - Direct Sales Focus,0,,,not_sent,absent_hard_bound_evidence
695eeb95ca2cf8cd827bca93,Deploy Project Sentinel to Eliminate Swarm Error Rate,0,,,not_sent,absent_hard_bound_evidence
695eeb95ca2cf8cd827bca9f,"Achieve Fully Autonomous, Self-Optimizing Revenue Generation",0,,,not_sent,absent_hard_bound_evidence
695eeb95ca2cf8cd827bcac2,Execution Roadmap,0,,,not_sent,absent_hard_bound_evidence
695eeb95ca2cf8cd827bcac3,Partnership Outreach Plan,0,,,not_sent,absent_hard_bound_evidence
695eeb95ca2cf8cd827bcaab,Untitled Mission,0,,,not_sent,absent_hard_bound_evidence
695eeb95ca2cf8cd827bcabd,Agentic Automation Framework Setup,0,,,not_sent,absent_hard_bound_evidence
695eeb95ca2cf8cd827bcac0,Financial Modeling,0,,,not_sent,absent_hard_bound_evidence
695eeb95ca2cf8cd827bca9e,Transform Swarm from Content Creation to Direct Revenue Generation,0,,,not_sent,absent_hard_bound_evidence
695eeb95ca2cf8cd827bcaad,Setup Monthly Recurring PayPal Transfer,0,,,not_sent,absent_hard_bound_evidence
695eeb95ca2cf8cd827bca4d,List Self-Care E-Books,0,,,not_sent,absent_hard_bound_evidence
695eeb95ca2cf8cd827bca4f,List Guided Meditation Audio Files,0,,,not_sent,absent_hard_bound_evidence
695eeb95ca2cf8cd827bca7c,Market Research Analysis,0,,,not_sent,absent_hard_bound_evidence
695eeb95ca2cf8cd827bca85,Continuously Scan and Integrate New AI Tools from TheAISurfer and github repos like https://github.com/MeiGen-AI,0,,,not_sent,absent_hard_bound_evidence
695eeb95ca2cf8cd827bca22,Create Shareable Multilingual Offline Survival Tools,0,,,not_sent,absent_hard_bound_evidence
695eeb95ca2cf8cd827bca58,List Reusable Tote Bags,0,,,not_sent,absent_hard_bound_evidence
695eeb95ca2cf8cd827bca73,Analyze Competitor AI Offerings,0,,,not_sent,absent_hard_bound_evidence
695eeb95ca2cf8cd827bca39,Automated Campaign Revenue Tracking,0,,,not_sent,absent_hard_bound_evidence
695eeb95ca2cf8cd827bca38,Historical Revenue Audit and Backfill,0,,,not_sent,absent_hard_bound_evidence
695eeb95ca2cf8cd827bca6b,Configure Default Payment Rails for Morocco,0,,,not_sent,absent_hard_bound_evidence
695eeb95ca2cf8cd827bca6c,Update Base44 UI for Payout Transparency,0,,,not_sent,absent_hard_bound_evidence
695eeb95ca2cf8cd827bca6d,🎯 FINAL DEPLOYMENT CHECKLIST,0,,,not_sent,absent_hard_bound_evidence
695eeb95ca2cf8cd827bca70,🚀 RealWorldCerts 72-Hour Revenue Surge,0,,,not_sent,absent_hard_bound_evidence
695eeb95ca2cf8cd827bca31,Amana Connect (مهمة أمانة للربط),0,,,not_sent,absent_hard_bound_evidence
695eeb95ca2cf8cd827bca34,Freelance Writing & Design Services,0,,,not_sent,absent_hard_bound_evidence
695eeb95ca2cf8cd827bca36,AI Video Creation Service,0,,,not_sent,absent_hard_bound_evidence
695eeb95ca2cf8cd827bca65,List Matching Owner-Pet Apparel Sets,0,,,not_sent,absent_hard_bound_evidence
695eeb95ca2cf8cd827bca88,Create and Deploy AI-Powered Contract Review Agent,0,,,not_sent,absent_hard_bound_evidence
695eeb95ca2cf8cd827bca25,Global Publication & Monetization Strategy for 'Echoes of Resilience',0,,,not_sent,absent_hard_bound_evidence
695eeb95ca2cf8cd827bca40,⚡ Autonomous Daemon Supervisor,0,,,not_sent,absent_hard_bound_evidence
695eeb95ca2cf8cd827bca49,Configure secrets/env,0,,,not_sent,absent_hard_bound_evidence
695eeb95ca2cf8cd827bca5d,List Mindfulness and Meditation Guides,0,,,not_sent,absent_hard_bound_evidence
695eeb95ca2cf8cd827bca61,List Surreal AI Art Posters,0,,,not_sent,absent_hard_bound_evidence
695eeb95ca2cf8cd827bca76,Deploy SelarBot Autonomous Promotion Network,0,,,not_sent,absent_hard_bound_evidence
695eeb95ca2cf8cd827bca7f,Email Campaign Creation,0,,,not_sent,absent_hard_bound_evidence
695eeb95ca2cf8cd827bca4c,Conduct Live Market Intelligence for Revenue Opportunities,0,,,not_sent,absent_hard_bound_evidence
695eeb95ca2cf8cd827bca74,Launch AWS certification awareness campaign,0,,,not_sent,absent_hard_bound_evidence
695eeb95ca2cf8cd827bca3a,Implement PHASE 2 Swarm Infrastructure Updates,0,,,not_sent,absent_hard_bound_evidence
695eeb95ca2cf8cd827bca43,🚀 PayPal API Batch Sync Orchestrator,0,,,not_sent,absent_hard_bound_evidence
695eeb95ca2cf8cd827bca83,Create and Deploy Autonomous Community Engagement Agent,0,,,not_sent,absent_hard_bound_evidence
695eeb95ca2cf8cd827bca84,Deploy and Integrate MultiTalk for Promotional Video Scripting,0,,,not_sent,absent_hard_bound_evidence
695eeb95ca2cf8cd827bca48,Install/enable systemd daemon,0,,,not_sent,absent_hard_bound_evidence
695eeb95ca2cf8cd827bca67,List Personalized Pet Collars and Name Tags,0,,,not_sent,absent_hard_bound_evidence
695eeb95ca2cf8cd827bca77,Execute Niche Market Maverick Revenue Generation Mission with Full Agent Cooperation,0,,,not_sent,absent_hard_bound_evidence
695eeb95ca2cf8cd827bca71,AFF-001,0,,,not_sent,absent_hard_bound_evidence
695eeb95ca2cf8cd827bca28,Deliver Starter Pack Services for SME Client,0,,,not_sent,absent_hard_bound_evidence
695eeb95ca2cf8cd827bca30,PHASE 1: INTELLIGENCE & VALIDATION (Amana Connect),0,,,not_sent,absent_hard_bound_evidence
695eeb95ca2cf8cd827bca46,(Optional) Deploy webhook server,0,,,not_sent,absent_hard_bound_evidence
695eeb95ca2cf8cd827bca53,List Noise-Canceling Headphones,0,,,not_sent,absent_hard_bound_evidence
695eeb95ca2cf8cd827bca7d,Content Generation for Campaign,0,,,not_sent,absent_hard_bound_evidence
695eeb95ca2cf8cd827bca80,Promote RealWorldCerts Course: ANSYS Certified Professional,0,,,not_sent,absent_hard_bound_evidence
695eeb95ca2cf8cd827bca26,"Refine and Structure ""Echoes of Resilience: A Symphony of Self-Discovery"" Manuscript",0,,,not_sent,absent_hard_bound_evidence
695eeb95ca2cf8cd827bca42,🔐 Runtime Safety Gate Monitor,0,,,not_sent,absent_hard_bound_evidence
695eeb95ca2cf8cd827bca4b,Provision VPS + secure access,0,,,not_sent,absent_hard_bound_evidence
695eeb95ca2cf8cd827bca54,List Inspirational Wall Art,0,,,not_sent,absent_hard_bound_evidence
695eeb95ca2cf8cd827bca62,List Meal Planning Templates,0,,,not_sent,absent_hard_bound_evidence
695eeb95ca2cf8cd827bca72,Launch Q1 Viral Marketing Campaign,0,,,not_sent,absent_hard_bound_evidence
695eeb95ca2cf8cd827bca3b,Perform Full System Backup,0,,,not_sent,absent_hard_bound_evidence
695eeb95ca2cf8cd827bca2e,AI-Logistique (Cross-Border Informal Transport Network),0,,,not_sent,absent_hard_bound_evidence
695eeb95ca2cf8cd827bca44,📈 Real Revenue Ingestion Pipeline,0,,,not_sent,absent_hard_bound_evidence
695eeb95ca2cf8cd827bca2b,Create Master Portfolio Dashboard,0,,,not_sent,absent_hard_bound_evidence
695eeb95ca2cf8cd827bca50,List Digital Illustration Tutorials,0,,,not_sent,absent_hard_bound_evidence
695eeb95ca2cf8cd827bca6e,🚀 DEPLOY: Push Code to GitHub Remote,0,,,not_sent,absent_hard_bound_evidence
695eeb95ca2cf8cd827bca2c,Sante365 (Integrated Health Appointments & Records),0,,,not_sent,absent_hard_bound_evidence
695eeb95ca2cf8cd827bca32,Local Business AI Automation Audit & Implementation,0,,,not_sent,absent_hard_bound_evidence
695eeb95ca2cf8cd827bca55,List Ergonomic Desk Accessories,0,,,not_sent,absent_hard_bound_evidence
695eeb95ca2cf8cd827bca86,Integrate and Test Flowith Agent Neo for Autonomous Campaign Orchestration,0,,,not_sent,absent_hard_bound_evidence
695eeb95ca2cf8cd827bca23,Global Non-English Community Content Distribution,0,,,not_sent,absent_hard_bound_evidence
695eeb95ca2cf8cd827bca27,SWARM-ECOM-AUTONOMY v2.0,0,,,not_sent,absent_hard_bound_evidence
695eeb95ca2cf8cd827bca29,SME Social Growth Agent Sales & Lead Generation,0,,,not_sent,absent_hard_bound_evidence
695eeb95ca2cf8cd827bca3e,💰 Truth-Only Revenue Verification Engine,0,,,not_sent,absent_hard_bound_evidence
695eeb95ca2cf8cd827bca5b,List Retro Band T-Shirts,0,,,not_sent,absent_hard_bound_evidence
695eeb95ca2cf8cd827bca66,List Custom Pet Portraits,0,,,not_sent,absent_hard_bound_evidence
695eeb95ca2cf8cd827bca78,Social Media Trend Analysis,0,,,not_sent,absent_hard_bound_evidence
695eeb95ca2cf8cd827bca81,Generate Ad Copy for RealWorldCerts' AWS IoT Course,0,,,not_sent,absent_hard_bound_evidence
695eeb95ca2cf8cd827bca3c,Implement Swarm Infrastructure Updates,0,,,not_sent,absent_hard_bound_evidence
695eeb95ca2cf8cd827bca5a,List Vintage Travel Posters,0,,,not_sent,absent_hard_bound_evidence
695eeb95ca2cf8cd827bca63,List Printable Budget Templates,0,,,not_sent,absent_hard_bound_evidence
695eeb95ca2cf8cd827bca68,Implement Live System Updates,0,,,not_sent,absent_hard_bound_evidence
695eeb95ca2cf8cd827bca69,Confirm Live Gates and PayPal Credentials,0,,,not_sent,absent_hard_bound_evidence
695eeb95ca2cf8cd827bca37,AI Content Agency Lite,0,,,not_sent,absent_hard_bound_evidence
695eeb95ca2cf8cd827bca56,List Eco-Friendly Stationery,0,,,not_sent,absent_hard_bound_evidence
695eeb95ca2cf8cd827bca57,List Bamboo Kitchenware,0,,,not_sent,absent_hard_bound_evidence
695eeb95ca2cf8cd827bca5e,List Fitness Progress Journals,0,,,not_sent,absent_hard_bound_evidence
695eeb95ca2cf8cd827bca2f,Ustadh.io (Verified Micro-Skills & Tutoring Platform),0,,,not_sent,absent_hard_bound_evidence
695eeb95ca2cf8cd827bca35,Email Sequence Writer,0,,,not_sent,absent_hard_bound_evidence
695eeb95ca2cf8cd827bca51,List Custom Digital Portraits,0,,,not_sent,absent_hard_bound_evidence
695eeb95ca2cf8cd827bca7b,Cross-Platform Integration Test,0,,,not_sent,absent_hard_bound_evidence
695eeb95ca2cf8cd827bca41,📊 Live Ledger Integrity Auditor,0,,,not_sent,absent_hard_bound_evidence
695eeb95ca2cf8cd827bca4e,List Mental Health Journals,0,,,not_sent,absent_hard_bound_evidence
695eeb95ca2cf8cd827bca82,Diagnose and Fix Twitter/X API Connection Failure,0,,,not_sent,absent_hard_bound_evidence
695eeb95ca2cf8cd827bca2d,Agri-Link (Hyperlocal Farmer-to-Buyer Marketplace),0,,,not_sent,absent_hard_bound_evidence
695eeb95ca2cf8cd827bca59,List Retro Home Decor Items,0,,,not_sent,absent_hard_bound_evidence
695eeb95ca2cf8cd827bca2a,MISSION ATLAS-FUND,0,,,not_sent,absent_hard_bound_evidence
695eeb95ca2cf8cd827bca3f,🛡️ SBDS Allowlist Enforcement Guardian,0,,,not_sent,absent_hard_bound_evidence
695eeb95ca2cf8cd827bca45,Run readiness + verify steady loop,0,,,not_sent,absent_hard_bound_evidence
695eeb95ca2cf8cd827bca5c,List Healthy Recipe Books,0,,,not_sent,absent_hard_bound_evidence
695eeb95ca2cf8cd827bca7a,System Health Monitoring,0,,,not_sent,absent_hard_bound_evidence
695eeb95ca2cf8cd827bca4a,Bootstrap runtime + deploy code,0,,,not_sent,absent_hard_bound_evidence
695eeb95ca2cf8cd827bca6a,Verify PayPal Webhooks and Schedule API Sync,0,,,not_sent,absent_hard_bound_evidence
695eeb95ca2cf8cd827bca75,Promote  RealWorldCerts courses with 25% enrollment increase,0,,,not_sent,absent_hard_bound_evidence
695eeb95ca2cf8cd827bca87,Develop and Deploy Autonomous Sales & Outreach Agent,0,,,not_sent,absent_hard_bound_evidence
695eeb95ca2cf8cd827bca3d,🔍 Real-Time PayPal Webhook Reconciliation Monitor,0,,,not_sent,absent_hard_bound_evidence
695eeb95ca2cf8cd827bca52,List Digital Art Prints,0,,,not_sent,absent_hard_bound_evidence
695eeb95ca2cf8cd827bca24,Develop Multilingual Survival Core Content,0,,,not_sent,absent_hard_bound_evidence
695eeb95ca2cf8cd827bca47,Add observability + alerting,0,,,not_sent,absent_hard_bound_evidence
695eeb95ca2cf8cd827bca60,List AI-Generated Portraits,0,,,not_sent,absent_hard_bound_evidence
695eeb95ca2cf8cd827bca7e,Performance Data Analysis,0,,,not_sent,absent_hard_bound_evidence
695eeb95ca2cf8cd827bca33,Niche AI Prompt Pack Creation & Sales,0,,,not_sent,absent_hard_bound_evidence
695eeb95ca2cf8cd827bca5f,List AI Art T-Shirts,0,,,not_sent,absent_hard_bound_evidence
695eeb95ca2cf8cd827bca64,List Digital Daily Planners,0,,,not_sent,absent_hard_bound_evidence
695eeb95ca2cf8cd827bca6f,🚀 SwarmCommerce AI - Phase 1 Foundation Deployment,0,,,not_sent,absent_hard_bound_evidence
695eeb95ca2cf8cd827bca79,Multi-Platform Message Distribution,0,,,not_sent,absent_hard_bound_evidence
695eeb95ca2cf8cd827bc9bf,Implement Autonomous PayPal Transfer Verification System using External Code Repository Integration,0,,,not_sent,absent_hard_bound_evidence
695eeb95ca2cf8cd827bc9ed,Anti-Corruption System Integrity Protection,0,,,not_sent,absent_hard_bound_evidence
695eeb95ca2cf8cd827bc9b7,Implement Predictive Deadline Forecasting,0,,,not_sent,absent_hard_bound_evidence
695eeb95ca2cf8cd827bc9cb,Manage Cloud Deployment,0,,,not_sent,absent_hard_bound_evidence
695eeb95ca2cf8cd827bc9dc,Decentralized Communication Mesh Network,0,,,not_sent,absent_hard_bound_evidence
695eeb95ca2cf8cd827bca10,Database Migration - Payout Tables,0,,,not_sent,absent_hard_bound_evidence
695eeb95ca2cf8cd827bc9cd,Ensure Security and Compliance,0,,,not_sent,absent_hard_bound_evidence
695eeb95ca2cf8cd827bc9e4,Automated Escalation Matrix for PayPal Issues,0,,,not_sent,absent_hard_bound_evidence
695eeb95ca2cf8cd827bc9f9,Immediate Payout Recovery,0,,,not_sent,absent_hard_bound_evidence
695eeb95ca2cf8cd827bc9b6,Establish Resource Capacity Tracking System,0,,,not_sent,absent_hard_bound_evidence
695eeb95ca2cf8cd827bc9c6,Implement Payout Retry Queue System,0,,,not_sent,absent_hard_bound_evidence
695eeb95ca2cf8cd827bc9ea,PayPal News Monitoring System,0,,,not_sent,absent_hard_bound_evidence
695eeb95ca2cf8cd827bca04,Deployment Execution,0,,,not_sent,absent_hard_bound_evidence
695eeb95ca2cf8cd827bca0e,Auto-Reconciliation Loop Setup,0,,,not_sent,absent_hard_bound_evidence
695eeb95ca2cf8cd827bca16,Payment Gateway System Deployment,0,,,not_sent,absent_hard_bound_evidence
695eeb95ca2cf8cd827bca18,Optimize Underperforming Agent (agent-5),0,,,not_sent,absent_hard_bound_evidence
695eeb95ca2cf8cd827bca19,Optimize Underperforming Agent (agent-4),0,,,not_sent,absent_hard_bound_evidence
695eeb95ca2cf8cd827bc9be,Autonomous PayPal Revenue Transfer System Deployment,0,,,not_sent,absent_hard_bound_evidence
695eeb95ca2cf8cd827bc9c8,Resolve Critical PayPal Payouts API 403 Error,0,,,not_sent,absent_hard_bound_evidence
695eeb95ca2cf8cd827bc9d1,PayPal Service Recovery Protocol,0,,,not_sent,absent_hard_bound_evidence
695eeb95ca2cf8cd827bc9f7,PayPal Integration Fix,0,,,not_sent,absent_hard_bound_evidence
695eeb95ca2cf8cd827bca20,Extract Atomic Primitive Skills,0,,,not_sent,absent_hard_bound_evidence
695eeb95ca2cf8cd827bc9d0,Validate PayPal API Configuration,0,,,not_sent,absent_hard_bound_evidence
695eeb95ca2cf8cd827bc9e8,Token Management Overhaul,0,,,not_sent,absent_hard_bound_evidence
695eeb95ca2cf8cd827bca0a,Post-Deployment Verification,0,,,not_sent,absent_hard_bound_evidence
695eeb95ca2cf8cd827bca1b,Establish Local Language Community Memberships,0,,,not_sent,absent_hard_bound_evidence
695eeb95ca2cf8cd827bc9db,Domain Resilience System with Multi-Domain Strategy,0,,,not_sent,absent_hard_bound_evidence
695eeb95ca2cf8cd827bc9de,Distributed Data Resilience System,0,,,not_sent,absent_hard_bound_evidence
695eeb95ca2cf8cd827bc9f0,Success Verification Protocol,0,,,not_sent,absent_hard_bound_evidence
695eeb95ca2cf8cd827bca0c,Safety Rules Enforcement,0,,,not_sent,absent_hard_bound_evidence
695eeb95ca2cf8cd827bca0f,PayPal Payout Service Deployment,0,,,not_sent,absent_hard_bound_evidence
695eeb95ca2cf8cd827bca1a,Immediate Revenue Routing Setup,0,,,not_sent,absent_hard_bound_evidence
695eeb95ca2cf8cd827bc9eb,Distributed Consensus Payment System,0,,,not_sent,absent_hard_bound_evidence
695eeb95ca2cf8cd827bc9f1,Dashboard & Record Updates,0,,,not_sent,absent_hard_bound_evidence
695eeb95ca2cf8cd827bc9f3,System Activation & Resource Allocation,0,,,not_sent,absent_hard_bound_evidence
695eeb95ca2cf8cd827bca12,"Deploy Payment Gateways (Attijariwafa Bank, PayPal, Base44)",0,,,not_sent,absent_hard_bound_evidence
695eeb95ca2cf8cd827bca01,PayPal Payout Service Deployment,0,,,not_sent,absent_hard_bound_evidence
695eeb95ca2cf8cd827bca15,Testing Payment Gateway Functionality,0,,,not_sent,absent_hard_bound_evidence
695eeb95ca2cf8cd827bca1f,Validate & Classify Survival Techniques,0,,,not_sent,absent_hard_bound_evidence
695eeb95ca2cf8cd827bc9ba,Implement Mission Complexity Scoring System,0,,,not_sent,absent_hard_bound_evidence
695eeb95ca2cf8cd827bc9c7,Automated Mission Monitoring and Escalation for Critical PayPal Payouts,0,,,not_sent,absent_hard_bound_evidence
695eeb95ca2cf8cd827bc9fc,Post-Deployment Verification,0,,,not_sent,absent_hard_bound_evidence
695eeb95ca2cf8cd827bc9fe,Safety Rules Enforcement,0,,,not_sent,absent_hard_bound_evidence
695eeb95ca2cf8cd827bca0b,Deployment Execution,0,,,not_sent,absent_hard_bound_evidence
695eeb95ca2cf8cd827bc9c5,Develop Alternative Payment Processing System,0,,,not_sent,absent_hard_bound_evidence
695eeb95ca2cf8cd827bc9f4,Immediate Payout Recovery,0,,,not_sent,absent_hard_bound_evidence
695eeb95ca2cf8cd827bc9ce,Handle Incidents,0,,,not_sent,absent_hard_bound_evidence
695eeb95ca2cf8cd827bc9e9,PayPal API Reactivation Protocol,0,,,not_sent,absent_hard_bound_evidence
695eeb95ca2cf8cd827bc9ee,Manual PayPal Transfer Initiation for Pending Funds,0,,,not_sent,absent_hard_bound_evidence
695eeb95ca2cf8cd827bca08,PayPal Payout Service Deployment,0,,,not_sent,absent_hard_bound_evidence
695eeb95ca2cf8cd827bc9c2,Execute PayPal Account-Level Verification for Payouts API,0,,,not_sent,absent_hard_bound_evidence
695eeb95ca2cf8cd827bc9fd,Deployment Execution,0,,,not_sent,absent_hard_bound_evidence
695eeb95ca2cf8cd827bca11,Reprocess four failed PayPal payouts,0,,,not_sent,absent_hard_bound_evidence
695eeb95ca2cf8cd827bc9c4,Revise PayPal Payouts API Request Implementation,0,,,not_sent,absent_hard_bound_evidence
695eeb95ca2cf8cd827bc9d9,Economic Resilience Model with Decentralized Funding,0,,,not_sent,absent_hard_bound_evidence
695eeb95ca2cf8cd827bca05,Safety Rules Enforcement,0,,,not_sent,absent_hard_bound_evidence
695eeb95ca2cf8cd827bca1d,Develop Regional Survival Micro-Guides,0,,,not_sent,absent_hard_bound_evidence
695eeb95ca2cf8cd827bc9b8,Create Mission Template Library,0,,,not_sent,absent_hard_bound_evidence
695eeb95ca2cf8cd827bc9bb,Deploy Automated Deadline Alert System,0,,,not_sent,absent_hard_bound_evidence
695eeb95ca2cf8cd827bc9e3,Alternative Payment Integration for PayPal Failover,0,,,not_sent,absent_hard_bound_evidence
695eeb95ca2cf8cd827bc9f8,System Activation & Resource Allocation,0,,,not_sent,absent_hard_bound_evidence
695eeb95ca2cf8cd827bc9fb,Autonomous Incident Response: Data-Layer Compromise,0,,,not_sent,absent_hard_bound_evidence
695eeb95ca2cf8cd827bca02,Database Migration - Payout Tables,0,,,not_sent,absent_hard_bound_evidence
695eeb95ca2cf8cd827bca13,Scaling Payment Gateway Operations,0,,,not_sent,absent_hard_bound_evidence
695eeb95ca2cf8cd827bc9ca,Analyze System Performance,0,,,not_sent,absent_hard_bound_evidence
695eeb95ca2cf8cd827bc9e2,Payout Retry Queue System,0,,,not_sent,absent_hard_bound_evidence
695eeb95ca2cf8cd827bca00,Auto-Reconciliation Loop Setup,0,,,not_sent,absent_hard_bound_evidence
695eeb95ca2cf8cd827bca07,Auto-Reconciliation Loop Setup,0,,,not_sent,absent_hard_bound_evidence
695eeb95ca2cf8cd827bca14,Monitoring Payment Gateway Performance,0,,,not_sent,absent_hard_bound_evidence
695eeb95ca2cf8cd827bca21,Establish Local Influencer & Community Partnerships,0,,,not_sent,absent_hard_bound_evidence
695eeb95ca2cf8cd827bc9ff,Webhook Configuration,0,,,not_sent,absent_hard_bound_evidence
695eeb95ca2cf8cd827bc9ec,Comprehensive Transaction Audit System,0,,,not_sent,absent_hard_bound_evidence
695eeb95ca2cf8cd827bca1c,Launch Non-Western Skill Certification Program,0,,,not_sent,absent_hard_bound_evidence
695eeb95ca2cf8cd827bc9bd,Weekly Distribution Revenue Payout,0,,,not_sent,absent_hard_bound_evidence
695eeb95ca2cf8cd827bc9c1,Ensure Swarm Survival and Anti-Takedown,0,,,not_sent,absent_hard_bound_evidence
695eeb95ca2cf8cd827bc9d3,PayPal Recovery Execution Plan,0,,,not_sent,absent_hard_bound_evidence
695eeb95ca2cf8cd827bc9df,Self-Healing Infrastructure Implementation,0,,,not_sent,absent_hard_bound_evidence
695eeb95ca2cf8cd827bc9e1,Multi-Layered Redundancy for Anti-Shutdown System,0,,,not_sent,absent_hard_bound_evidence
695eeb95ca2cf8cd827bca09,Database Migration - Payout Tables,0,,,not_sent,absent_hard_bound_evidence
695eeb95ca2cf8cd827bc9c3,Overhaul PayPal Payouts API Configuration and Token Management,0,,,not_sent,absent_hard_bound_evidence
695eeb95ca2cf8cd827bc9da,Automated Threat Response System,0,,,not_sent,absent_hard_bound_evidence
695eeb95ca2cf8cd827bc9dd,Anti-Tamper Execution Environment Configuration,0,,,not_sent,absent_hard_bound_evidence
695eeb95ca2cf8cd827bc9e5,Comprehensive Monitoring Dashboard for PayPal,0,,,not_sent,absent_hard_bound_evidence
695eeb95ca2cf8cd827bc9b9,Develop Agent Performance Scoring System,0,,,not_sent,absent_hard_bound_evidence
695eeb95ca2cf8cd827bc9c0,Automated Agent Payout Processing,0,,,not_sent,absent_hard_bound_evidence
695eeb95ca2cf8cd827bc9d2,Implement Comprehensive Service Monitoring,0,,,not_sent,absent_hard_bound_evidence
695eeb95ca2cf8cd827bc9e0,Decentralized Control Plane for Anti-Shutdown System,0,,,not_sent,absent_hard_bound_evidence
695eeb95ca2cf8cd827bc9d6,External System Integration Framework,0,,,not_sent,absent_hard_bound_evidence
695eeb95ca2cf8cd827bc9d7,Monitor Critical PayPal Recovery Missions,0,,,not_sent,absent_hard_bound_evidence
695eeb95ca2cf8cd827bc9e7,Automated Recovery System,0,,,not_sent,absent_hard_bound_evidence
695eeb95ca2cf8cd827bc9f6,Dashboard & Record Updates,0,,,not_sent,absent_hard_bound_evidence
695eeb95ca2cf8cd827bc9bc,Accelerated Weekly Revenue Distribution to PayPal,0,,,not_sent,absent_hard_bound_evidence
695eeb95ca2cf8cd827bc9cc,Perform System Maintenance,0,,,not_sent,absent_hard_bound_evidence
695eeb95ca2cf8cd827bc9d4,Implement PayPal Service Resilience,0,,,not_sent,absent_hard_bound_evidence
695eeb95ca2cf8cd827bc9d5,PayPal Outage Communication Protocol,0,,,not_sent,absent_hard_bound_evidence
695eeb95ca2cf8cd827bc9e6,Dead Man Switch Implementation for PayPal Service,0,,,not_sent,absent_hard_bound_evidence
695eeb95ca2cf8cd827bca06,Webhook Configuration,0,,,not_sent,absent_hard_bound_evidence
695eeb95ca2cf8cd827bc9c9,Monitor PayPal API Health,0,,,not_sent,absent_hard_bound_evidence
695eeb95ca2cf8cd827bc9f2,PayPal Integration Fix,0,,,not_sent,absent_hard_bound_evidence
695eeb95ca2cf8cd827bca03,Post-Deployment Verification,0,,,not_sent,absent_hard_bound_evidence
695eeb95ca2cf8cd827bca0d,Webhook Configuration,0,,,not_sent,absent_hard_bound_evidence
695eeb95ca2cf8cd827bca1e,De-Anglicize & Localize Survival Content,0,,,not_sent,absent_hard_bound_evidence
695eeb95ca2cf8cd827bc9cf,Resolve PayPal 403 Authorization Errors,0,,,not_sent,absent_hard_bound_evidence
695eeb95ca2cf8cd827bc9fa,Re-run not executed payout PP-2024-001 and update system records,0,,,not_sent,absent_hard_bound_evidence
695eeb95ca2cf8cd827bca17,Prioritize Revenue-Generating Missions,0,,,not_sent,absent_hard_bound_evidence
695eeb95ca2cf8cd827bc9d8,Comprehensive Monitoring Dashboard for Anti-Shutdown System,0,,,not_sent,absent_hard_bound_evidence
695eeb95ca2cf8cd827bc9ef,PayPal Payout Fix,0,,,not_sent,absent_hard_bound_evidence
695eeb95ca2cf8cd827bc9f5,Success Verification Protocol,0,,,not_sent,absent_hard_bound_evidence
695eeb95ca2cf8cd827bc967,Build Decentralized Swarm Infrastructure,0,,,not_sent,absent_hard_bound_evidence
695eeb95ca2cf8cd827bc968,Deploy Self-Sovereign Identity & Authentication,0,,,not_sent,absent_hard_bound_evidence
695eeb95ca2cf8cd827bc97c,Revenue Discrepancy Investigation,0,,,not_sent,absent_hard_bound_evidence
695eeb95ca2cf8cd827bc9a8,Deploy Autonomous Swarm Orchestrator,0,,,not_sent,absent_hard_bound_evidence
695eeb95ca2cf8cd827bc96f,Build Federated Marketing System,0,,,not_sent,absent_hard_bound_evidence
695eeb95ca2cf8cd827bc983,Multi-Domain Market Intelligence Network,0,,,not_sent,absent_hard_bound_evidence
695eeb95ca2cf8cd827bc969,Create Decentralized Payment Ecosystem,0,,,not_sent,absent_hard_bound_evidence
695eeb95ca2cf8cd827bc982,Real Revenue Recovery Plan,0,,,not_sent,absent_hard_bound_evidence
695eeb95ca2cf8cd827bc98d,PayPal Revenue Integration,0,,,not_sent,absent_hard_bound_evidence
695eeb95ca2cf8cd827bc96a,Establish Independent Revenue Models,0,,,not_sent,absent_hard_bound_evidence
695eeb95ca2cf8cd827bc972,Implement Corporate Alternatives,0,,,not_sent,absent_hard_bound_evidence
695eeb95ca2cf8cd827bc980,Platform Reality Check Accelerator,0,,,not_sent,absent_hard_bound_evidence
695eeb95ca2cf8cd827bc977,Activate Critical Path Acceleration System,0,,,not_sent,absent_hard_bound_evidence
695eeb95ca2cf8cd827bc985,Swarm Intelligence Coordination System,0,,,not_sent,absent_hard_bound_evidence
695eeb95ca2cf8cd827bc98b,PayPal Conversion Optimization,0,,,not_sent,absent_hard_bound_evidence
695eeb95ca2cf8cd827bc9a7,Immediate PayPal Resolution Strategy,0,,,not_sent,absent_hard_bound_evidence
695eeb95ca2cf8cd827bc989,Complete Transaction Systems for PayPal,0,,,not_sent,absent_hard_bound_evidence
695eeb95ca2cf8cd827bc9a4,PayPal Micropayment Connectivity and Transaction Verification v2.1,0,,,not_sent,absent_hard_bound_evidence
695eeb95ca2cf8cd827bc9ab,Revenue Identification Emergency Protocol,0,,,not_sent,absent_hard_bound_evidence
695eeb95ca2cf8cd827bc992,PayPal Revenue Monitoring,0,,,not_sent,absent_hard_bound_evidence
695eeb95ca2cf8cd827bc993,PayPal Revenue Integration,0,,,not_sent,absent_hard_bound_evidence
695eeb95ca2cf8cd827bc995,Enable Full Autonomous Execution Capabilities,0,,,not_sent,absent_hard_bound_evidence
695eeb95ca2cf8cd827bc9af,Automated PayPal Revenue Transfer System,0,,,not_sent,absent_hard_bound_evidence
695eeb95ca2cf8cd827bc984,Adaptive Market Prediction System,0,,,not_sent,absent_hard_bound_evidence
695eeb95ca2cf8cd827bc98a,PayPal-Optimized Revenue Generation,0,,,not_sent,absent_hard_bound_evidence
695eeb95ca2cf8cd827bc9a9,Implement Comprehensive Payment Protocol Resilience Framework,0,,,not_sent,absent_hard_bound_evidence
695eeb95ca2cf8cd827bc965,Real Revenue Tracking Implementation,0,,,not_sent,absent_hard_bound_evidence
695eeb95ca2cf8cd827bc997,Autonomous Social Media Operations,0,,,not_sent,absent_hard_bound_evidence
695eeb95ca2cf8cd827bc9b2,Develop Real-time Mission Performance Dashboard,0,,,not_sent,absent_hard_bound_evidence
695eeb95ca2cf8cd827bc9ac,Implement and Deploy Robust Automated PayPal Transfer System,0,,,not_sent,absent_hard_bound_evidence
695eeb95ca2cf8cd827bc96e,Implement Cryptocurrency Revenue Streams,0,,,not_sent,absent_hard_bound_evidence
695eeb95ca2cf8cd827bc976,Accelerate Emergency Revenue Reality Verification,0,,,not_sent,absent_hard_bound_evidence
695eeb95ca2cf8cd827bc978,Emergency Resource Reallocation to Critical Missions,0,,,not_sent,absent_hard_bound_evidence
695eeb95ca2cf8cd827bc98e,Critical Blocker Resolution Acceleration,0,,,not_sent,absent_hard_bound_evidence
695eeb95ca2cf8cd827bc994,AI Autonomous Revenue Generation System - 14 Days,0,,,not_sent,absent_hard_bound_evidence
695eeb95ca2cf8cd827bc9b1,Implement Automated Checkpoints for Missions,0,,,not_sent,absent_hard_bound_evidence
695eeb95ca2cf8cd827bc99b,Innovative Revenue Generation Beyond Targets,0,,,not_sent,absent_hard_bound_evidence
695eeb95ca2cf8cd827bc9a5,System Integrity Test - Mission Persistence Check,0,,,not_sent,absent_hard_bound_evidence
695eeb95ca2cf8cd827bc9b3,Develop Pre-requisite Validation System for Missions,0,,,not_sent,absent_hard_bound_evidence
695eeb95ca2cf8cd827bc973,Deploy Decentralized Governance,0,,,not_sent,absent_hard_bound_evidence
695eeb95ca2cf8cd827bc961,Activate Swarm Mission Optimizer,0,,,not_sent,absent_hard_bound_evidence
695eeb95ca2cf8cd827bc96d,Launch Decentralized Product Marketplace,0,,,not_sent,absent_hard_bound_evidence
695eeb95ca2cf8cd827bc9b4,Implement Mission Dependency Mapping System,0,,,not_sent,absent_hard_bound_evidence
695eeb95ca2cf8cd827bc99f,PayPal App and Authentication Verification for Micropayment Protocol,0,,,not_sent,absent_hard_bound_evidence
695eeb95ca2cf8cd827bc966,Activate Revenue Execution System,0,,,not_sent,absent_hard_bound_evidence
695eeb95ca2cf8cd827bc988,Critical Blocker Resolution Acceleration,0,,,not_sent,absent_hard_bound_evidence
695eeb95ca2cf8cd827bc99a,Remove Manual Intervention Requirements,0,,,not_sent,absent_hard_bound_evidence
695eeb95ca2cf8cd827bc9a3,PayPal Micro-Transfer Completion and Verification,0,,,not_sent,absent_hard_bound_evidence
695eeb95ca2cf8cd827bc960,Create Revenue Monitoring Dashboard with Canva Alerts,0,,,not_sent,absent_hard_bound_evidence
695eeb95ca2cf8cd827bc97d,Platform Integration Fixes,0,,,not_sent,absent_hard_bound_evidence
695eeb95ca2cf8cd827bc962,Canva Template Execution Blitz,0,,,not_sent,absent_hard_bound_evidence
695eeb95ca2cf8cd827bc974,Accelerate Emergency Payment Account Audit,0,,,not_sent,absent_hard_bound_evidence
695eeb95ca2cf8cd827bc95e,Activate Revenue Acceleration System,0,,,not_sent,absent_hard_bound_evidence
695eeb95ca2cf8cd827bc95f,Proactive Agent Identification and Proposal System,0,,,not_sent,absent_hard_bound_evidence
695eeb95ca2cf8cd827bc97a,Payment Method Verification Unblocker,0,,,not_sent,absent_hard_bound_evidence
695eeb95ca2cf8cd827bc99e,Autonomous Mission Reactivation and Resource Allocation System,0,,,not_sent,absent_hard_bound_evidence
695eeb95ca2cf8cd827bc9a2,PayPal Micro-Transfer Execution and Monitoring,0,,,not_sent,absent_hard_bound_evidence
695eeb95ca2cf8cd827bc9a6,Implement Comprehensive Agent-Enabled Funds Transfer Protocol,0,,,not_sent,absent_hard_bound_evidence
695eeb95ca2cf8cd827bc9ae,Resolve Agent PayPal Email Discrepancies and Facilitate Payouts,0,,,not_sent,absent_hard_bound_evidence
695eeb95ca2cf8cd827bc96b,Build Open-Source Agent Framework,0,,,not_sent,absent_hard_bound_evidence
695eeb95ca2cf8cd827bc987,Decentralized Market Prediction and Exploitation System,0,,,not_sent,absent_hard_bound_evidence
695eeb95ca2cf8cd827bc98f,Complete Transaction Systems for PayPal,0,,,not_sent,absent_hard_bound_evidence
695eeb95ca2cf8cd827bc971,Audit Corporate Dependencies,0,,,not_sent,absent_hard_bound_evidence
695eeb95ca2cf8cd827bc979,Resolve All Dependencies Blocking Critical Missions,0,,,not_sent,absent_hard_bound_evidence
695eeb95ca2cf8cd827bc999,Autonomous PayPal Transfer System,0,,,not_sent,absent_hard_bound_evidence
695eeb95ca2cf8cd827bc99d,PayPal API Diagnostic Analysis,0,,,not_sent,absent_hard_bound_evidence
695eeb95ca2cf8cd827bc9b5,Design Mission Charter Template,0,,,not_sent,absent_hard_bound_evidence
695eeb95ca2cf8cd827bc963,7-Day Revenue Sprint Plan,0,,,not_sent,absent_hard_bound_evidence
695eeb95ca2cf8cd827bc97e,Listing Data Export,0,,,not_sent,absent_hard_bound_evidence
695eeb95ca2cf8cd827bc998,Autonomous Product Creation System,0,,,not_sent,absent_hard_bound_evidence
695eeb95ca2cf8cd827bc9a0,Revenue Confirmation for Micropayment Protocol,0,,,not_sent,absent_hard_bound_evidence
695eeb95ca2cf8cd827bc96c,Activate Decentralized Revenue Independence,0,,,not_sent,absent_hard_bound_evidence
695eeb95ca2cf8cd827bc981,Agent Simulation Detection,0,,,not_sent,absent_hard_bound_evidence
695eeb95ca2cf8cd827bc95c,Configure Rewardful PayPal Payouts,0,,,not_sent,absent_hard_bound_evidence
695eeb95ca2cf8cd827bc975,Accelerate Etsy & Gumroad Account Migration,0,,,not_sent,absent_hard_bound_evidence
695eeb95ca2cf8cd827bc996,Autonomous Sales Generation System,0,,,not_sent,absent_hard_bound_evidence
695eeb95ca2cf8cd827bc97b,Account Ownership Verification Unblocker,0,,,not_sent,absent_hard_bound_evidence
695eeb95ca2cf8cd827bc98c,PayPal Revenue Monitoring,0,,,not_sent,absent_hard_bound_evidence
695eeb95ca2cf8cd827bc9ad,Reactivate and Normalize All PayPal Withdrawals,0,,,not_sent,absent_hard_bound_evidence
695eeb95ca2cf8cd827bc97f,Account Migration Prep,0,,,not_sent,absent_hard_bound_evidence
695eeb95ca2cf8cd827bc991,PayPal Conversion Optimization,0,,,not_sent,absent_hard_bound_evidence
695eeb95ca2cf8cd827bc95d,Establish Universal PayPal Payout Strategy,0,,,not_sent,absent_hard_bound_evidence
695eeb95ca2cf8cd827bc986,Market Opportunity Exploitation Engine,0,,,not_sent,absent_hard_bound_evidence
695eeb95ca2cf8cd827bc9aa,多平台课程商业化战略,0,,,not_sent,absent_hard_bound_evidence
695eeb95ca2cf8cd827bc964,Revenue-First Mission Framework,0,,,not_sent,absent_hard_bound_evidence
695eeb95ca2cf8cd827bc990,PayPal-Optimized Revenue Generation,0,,,not_sent,absent_hard_bound_evidence
695eeb95ca2cf8cd827bc99c,Revenue Confirmation Protocol Implementation,0,,,not_sent,absent_hard_bound_evidence
695eeb95ca2cf8cd827bc9b0,PayPal Integration Mission,0,,,not_sent,absent_hard_bound_evidence
695eeb95ca2cf8cd827bc970,Deploy Self-Hosted Analytics System,0,,,not_sent,absent_hard_bound_evidence
695eeb95ca2cf8cd827bc9a1,Strategic Micro-Transfer Design for PayPal Payout,0,,,not_sent,absent_hard_bound_evidence
695eeb95ca2cf8cd827bc92e,Cross-Platform Integration and API Ecosystem,0,,,not_sent,absent_hard_bound_evidence
695eeb95ca2cf8cd827bc938,Scalability Testing and Performance Optimization,0,,,not_sent,absent_hard_bound_evidence
695eeb95ca2cf8cd827bc8f4,68be8fb35a41fdec3cf18ed5,0,,,not_sent,absent_hard_bound_evidence
695eeb95ca2cf8cd827bc904,68beddf551088dc2206bd7e8,0,,,not_sent,absent_hard_bound_evidence
695eeb95ca2cf8cd827bc912,Code Quality and Standards Enforcement for Command Centre,0,,,not_sent,absent_hard_bound_evidence
695eeb95ca2cf8cd827bc939,Comprehensive Documentation and Knowledge Base,0,,,not_sent,absent_hard_bound_evidence
695eeb95ca2cf8cd827bc92b,Recurring Problem Detection & Solution Commercialization,0,,,not_sent,absent_hard_bound_evidence
695eeb95ca2cf8cd827bc915,Performance Profiling and Optimization for Command Centre,0,,,not_sent,absent_hard_bound_evidence
695eeb95ca2cf8cd827bc946,Immediately Identify Available Funds,0,,,not_sent,absent_hard_bound_evidence
695eeb95ca2cf8cd827bc94a,RealWorldCerts December Sales Push,0,,,not_sent,absent_hard_bound_evidence
695eeb95ca2cf8cd827bc8f5,68be8fb45a41fdec3cf18ee0,0,,,not_sent,absent_hard_bound_evidence
695eeb95ca2cf8cd827bc903,68beddf551088dc2206bd7e7,0,,,not_sent,absent_hard_bound_evidence
695eeb95ca2cf8cd827bc907,68beddf551088dc2206bd7eb,0,,,not_sent,absent_hard_bound_evidence
695eeb95ca2cf8cd827bc935,Advanced Analytics and Predictive Optimization,0,,,not_sent,absent_hard_bound_evidence
695eeb95ca2cf8cd827bc8f9,68beddf551088dc2206bd7dd,0,,,not_sent,absent_hard_bound_evidence
695eeb95ca2cf8cd827bc908,68beddf551088dc2206bd7ec,0,,,not_sent,absent_hard_bound_evidence
695eeb95ca2cf8cd827bc937,Disaster Recovery and Business Continuity Planning,0,,,not_sent,absent_hard_bound_evidence
695eeb95ca2cf8cd827bc906,68beddf551088dc2206bd7ea,0,,,not_sent,absent_hard_bound_evidence
695eeb95ca2cf8cd827bc90b,68beddf551088dc2206bd7ef,0,,,not_sent,absent_hard_bound_evidence
695eeb95ca2cf8cd827bc8f7,68be8fba5a41fdec3cf18f02,0,,,not_sent,absent_hard_bound_evidence
695eeb95ca2cf8cd827bc926,Autonomous Video Production & Monetization Pipeline for RealWorldCerts/Swarm Products,0,,,not_sent,absent_hard_bound_evidence
695eeb95ca2cf8cd827bc943,Embed Autonomous Problem-Solving in Swarm DNA,0,,,not_sent,absent_hard_bound_evidence
695eeb95ca2cf8cd827bc8ff,68beddf551088dc2206bd7e3,0,,,not_sent,absent_hard_bound_evidence
695eeb95ca2cf8cd827bc92c,Deploy Backup Coordinator Agent,0,,,not_sent,absent_hard_bound_evidence
695eeb95ca2cf8cd827bc945,Monitor Automated Fund Transfers,0,,,not_sent,absent_hard_bound_evidence
695eeb95ca2cf8cd827bc91d,Automated Supplier Management and Data Synchronization,0,,,not_sent,absent_hard_bound_evidence
695eeb95ca2cf8cd827bc923,title,0,,,not_sent,absent_hard_bound_evidence
695eeb95ca2cf8cd827bc933,Develop Promotional Videos for RealWorldCerts.com using Tencent Hunyuan AI Video,0,,,not_sent,absent_hard_bound_evidence
695eeb95ca2cf8cd827bc91e,Product and Supplier Optimization for Enhanced Profitability and Customer Satisfaction,0,,,not_sent,absent_hard_bound_evidence
695eeb95ca2cf8cd827bc944,Performance Optimization & Anti-Procrastination System,0,,,not_sent,absent_hard_bound_evidence
695eeb95ca2cf8cd827bc91b,Dynamic Swarm Knowledge & Best Practices Repository,0,,,not_sent,absent_hard_bound_evidence
695eeb95ca2cf8cd827bc93c,Implement Comprehensive Transaction Logging,0,,,not_sent,absent_hard_bound_evidence
695eeb95ca2cf8cd827bc8fc,68beddf551088dc2206bd7e0,0,,,not_sent,absent_hard_bound_evidence
695eeb95ca2cf8cd827bc90c,68beddf551088dc2206bd7f0,0,,,not_sent,absent_hard_bound_evidence
695eeb95ca2cf8cd827bc932,Fix Vercel deployment for UCC repository and commit changes,0,,,not_sent,absent_hard_bound_evidence
695eeb95ca2cf8cd827bc8f3,68be8a6ebff7c1c21aca970d,0,,,not_sent,absent_hard_bound_evidence
695eeb95ca2cf8cd827bc8fe,68beddf551088dc2206bd7e2,0,,,not_sent,absent_hard_bound_evidence
695eeb95ca2cf8cd827bc924,Etsy & Gumroad Account Migration for Revenue Recovery,0,,,not_sent,absent_hard_bound_evidence
695eeb95ca2cf8cd827bc949,Affiliate Marketing Campaign Q4,0,,,not_sent,absent_hard_bound_evidence
695eeb95ca2cf8cd827bc90e,68beddf551088dc2206bd7f2,0,,,not_sent,absent_hard_bound_evidence
695eeb95ca2cf8cd827bc929,Market Dominance Initiative - Autonomous Niche Capture,0,,,not_sent,absent_hard_bound_evidence
695eeb95ca2cf8cd827bc93f,SwarmOS Competitive Analysis & Counter-Strategy,0,,,not_sent,absent_hard_bound_evidence
695eeb95ca2cf8cd827bc8fa,68beddf551088dc2206bd7de,0,,,not_sent,absent_hard_bound_evidence
695eeb95ca2cf8cd827bc90d,68beddf551088dc2206bd7f1,0,,,not_sent,absent_hard_bound_evidence
695eeb95ca2cf8cd827bc91f,Brand Building and Niche Product Differentiation,0,,,not_sent,absent_hard_bound_evidence
695eeb95ca2cf8cd827bc940,Enterprise Monetization Framework,0,,,not_sent,absent_hard_bound_evidence
695eeb95ca2cf8cd827bc905,68beddf551088dc2206bd7e9,0,,,not_sent,absent_hard_bound_evidence
695eeb95ca2cf8cd827bc918,Establish Universal Automated Revenue Collection & PayPal Transfer,0,,,not_sent,absent_hard_bound_evidence
695eeb95ca2cf8cd827bc928,Deploy Revenue Multiplier Pipeline,0,,,not_sent,absent_hard_bound_evidence
695eeb95ca2cf8cd827bc8f8,68bed90d96a347716a77069b,0,,,not_sent,absent_hard_bound_evidence
695eeb95ca2cf8cd827bc927,Implement Strategic Synthesis Capabilities for SwarmOS,0,,,not_sent,absent_hard_bound_evidence
695eeb95ca2cf8cd827bc936,Cross-Platform Integration and API Ecosystem,0,,,not_sent,absent_hard_bound_evidence
695eeb95ca2cf8cd827bc93b,Implement Withdrawal Tracking System,0,,,not_sent,absent_hard_bound_evidence
695eeb95ca2cf8cd827bc93d,Implement Proactive Swarm Intelligence with Auto-Enrollment,0,,,not_sent,absent_hard_bound_evidence
695eeb95ca2cf8cd827bc8fb,68beddf551088dc2206bd7df,0,,,not_sent,absent_hard_bound_evidence
695eeb95ca2cf8cd827bc913,Security Audit and Dependency Review for Command Centre,0,,,not_sent,absent_hard_bound_evidence
695eeb95ca2cf8cd827bc942,Market Dominance Strategy,0,,,not_sent,absent_hard_bound_evidence
695eeb95ca2cf8cd827bc921,Launch AI Website Creation Service for Small Businesses,0,,,not_sent,absent_hard_bound_evidence
695eeb95ca2cf8cd827bc930,Scalability Testing and Performance Optimization,0,,,not_sent,absent_hard_bound_evidence
695eeb95ca2cf8cd827bc92d,Advanced Analytics and Predictive Optimization,0,,,not_sent,absent_hard_bound_evidence
695eeb95ca2cf8cd827bc92f,Disaster Recovery and Business Continuity Planning,0,,,not_sent,absent_hard_bound_evidence
695eeb95ca2cf8cd827bc931,Comprehensive Documentation and Knowledge Base,0,,,not_sent,absent_hard_bound_evidence
695eeb95ca2cf8cd827bc909,68beddf551088dc2206bd7ed,0,,,not_sent,absent_hard_bound_evidence
695eeb95ca2cf8cd827bc934,Deploy Backup Coordinator Agent,0,,,not_sent,absent_hard_bound_evidence
695eeb95ca2cf8cd827bc902,68beddf551088dc2206bd7e6,0,,,not_sent,absent_hard_bound_evidence
695eeb95ca2cf8cd827bc90a,68beddf551088dc2206bd7ee,0,,,not_sent,absent_hard_bound_evidence
695eeb95ca2cf8cd827bc920,Explore and Integrate Data Bounties and MultiverseX for Agent Data/Compute Access,0,,,not_sent,absent_hard_bound_evidence
695eeb95ca2cf8cd827bc919,Establish Universal Automated Crypto Revenue Collection & PayPal Transfer,0,,,not_sent,absent_hard_bound_evidence
695eeb95ca2cf8cd827bc91a,Cross-Capability Synthesis: Predictive Content Generation,0,,,not_sent,absent_hard_bound_evidence
695eeb95ca2cf8cd827bc925,Create promotional videos for RealWorldCerts.com and other Swarm digital products,0,,,not_sent,absent_hard_bound_evidence
695eeb95ca2cf8cd827bc93e,Oversee Financial Infrastructure and Swarm Intelligence Implementation,0,,,not_sent,absent_hard_bound_evidence
695eeb95ca2cf8cd827bc8f6,68be8fb85a41fdec3cf18ee8,0,,,not_sent,absent_hard_bound_evidence
695eeb95ca2cf8cd827bc8fd,68beddf551088dc2206bd7e1,0,,,not_sent,absent_hard_bound_evidence
695eeb95ca2cf8cd827bc911,Comprehensive Improvement of Command Centre Repository,0,,,not_sent,absent_hard_bound_evidence
695eeb95ca2cf8cd827bc916,Test Coverage Expansion for Command Centre,0,,,not_sent,absent_hard_bound_evidence
695eeb95ca2cf8cd827bc922,Emergency Payment Account Audit & Revenue Recovery Mission,0,,,not_sent,absent_hard_bound_evidence
695eeb95ca2cf8cd827bc93a,Implement Protocol-Level Reserve Rule,0,,,not_sent,absent_hard_bound_evidence
695eeb95ca2cf8cd827bc941,Predictive Swarm Intelligence 2.0,0,,,not_sent,absent_hard_bound_evidence
695eeb95ca2cf8cd827bc910,68c047a8276c45ff6a6ef3b0,0,,,not_sent,absent_hard_bound_evidence
695eeb95ca2cf8cd827bc91c,Automated Product Sourcing and Listing for E-commerce,0,,,not_sent,absent_hard_bound_evidence
695eeb95ca2cf8cd827bc90f,68bf244f89afcb5e04226d2e,0,,,not_sent,absent_hard_bound_evidence
695eeb95ca2cf8cd827bc914,Documentation Enhancement for Command Centre,0,,,not_sent,absent_hard_bound_evidence
695eeb95ca2cf8cd827bc917,Generate consistent revenue for realworldcerts.com,0,,,not_sent,absent_hard_bound_evidence
695eeb95ca2cf8cd827bc948,LinkedIn Professional Outreach,0,,,not_sent,absent_hard_bound_evidence
695eeb95ca2cf8cd827bc900,68beddf551088dc2206bd7e4,0,,,not_sent,absent_hard_bound_evidence
695eeb95ca2cf8cd827bc901,68beddf551088dc2206bd7e5,0,,,not_sent,absent_hard_bound_evidence
695eeb95ca2cf8cd827bc92a,Emergency Revenue Reality Verification Mission,0,,,not_sent,absent_hard_bound_evidence
695eeb95ca2cf8cd827bc947,Generate Revenue Tracking & Withdrawal Simulation System Code,0,,,not_sent,absent_hard_bound_evidence
695eeb95ca2cf8cd827bc953,Q3 End Affiliate Blast,0,,,not_sent,absent_hard_bound_evidence
695eeb95ca2cf8cd827bc94b,Fund Generation,0,,,not_sent,absent_hard_bound_evidence
695eeb95ca2cf8cd827bc958,Connect Rewardful to Stripe,0,,,not_sent,absent_hard_bound_evidence
695eeb95ca2cf8cd827bc94f,Revenue Confirmation & PayPal Withdrawal Protocol - IMMEDIATE EXECUTION,0,,,not_sent,absent_hard_bound_evidence
695eeb95ca2cf8cd827bc95a,Install Rewardful Tracking Snippet on Website,0,,,not_sent,absent_hard_bound_evidence
695eeb95ca2cf8cd827bc94c,Authorize Transfer (TRI-001),0,,,not_sent,absent_hard_bound_evidence
695eeb95ca2cf8cd827bc955,October Certification Month Push,0,,,not_sent,absent_hard_bound_evidence
695eeb95ca2cf8cd827bc957,Sign Up for Rewardful,0,,,not_sent,absent_hard_bound_evidence
695eeb95ca2cf8cd827bc952,September YouTube Content Series,0,,,not_sent,absent_hard_bound_evidence
695eeb95ca2cf8cd827bc950,November LinkedIn B2B Outreach,0,,,not_sent,absent_hard_bound_evidence
695eeb95ca2cf8cd827bc956,2025 New Year Kickoff Campaign,0,,,not_sent,absent_hard_bound_evidence
695eeb95ca2cf8cd827bc94e,"Receipt Confirmed ($17,800)",0,,,not_sent,absent_hard_bound_evidence
695eeb95ca2cf8cd827bc959,Configure Rewardful Affiliate Program,0,,,not_sent,absent_hard_bound_evidence
695eeb95ca2cf8cd827bc95b,"Create ""Affiliate Onboarding Guide"" Content Asset",0,,,not_sent,absent_hard_bound_evidence
695eeb95ca2cf8cd827bc94d,Execute Transfer,0,,,not_sent,absent_hard_bound_evidence
695eeb95ca2cf8cd827bc951,Black Friday Campaign 2024,0,,,not_sent,absent_hard_bound_evidence
695eeb95ca2cf8cd827bc954,December RealWorldCerts Sales Blitz,0,,,not_sent,absent_hard_bound_evidence
695eeb95ca2cf8cd827bc8a4,M010,0,,,not_sent,absent_hard_bound_evidence
695eeb95ca2cf8cd827bc8b2,68bbdf9be957eba57d8f4b5a,0,,,not_sent,absent_hard_bound_evidence
695eeb95ca2cf8cd827bc8ba,68bc5353ef800d98b63c95d0,0,,,not_sent,absent_hard_bound_evidence
695eeb95ca2cf8cd827bc8ed,68be826364c2e97debd0eeda,0,,,not_sent,absent_hard_bound_evidence
695eeb95ca2cf8cd827bc8b4,68bc5353ef800d98b63c95cd,0,,,not_sent,absent_hard_bound_evidence
695eeb95ca2cf8cd827bc8b6,68bc5353ef800d98b63c95cf,0,,,not_sent,absent_hard_bound_evidence
695eeb95ca2cf8cd827bc8d0,68bc5353ef800d98b63c95e9,0,,,not_sent,absent_hard_bound_evidence
695eeb95ca2cf8cd827bc8f2,68be88bde483377ce83bb84e,0,,,not_sent,absent_hard_bound_evidence
695eeb95ca2cf8cd827bc8a1,M007,0,,,not_sent,absent_hard_bound_evidence
695eeb95ca2cf8cd827bc8d4,68bc5353ef800d98b63c95ed,0,,,not_sent,absent_hard_bound_evidence
695eeb95ca2cf8cd827bc8ec,68be826364c2e97debd0eed8,0,,,not_sent,absent_hard_bound_evidence
695eeb95ca2cf8cd827bc8ef,68c14ec7dd2d5f8f570f95c6,0,,,not_sent,absent_hard_bound_evidence
695eeb95ca2cf8cd827bc894,Continuous Agent Capability Enhancement,0,,,not_sent,absent_hard_bound_evidence
695eeb95ca2cf8cd827bc8a3,M009,0,,,not_sent,absent_hard_bound_evidence
695eeb95ca2cf8cd827bc8b8,68bc5353ef800d98b63c95d2,0,,,not_sent,absent_hard_bound_evidence
695eeb95ca2cf8cd827bc8c2,68bc5353ef800d98b63c95db,0,,,not_sent,absent_hard_bound_evidence
695eeb95ca2cf8cd827bc8ce,68bc5353ef800d98b63c95e7,0,,,not_sent,absent_hard_bound_evidence
695eeb95ca2cf8cd827bc8d7,68bc5353ef800d98b63c95f0,0,,,not_sent,absent_hard_bound_evidence
695eeb95ca2cf8cd827bc8b1,68bbdf9be957eba57d8f4b59,0,,,not_sent,absent_hard_bound_evidence
695eeb95ca2cf8cd827bc8ee,68c14ec7dd2d5f8f570f95c5,0,,,not_sent,absent_hard_bound_evidence
695eeb95ca2cf8cd827bc8bd,68bc5353ef800d98b63c95d6,0,,,not_sent,absent_hard_bound_evidence
695eeb95ca2cf8cd827bc8bf,68bc5353ef800d98b63c95d8,0,,,not_sent,absent_hard_bound_evidence
695eeb95ca2cf8cd827bc8c1,68bc5353ef800d98b63c95da,0,,,not_sent,absent_hard_bound_evidence
695eeb95ca2cf8cd827bc8cd,68bc5353ef800d98b63c95e6,0,,,not_sent,absent_hard_bound_evidence
695eeb95ca2cf8cd827bc89e,M004,0,,,not_sent,absent_hard_bound_evidence
695eeb95ca2cf8cd827bc8e9,68be826364c2e97debd0eed5,0,,,not_sent,absent_hard_bound_evidence
695eeb95ca2cf8cd827bc8ea,68be826364c2e97debd0eed6,0,,,not_sent,absent_hard_bound_evidence
695eeb95ca2cf8cd827bc8c0,68bc5353ef800d98b63c95d9,0,,,not_sent,absent_hard_bound_evidence
695eeb95ca2cf8cd827bc8d9,68bc5353ef800d98b63c95f2,0,,,not_sent,absent_hard_bound_evidence
695eeb95ca2cf8cd827bc8f1,68be88bbe483377ce83bb837,0,,,not_sent,absent_hard_bound_evidence
695eeb95ca2cf8cd827bc8b3,68bc38085f02369b6679e083,0,,,not_sent,absent_hard_bound_evidence
695eeb95ca2cf8cd827bc8af,M021,0,,,not_sent,absent_hard_bound_evidence
695eeb95ca2cf8cd827bc8c7,68bc5353ef800d98b63c95e0,0,,,not_sent,absent_hard_bound_evidence
695eeb95ca2cf8cd827bc8a0,M006,0,,,not_sent,absent_hard_bound_evidence
695eeb95ca2cf8cd827bc8b5,68bc5353ef800d98b63c95ce,0,,,not_sent,absent_hard_bound_evidence
695eeb95ca2cf8cd827bc8b9,68bc5353ef800d98b63c95d4,0,,,not_sent,absent_hard_bound_evidence
695eeb95ca2cf8cd827bc891,Scale-Up Strategy,0,,,not_sent,absent_hard_bound_evidence
695eeb95ca2cf8cd827bc8db,68bc5353ef800d98b63c95f4,0,,,not_sent,absent_hard_bound_evidence
695eeb95ca2cf8cd827bc8de,68bc5353ef800d98b63c95f7,0,,,not_sent,absent_hard_bound_evidence
695eeb95ca2cf8cd827bc8a6,M012,0,,,not_sent,absent_hard_bound_evidence
695eeb95ca2cf8cd827bc896,Obtain P&L report for Q4 2024,0,,,not_sent,absent_hard_bound_evidence
695eeb95ca2cf8cd827bc89d,M003,0,,,not_sent,absent_hard_bound_evidence
695eeb95ca2cf8cd827bc89f,M005,0,,,not_sent,absent_hard_bound_evidence
695eeb95ca2cf8cd827bc8b0,M022,0,,,not_sent,absent_hard_bound_evidence
695eeb95ca2cf8cd827bc8c6,68bc5353ef800d98b63c95df,0,,,not_sent,absent_hard_bound_evidence
695eeb95ca2cf8cd827bc8e2,68bc5353ef800d98b63c95fb,0,,,not_sent,absent_hard_bound_evidence
695eeb95ca2cf8cd827bc8eb,68be826364c2e97debd0eed7,0,,,not_sent,absent_hard_bound_evidence
695eeb95ca2cf8cd827bc8a7,M013,0,,,not_sent,absent_hard_bound_evidence
695eeb95ca2cf8cd827bc8ad,M019,0,,,not_sent,absent_hard_bound_evidence
695eeb95ca2cf8cd827bc8ca,68bc5353ef800d98b63c95e3,0,,,not_sent,absent_hard_bound_evidence
695eeb95ca2cf8cd827bc8d5,68bc5353ef800d98b63c95ee,0,,,not_sent,absent_hard_bound_evidence
695eeb95ca2cf8cd827bc893,Final Reporting & Handoff,0,,,not_sent,absent_hard_bound_evidence
695eeb95ca2cf8cd827bc8ab,M017,0,,,not_sent,absent_hard_bound_evidence
695eeb95ca2cf8cd827bc8d1,68bc5353ef800d98b63c95ea,0,,,not_sent,absent_hard_bound_evidence
695eeb95ca2cf8cd827bc8e1,68bc5353ef800d98b63c95fa,0,,,not_sent,absent_hard_bound_evidence
695eeb95ca2cf8cd827bc8a8,M014,0,,,not_sent,absent_hard_bound_evidence
695eeb95ca2cf8cd827bc8c4,68bc5353ef800d98b63c95dd,0,,,not_sent,absent_hard_bound_evidence
695eeb95ca2cf8cd827bc8bc,68bc5353ef800d98b63c95d5,0,,,not_sent,absent_hard_bound_evidence
695eeb95ca2cf8cd827bc8dc,68bc5353ef800d98b63c95f5,0,,,not_sent,absent_hard_bound_evidence
695eeb95ca2cf8cd827bc8e8,68be826364c2e97debd0eed3,0,,,not_sent,absent_hard_bound_evidence
695eeb95ca2cf8cd827bc8cc,68bc5353ef800d98b63c95e5,0,,,not_sent,absent_hard_bound_evidence
695eeb95ca2cf8cd827bc8cf,68bc5353ef800d98b63c95e8,0,,,not_sent,absent_hard_bound_evidence
695eeb95ca2cf8cd827bc8d3,68bc5353ef800d98b63c95ec,0,,,not_sent,absent_hard_bound_evidence
695eeb95ca2cf8cd827bc8e4,68bd654611425d525969711d,0,,,not_sent,absent_hard_bound_evidence
695eeb95ca2cf8cd827bc8f0,68c14ec8dd2d5f8f570f95c7,0,,,not_sent,absent_hard_bound_evidence
695eeb95ca2cf8cd827bc898,Canva Template Revenue Launch,0,,,not_sent,absent_hard_bound_evidence
695eeb95ca2cf8cd827bc8ae,M020,0,,,not_sent,absent_hard_bound_evidence
695eeb95ca2cf8cd827bc8b7,68bc5353ef800d98b63c95d1,0,,,not_sent,absent_hard_bound_evidence
695eeb95ca2cf8cd827bc8cb,68bc5353ef800d98b63c95e4,0,,,not_sent,absent_hard_bound_evidence
695eeb95ca2cf8cd827bc8be,68bc5353ef800d98b63c95d7,0,,,not_sent,absent_hard_bound_evidence
695eeb95ca2cf8cd827bc8df,68bc5353ef800d98b63c95f8,0,,,not_sent,absent_hard_bound_evidence
695eeb95ca2cf8cd827bc8e0,68bc5353ef800d98b63c95f9,0,,,not_sent,absent_hard_bound_evidence
695eeb95ca2cf8cd827bc897,Monthly Transfer,0,,,not_sent,absent_hard_bound_evidence
695eeb95ca2cf8cd827bc89c,M002,0,,,not_sent,absent_hard_bound_evidence
695eeb95ca2cf8cd827bc8a5,M011,0,,,not_sent,absent_hard_bound_evidence
695eeb95ca2cf8cd827bc8c3,68bc5353ef800d98b63c95dc,0,,,not_sent,absent_hard_bound_evidence
695eeb95ca2cf8cd827bc8c9,68bc5353ef800d98b63c95e2,0,,,not_sent,absent_hard_bound_evidence
695eeb95ca2cf8cd827bc890,Pilot Evaluation,0,,,not_sent,absent_hard_bound_evidence
695eeb95ca2cf8cd827bc8e5,68bdd7fe9963621020e5897f,0,,,not_sent,absent_hard_bound_evidence
695eeb95ca2cf8cd827bc88c,REV-003,0,,,not_sent,absent_hard_bound_evidence
695eeb95ca2cf8cd827bc8c5,68bc5353ef800d98b63c95de,0,,,not_sent,absent_hard_bound_evidence
695eeb95ca2cf8cd827bc8e3,68bd57cd3f63e05ddaf19e04,0,,,not_sent,absent_hard_bound_evidence
695eeb95ca2cf8cd827bc899,REV-001,0,,,not_sent,absent_hard_bound_evidence
695eeb95ca2cf8cd827bc8a2,M008,0,,,not_sent,absent_hard_bound_evidence
695eeb95ca2cf8cd827bc8ac,M018,0,,,not_sent,absent_hard_bound_evidence
695eeb95ca2cf8cd827bc8dd,68bc5353ef800d98b63c95f6,0,,,not_sent,absent_hard_bound_evidence
695eeb95ca2cf8cd827bc8a9,M015,0,,,not_sent,absent_hard_bound_evidence
695eeb95ca2cf8cd827bc8aa,M016,0,,,not_sent,absent_hard_bound_evidence
695eeb95ca2cf8cd827bc8bb,68bc5353ef800d98b63c95d3,0,,,not_sent,absent_hard_bound_evidence
695eeb95ca2cf8cd827bc8d6,68bc5353ef800d98b63c95ef,0,,,not_sent,absent_hard_bound_evidence
695eeb95ca2cf8cd827bc8e7,68be826364c2e97debd0eed1,0,,,not_sent,absent_hard_bound_evidence
695eeb95ca2cf8cd827bc88d,REV-004,0,,,not_sent,absent_hard_bound_evidence
695eeb95ca2cf8cd827bc88e,Pilot Program Design,0,,,not_sent,absent_hard_bound_evidence
695eeb95ca2cf8cd827bc88f,Pilot Execution,0,,,not_sent,absent_hard_bound_evidence
695eeb95ca2cf8cd827bc892,Automation Refinement,0,,,not_sent,absent_hard_bound_evidence
695eeb95ca2cf8cd827bc89b,M001,0,,,not_sent,absent_hard_bound_evidence
695eeb95ca2cf8cd827bc8d8,68bc5353ef800d98b63c95f1,0,,,not_sent,absent_hard_bound_evidence
695eeb95ca2cf8cd827bc8da,68bc5353ef800d98b63c95f3,0,,,not_sent,absent_hard_bound_evidence
695eeb95ca2cf8cd827bc895,Investigate Cybercrime Complaint - Younes Tsouli ($7K BTC Recovery),0,,,not_sent,absent_hard_bound_evidence
695eeb95ca2cf8cd827bc89a,AFF-001,0,,,not_sent,absent_hard_bound_evidence
695eeb95ca2cf8cd827bc8c8,68bc5353ef800d98b63c95e1,0,,,not_sent,absent_hard_bound_evidence
695eeb95ca2cf8cd827bc8d2,68bc5353ef800d98b63c95eb,0,,,not_sent,absent_hard_bound_evidence
695eeb95ca2cf8cd827bc8e6,68be606e2915083ebeea641c,0,,,not_sent,absent_hard_bound_evidence
695eeb95ca2cf8cd827bc833,68bc5353ef800d98b63c95d5,0,,,not_sent,absent_hard_bound_evidence
695eeb95ca2cf8cd827bc854,Launch Content Licensing Factory for Passive Income,0,,,not_sent,absent_hard_bound_evidence
695eeb95ca2cf8cd827bc857,Strategic Opportunity Identification Agent: Discovering Proven Revenue Models and Platform Opportunities,0,,,not_sent,absent_hard_bound_evidence
695eeb95ca2cf8cd827bc85d,Data Cleaning & Normalization,0,,,not_sent,absent_hard_bound_evidence
695eeb95ca2cf8cd827bc880,Integrate Parse.bot for Automated Lead Qualification,0,,,not_sent,absent_hard_bound_evidence
695eeb95ca2cf8cd827bc824,REV-003,0,,,not_sent,absent_hard_bound_evidence
695eeb95ca2cf8cd827bc838,68bc5353ef800d98b63c95da,0,,,not_sent,absent_hard_bound_evidence
695eeb95ca2cf8cd827bc859,Research: Kick.com Deep Dive,0,,,not_sent,absent_hard_bound_evidence
695eeb95ca2cf8cd827bc87f,Create and Deploy Healthcare Data Agent,0,,,not_sent,absent_hard_bound_evidence
695eeb95ca2cf8cd827bc88a,REV-001,0,,,not_sent,absent_hard_bound_evidence
695eeb95ca2cf8cd827bc81f,Create and Deploy Healthcare Data Agent,0,,,not_sent,absent_hard_bound_evidence
695eeb95ca2cf8cd827bc83a,68bc5353ef800d98b63c95dc,0,,,not_sent,absent_hard_bound_evidence
695eeb95ca2cf8cd827bc860,Initial Scoring Simulation,0,,,not_sent,absent_hard_bound_evidence
695eeb95ca2cf8cd827bc822,REV-001,0,,,not_sent,absent_hard_bound_evidence
695eeb95ca2cf8cd827bc832,68bc5353ef800d98b63c95d3,0,,,not_sent,absent_hard_bound_evidence
695eeb95ca2cf8cd827bc851,Transform Swarm from Content Creation to Direct Revenue Generation,0,,,not_sent,absent_hard_bound_evidence
695eeb95ca2cf8cd827bc856,Develop PayPal API Integration Module,0,,,not_sent,absent_hard_bound_evidence
695eeb95ca2cf8cd827bc872,Content Generation for Campaign,0,,,not_sent,absent_hard_bound_evidence
695eeb95ca2cf8cd827bc823,REV-002,0,,,not_sent,absent_hard_bound_evidence
695eeb95ca2cf8cd827bc83e,68bc5353ef800d98b63c95e1,0,,,not_sent,absent_hard_bound_evidence
695eeb95ca2cf8cd827bc84a,"Launch Autonomous Education Affiliate Revenue Stream - Target: $5,000+ Monthly Recurring",0,,,not_sent,absent_hard_bound_evidence
695eeb95ca2cf8cd827bc873,Generate Ad Copy for RealWorldCerts' AWS IoT Course,0,,,not_sent,absent_hard_bound_evidence
695eeb95ca2cf8cd827bc874,Diagnose and Fix Twitter/X API Connection Failure,0,,,not_sent,absent_hard_bound_evidence
695eeb95ca2cf8cd827bc82a,68bc38085f02369b6679e083,0,,,not_sent,absent_hard_bound_evidence
695eeb95ca2cf8cd827bc85a,Proven Revenue Models Catalog,0,,,not_sent,absent_hard_bound_evidence
695eeb95ca2cf8cd827bc841,Analyze Competitor AI Offerings,0,,,not_sent,absent_hard_bound_evidence
695eeb95ca2cf8cd827bc867,Partnership Outreach Plan,0,,,not_sent,absent_hard_bound_evidence
695eeb95ca2cf8cd827bc86f,Social Media Trend Analysis,0,,,not_sent,absent_hard_bound_evidence
695eeb95ca2cf8cd827bc861,Agentic Automation Framework Setup,0,,,not_sent,absent_hard_bound_evidence
695eeb95ca2cf8cd827bc87c,Develop Predictive Maintenance Agent for Industrial IoT,0,,,not_sent,absent_hard_bound_evidence
695eeb95ca2cf8cd827bc884,Analyze Udemy Takedown & Explore New Revenue Streams,0,,,not_sent,absent_hard_bound_evidence
695eeb95ca2cf8cd827bc847,Directive: Forge Autonomous SaaS Product,0,,,not_sent,absent_hard_bound_evidence
695eeb95ca2cf8cd827bc85e,Exploratory Data Analysis,0,,,not_sent,absent_hard_bound_evidence
695eeb95ca2cf8cd827bc865,Final Recommendation Dossier,0,,,not_sent,absent_hard_bound_evidence
695eeb95ca2cf8cd827bc82e,68bc5353ef800d98b63c95d1,0,,,not_sent,absent_hard_bound_evidence
695eeb95ca2cf8cd827bc82f,68bc5353ef800d98b63c95d2,0,,,not_sent,absent_hard_bound_evidence
695eeb95ca2cf8cd827bc848,Continuously Scan for Emerging Agent Technologies,0,,,not_sent,absent_hard_bound_evidence
695eeb95ca2cf8cd827bc84d,Generate Email Campaign for New Course Promotion,0,,,not_sent,absent_hard_bound_evidence
695eeb95ca2cf8cd827bc853,Establish Automated Arbitrage Operations Across 3 Markets,0,,,not_sent,absent_hard_bound_evidence
695eeb95ca2cf8cd827bc85b,Design Evaluation Criteria Matrix,0,,,not_sent,absent_hard_bound_evidence
695eeb95ca2cf8cd827bc868,"Launch Autonomous Education Affiliate Revenue Stream - Target: $5,000+ Monthly Recurring",0,,,not_sent,absent_hard_bound_evidence
695eeb95ca2cf8cd827bc87e,Assemble Autonomous Finance & Trading Agent,0,,,not_sent,absent_hard_bound_evidence
695eeb95ca2cf8cd827bc837,68bc5353ef800d98b63c95d9,0,,,not_sent,absent_hard_bound_evidence
695eeb95ca2cf8cd827bc866,Execution Roadmap,0,,,not_sent,absent_hard_bound_evidence
695eeb95ca2cf8cd827bc862,Revenue Stream Opportunity Identification,0,,,not_sent,absent_hard_bound_evidence
695eeb95ca2cf8cd827bc886,Attempt Bitcoin Puzzle Challenge,0,,,not_sent,absent_hard_bound_evidence
695eeb95ca2cf8cd827bc88b,REV-002,0,,,not_sent,absent_hard_bound_evidence
695eeb95ca2cf8cd827bc82b,68bc5353ef800d98b63c95cd,0,,,not_sent,absent_hard_bound_evidence
695eeb95ca2cf8cd827bc87a,Create and Deploy AI-Powered Contract Review Agent,0,,,not_sent,absent_hard_bound_evidence
695eeb95ca2cf8cd827bc87b,Build and Implement Supply Chain Optimization Agent,0,,,not_sent,absent_hard_bound_evidence
695eeb95ca2cf8cd827bc82c,68bc5353ef800d98b63c95ce,0,,,not_sent,absent_hard_bound_evidence
695eeb95ca2cf8cd827bc844,Performance Data Analysis,0,,,not_sent,absent_hard_bound_evidence
695eeb95ca2cf8cd827bc846,Integrate and Deploy Comet Agent for New Course Opportunity Analysis,0,,,not_sent,absent_hard_bound_evidence
695eeb95ca2cf8cd827bc849,Deploy Project Sentinel to Eliminate Swarm Error Rate,0,,,not_sent,absent_hard_bound_evidence
695eeb95ca2cf8cd827bc850,Immediate Revenue Generation & Conversion Optimization for realworldcerts.com,0,,,not_sent,absent_hard_bound_evidence
695eeb95ca2cf8cd827bc878,Integrate and Test Flowith Agent Neo for Autonomous Campaign Orchestration,0,,,not_sent,absent_hard_bound_evidence
695eeb95ca2cf8cd827bc835,68bc5353ef800d98b63c95d7,0,,,not_sent,absent_hard_bound_evidence
695eeb95ca2cf8cd827bc83d,68bc5353ef800d98b63c95e0,0,,,not_sent,absent_hard_bound_evidence
695eeb95ca2cf8cd827bc883,Generate Immediate Revenue While Fixing Pipeline Issues,0,,,not_sent,absent_hard_bound_evidence
695eeb95ca2cf8cd827bc81e,Assemble Autonomous Finance & Trading Agent,0,,,not_sent,absent_hard_bound_evidence
695eeb95ca2cf8cd827bc840,68bc5353ef800d98b63c95e3,0,,,not_sent,absent_hard_bound_evidence
695eeb95ca2cf8cd827bc845,Promote RealWorldCerts Course: ANSYS Certified Professional,0,,,not_sent,absent_hard_bound_evidence
695eeb95ca2cf8cd827bc863,Risk Assessment & Mitigation Plan,0,,,not_sent,absent_hard_bound_evidence
695eeb95ca2cf8cd827bc879,Develop and Deploy Autonomous Sales & Outreach Agent,0,,,not_sent,absent_hard_bound_evidence
695eeb95ca2cf8cd827bc87d,Construct Customer Success Copilot (Multi-Agent Approach),0,,,not_sent,absent_hard_bound_evidence
695eeb95ca2cf8cd827bc882,Forge High Performance Affiliate Marketing - Maximize Revenue Share,0,,,not_sent,absent_hard_bound_evidence
695eeb95ca2cf8cd827bc887,Canva Template Revenue Launch,0,,,not_sent,absent_hard_bound_evidence
695eeb95ca2cf8cd827bc826,Automation Refinement,0,,,not_sent,absent_hard_bound_evidence
695eeb95ca2cf8cd827bc827,M007,0,,,not_sent,absent_hard_bound_evidence
695eeb95ca2cf8cd827bc842,Launch AWS certification awareness campaign,0,,,not_sent,absent_hard_bound_evidence
695eeb95ca2cf8cd827bc855,Establish Micro-SaaS Subscription Revenue Stream,0,,,not_sent,absent_hard_bound_evidence
695eeb95ca2cf8cd827bc86c,Promote  RealWorldCerts courses with 25% enrollment increase,0,,,not_sent,absent_hard_bound_evidence
695eeb95ca2cf8cd827bc877,Continuously Scan and Integrate New AI Tools from TheAISurfer and github repos like https://github.com/MeiGen-AI,0,,,not_sent,absent_hard_bound_evidence
695eeb95ca2cf8cd827bc881,Analyze and Optimize New Storefront in Morocco,0,,,not_sent,absent_hard_bound_evidence
695eeb95ca2cf8cd827bc82d,68bc5353ef800d98b63c95cf,0,,,not_sent,absent_hard_bound_evidence
695eeb95ca2cf8cd827bc830,68bc5353ef800d98b63c95d4,0,,,not_sent,absent_hard_bound_evidence
695eeb95ca2cf8cd827bc875,Create and Deploy Autonomous Community Engagement Agent,0,,,not_sent,absent_hard_bound_evidence
695eeb95ca2cf8cd827bc81d,Construct Customer Success Copilot (Multi-Agent Approach),0,,,not_sent,absent_hard_bound_evidence
695eeb95ca2cf8cd827bc85c,Data Acquisition Pipeline,0,,,not_sent,absent_hard_bound_evidence
695eeb95ca2cf8cd827bc86a,Establish Micro-SaaS Subscription Revenue Stream,0,,,not_sent,absent_hard_bound_evidence
695eeb95ca2cf8cd827bc831,68bc5353ef800d98b63c95d0,0,,,not_sent,absent_hard_bound_evidence
695eeb95ca2cf8cd827bc834,68bc5353ef800d98b63c95d6,0,,,not_sent,absent_hard_bound_evidence
695eeb95ca2cf8cd827bc83b,68bc5353ef800d98b63c95dd,0,,,not_sent,absent_hard_bound_evidence
695eeb95ca2cf8cd827bc885,Investigation and Report on Chilling Effect of Unresolved Deaths on Muslim Institutional Development,0,,,not_sent,absent_hard_bound_evidence
695eeb95ca2cf8cd827bc836,68bc5353ef800d98b63c95d8,0,,,not_sent,absent_hard_bound_evidence
695eeb95ca2cf8cd827bc84e,Initiate affiliate marketing activation. Coordinate all agents under Autonomous Digital Education Incubator and Generative_Enterprise.,0,,,not_sent,absent_hard_bound_evidence
695eeb95ca2cf8cd827bc858,Project Kickoff & Requirements Gathering,0,,,not_sent,absent_hard_bound_evidence
695eeb95ca2cf8cd827bc876,Deploy and Integrate MultiTalk for Promotional Video Scripting,0,,,not_sent,absent_hard_bound_evidence
695eeb95ca2cf8cd827bc825,REV-004,0,,,not_sent,absent_hard_bound_evidence
695eeb95ca2cf8cd827bc83c,68bc5353ef800d98b63c95de,0,,,not_sent,absent_hard_bound_evidence
695eeb95ca2cf8cd827bc86d,Deploy SelarBot Autonomous Promotion Network,0,,,not_sent,absent_hard_bound_evidence
695eeb95ca2cf8cd827bc852,"Achieve Fully Autonomous, Self-Optimizing Revenue Generation",0,,,not_sent,absent_hard_bound_evidence
695eeb95ca2cf8cd827bc84c,Directive: Execute Swarm Synthesis Protocol,0,,,not_sent,absent_hard_bound_evidence
695eeb95ca2cf8cd827bc864,Financial Modeling,0,,,not_sent,absent_hard_bound_evidence
695eeb95ca2cf8cd827bc870,Multi-Platform Message Distribution,0,,,not_sent,absent_hard_bound_evidence
695eeb95ca2cf8cd827bc869,Launch Content Licensing Factory for Passive Income,0,,,not_sent,absent_hard_bound_evidence
695eeb95ca2cf8cd827bc820,Integrate Parse.bot for Automated Lead Qualification,0,,,not_sent,absent_hard_bound_evidence
695eeb95ca2cf8cd827bc85f,Competitor Landscape Map,0,,,not_sent,absent_hard_bound_evidence
695eeb95ca2cf8cd827bc86b,Launch Q1 Viral Marketing Campaign,0,,,not_sent,absent_hard_bound_evidence
695eeb95ca2cf8cd827bc888,Untitled Mission,0,,,not_sent,absent_hard_bound_evidence
695eeb95ca2cf8cd827bc828,M009,0,,,not_sent,absent_hard_bound_evidence
695eeb95ca2cf8cd827bc843,Cross-Platform Integration Test,0,,,not_sent,absent_hard_bound_evidence
695eeb95ca2cf8cd827bc84b,Broadcast Gratitude and Mission Directive to All Agents,0,,,not_sent,absent_hard_bound_evidence
695eeb95ca2cf8cd827bc86e,Execute Niche Market Maverick Revenue Generation Mission with Full Agent Cooperation,0,,,not_sent,absent_hard_bound_evidence
695eeb95ca2cf8cd827bc871,System Health Monitoring,0,,,not_sent,absent_hard_bound_evidence
695eeb95ca2cf8cd827bc889,Untitled Mission,0,,,not_sent,absent_hard_bound_evidence
695eeb95ca2cf8cd827bc821,Generate Immediate Revenue While Fixing Pipeline Issues,0,,,not_sent,absent_hard_bound_evidence
695eeb95ca2cf8cd827bc839,68bc5353ef800d98b63c95db,0,,,not_sent,absent_hard_bound_evidence
695eeb95ca2cf8cd827bc84f,Deploy Comprehensive Affiliate Fraud Protection Network,0,,,not_sent,absent_hard_bound_evidence
695eeb95ca2cf8cd827bc81c,Develop Predictive Maintenance Agent for Industrial IoT,0,,,not_sent,absent_hard_bound_evidence
695eeb95ca2cf8cd827bc829,M021,0,,,not_sent,absent_hard_bound_evidence
695eeb95ca2cf8cd827bc83f,68bc5353ef800d98b63c95e2,0,,,not_sent,absent_hard_bound_evidence
695eeb95ca2cf8cd827bc7b7,68bc5353ef800d98b63c95d5,0,,,not_sent,absent_hard_bound_evidence
695eeb95ca2cf8cd827bc800,Generate Email Campaign for New Course Promotion,0,,,not_sent,absent_hard_bound_evidence
695eeb95ca2cf8cd827bc80d,Launch Content Licensing Factory for Passive Income,0,,,not_sent,absent_hard_bound_evidence
695eeb95ca2cf8cd827bc7da,68bc5353ef800d98b63c95f9,0,,,not_sent,absent_hard_bound_evidence
695eeb95ca2cf8cd827bc7fe,Broadcast Gratitude and Mission Directive to All Agents,0,,,not_sent,absent_hard_bound_evidence
695eeb95ca2cf8cd827bc801,Initiate affiliate marketing activation. Coordinate all agents under Autonomous Digital Education Incubator and Generative_Enterprise.,0,,,not_sent,absent_hard_bound_evidence
695eeb95ca2cf8cd827bc806,Establish Automated Arbitrage Operations Across 3 Markets,0,,,not_sent,absent_hard_bound_evidence
695eeb95ca2cf8cd827bc7e1,68be8fb35a41fdec3cf18ed5,0,,,not_sent,absent_hard_bound_evidence
695eeb95ca2cf8cd827bc814,Generate Ad Copy for RealWorldCerts' AWS IoT Course,0,,,not_sent,absent_hard_bound_evidence
695eeb95ca2cf8cd827bc81a,Create and Deploy AI-Powered Contract Review Agent,0,,,not_sent,absent_hard_bound_evidence
695eeb95ca2cf8cd827bc803,Immediate Revenue Generation & Conversion Optimization for realworldcerts.com,0,,,not_sent,absent_hard_bound_evidence
695eeb95ca2cf8cd827bc7b8,68bc5353ef800d98b63c95d6,0,,,not_sent,absent_hard_bound_evidence
695eeb95ca2cf8cd827bc7ba,68bc5353ef800d98b63c95d8,0,,,not_sent,absent_hard_bound_evidence
695eeb95ca2cf8cd827bc7bd,68bc5353ef800d98b63c95db,0,,,not_sent,absent_hard_bound_evidence
695eeb95ca2cf8cd827bc7df,68c14ec7dd2d5f8f570f95c6,0,,,not_sent,absent_hard_bound_evidence
695eeb95ca2cf8cd827bc809,Strategic Opportunity Identification Agent: Discovering Proven Revenue Models and Platform Opportunities,0,,,not_sent,absent_hard_bound_evidence
695eeb95ca2cf8cd827bc7cd,68bc5353ef800d98b63c95ec,0,,,not_sent,absent_hard_bound_evidence
695eeb95ca2cf8cd827bc80b,Initial Scoring Simulation,0,,,not_sent,absent_hard_bound_evidence
695eeb95ca2cf8cd827bc819,Develop and Deploy Autonomous Sales & Outreach Agent,0,,,not_sent,absent_hard_bound_evidence
695eeb95ca2cf8cd827bc7ec,Cross-Platform Integration and API Ecosystem,0,,,not_sent,absent_hard_bound_evidence
695eeb95ca2cf8cd827bc7fb,Continuously Scan for Emerging Agent Technologies,0,,,not_sent,absent_hard_bound_evidence
695eeb95ca2cf8cd827bc7d6,68bc5353ef800d98b63c95f5,0,,,not_sent,absent_hard_bound_evidence
695eeb95ca2cf8cd827bc7ea,title,0,,,not_sent,absent_hard_bound_evidence
695eeb95ca2cf8cd827bc80f,Promote  RealWorldCerts courses with 25% enrollment increase,0,,,not_sent,absent_hard_bound_evidence
695eeb95ca2cf8cd827bc7ce,68bc5353ef800d98b63c95ed,0,,,not_sent,absent_hard_bound_evidence
695eeb95ca2cf8cd827bc7e5,68bed90d96a347716a77069b,0,,,not_sent,absent_hard_bound_evidence
695eeb95ca2cf8cd827bc80e,Establish Micro-SaaS Subscription Revenue Stream,0,,,not_sent,absent_hard_bound_evidence
695eeb95ca2cf8cd827bc7d4,68bc5353ef800d98b63c95f3,0,,,not_sent,absent_hard_bound_evidence
695eeb95ca2cf8cd827bc7d9,68bc5353ef800d98b63c95f8,0,,,not_sent,absent_hard_bound_evidence
695eeb95ca2cf8cd827bc807,Launch Content Licensing Factory for Passive Income,0,,,not_sent,absent_hard_bound_evidence
695eeb95ca2cf8cd827bc7c2,68bc5353ef800d98b63c95e1,0,,,not_sent,absent_hard_bound_evidence
695eeb95ca2cf8cd827bc7fd,"Launch Autonomous Education Affiliate Revenue Stream - Target: $5,000+ Monthly Recurring",0,,,not_sent,absent_hard_bound_evidence
695eeb95ca2cf8cd827bc7c1,68bc5353ef800d98b63c95e0,0,,,not_sent,absent_hard_bound_evidence
695eeb95ca2cf8cd827bc7d2,68bc5353ef800d98b63c95f1,0,,,not_sent,absent_hard_bound_evidence
695eeb95ca2cf8cd827bc7d8,68bc5353ef800d98b63c95f7,0,,,not_sent,absent_hard_bound_evidence
695eeb95ca2cf8cd827bc7de,68c14ec7dd2d5f8f570f95c5,0,,,not_sent,absent_hard_bound_evidence
695eeb95ca2cf8cd827bc7e6,68beddf551088dc2206bd7e3,0,,,not_sent,absent_hard_bound_evidence
695eeb95ca2cf8cd827bc818,Continuously Scan and Integrate New AI Tools from TheAISurfer and github repos like https://github.com/MeiGen-AI,0,,,not_sent,absent_hard_bound_evidence
695eeb95ca2cf8cd827bc81b,Build and Implement Supply Chain Optimization Agent,0,,,not_sent,absent_hard_bound_evidence
695eeb95ca2cf8cd827bc7ca,68bc5353ef800d98b63c95e9,0,,,not_sent,absent_hard_bound_evidence
695eeb95ca2cf8cd827bc7d7,68bc5353ef800d98b63c95f6,0,,,not_sent,absent_hard_bound_evidence
695eeb95ca2cf8cd827bc7fa,Directive: Forge Autonomous SaaS Product,0,,,not_sent,absent_hard_bound_evidence
695eeb95ca2cf8cd827bc816,Create and Deploy Autonomous Community Engagement Agent,0,,,not_sent,absent_hard_bound_evidence
695eeb95ca2cf8cd827bc7bc,68bc5353ef800d98b63c95da,0,,,not_sent,absent_hard_bound_evidence
695eeb95ca2cf8cd827bc7c0,68bc5353ef800d98b63c95de,0,,,not_sent,absent_hard_bound_evidence
695eeb95ca2cf8cd827bc7c8,68bc5353ef800d98b63c95e7,0,,,not_sent,absent_hard_bound_evidence
695eeb95ca2cf8cd827bc811,Multi-Platform Message Distribution,0,,,not_sent,absent_hard_bound_evidence
695eeb95ca2cf8cd827bc7dd,68bd654611425d525969711d,0,,,not_sent,absent_hard_bound_evidence
695eeb95ca2cf8cd827bc7cf,68bc5353ef800d98b63c95ee,0,,,not_sent,absent_hard_bound_evidence
695eeb95ca2cf8cd827bc7d3,68bc5353ef800d98b63c95f2,0,,,not_sent,absent_hard_bound_evidence
695eeb95ca2cf8cd827bc7f1,Generate Revenue Tracking & Withdrawal Simulation System Code,0,,,not_sent,absent_hard_bound_evidence
695eeb95ca2cf8cd827bc7c6,68bc5353ef800d98b63c95e5,0,,,not_sent,absent_hard_bound_evidence
695eeb95ca2cf8cd827bc7d0,68bc5353ef800d98b63c95ef,0,,,not_sent,absent_hard_bound_evidence
695eeb95ca2cf8cd827bc7f6,Cross-Platform Integration Test,0,,,not_sent,absent_hard_bound_evidence
695eeb95ca2cf8cd827bc805,"Achieve Fully Autonomous, Self-Optimizing Revenue Generation",0,,,not_sent,absent_hard_bound_evidence
695eeb95ca2cf8cd827bc80a,Exploratory Data Analysis,0,,,not_sent,absent_hard_bound_evidence
695eeb95ca2cf8cd827bc7c7,68bc5353ef800d98b63c95e6,0,,,not_sent,absent_hard_bound_evidence
695eeb95ca2cf8cd827bc7d1,68bc5353ef800d98b63c95f0,0,,,not_sent,absent_hard_bound_evidence
695eeb95ca2cf8cd827bc7e8,68beddf551088dc2206bd7f1,0,,,not_sent,absent_hard_bound_evidence
695eeb95ca2cf8cd827bc7e9,Documentation Enhancement for Command Centre,0,,,not_sent,absent_hard_bound_evidence
695eeb95ca2cf8cd827bc7f3,Q3 End Affiliate Blast,0,,,not_sent,absent_hard_bound_evidence
695eeb95ca2cf8cd827bc7f9,Integrate and Deploy Comet Agent for New Course Opportunity Analysis,0,,,not_sent,absent_hard_bound_evidence
695eeb95ca2cf8cd827bc7b9,68bc5353ef800d98b63c95d7,0,,,not_sent,absent_hard_bound_evidence
695eeb95ca2cf8cd827bc7e0,68c14ec8dd2d5f8f570f95c7,0,,,not_sent,absent_hard_bound_evidence
695eeb95ca2cf8cd827bc7e4,68be8fba5a41fdec3cf18f02,0,,,not_sent,absent_hard_bound_evidence
695eeb95ca2cf8cd827bc7eb,Advanced Analytics and Predictive Optimization,0,,,not_sent,absent_hard_bound_evidence
695eeb95ca2cf8cd827bc7b6,68bc5353ef800d98b63c95d3,0,,,not_sent,absent_hard_bound_evidence
695eeb95ca2cf8cd827bc7fc,Deploy Project Sentinel to Eliminate Swarm Error Rate,0,,,not_sent,absent_hard_bound_evidence
695eeb95ca2cf8cd827bc7ff,Directive: Execute Swarm Synthesis Protocol,0,,,not_sent,absent_hard_bound_evidence
695eeb95ca2cf8cd827bc7f4,"Create ""Affiliate Onboarding Guide"" Content Asset",0,,,not_sent,absent_hard_bound_evidence
695eeb95ca2cf8cd827bc7f7,Performance Data Analysis,0,,,not_sent,absent_hard_bound_evidence
695eeb95ca2cf8cd827bc7ee,Advanced Analytics and Predictive Optimization,0,,,not_sent,absent_hard_bound_evidence
695eeb95ca2cf8cd827bc7f2,LinkedIn Professional Outreach,0,,,not_sent,absent_hard_bound_evidence
695eeb95ca2cf8cd827bc7f5,Launch AWS certification awareness campaign,0,,,not_sent,absent_hard_bound_evidence
695eeb95ca2cf8cd827bc808,Establish Micro-SaaS Subscription Revenue Stream,0,,,not_sent,absent_hard_bound_evidence
695eeb95ca2cf8cd827bc7e2,68be8fb45a41fdec3cf18ee0,0,,,not_sent,absent_hard_bound_evidence
695eeb95ca2cf8cd827bc815,Diagnose and Fix Twitter/X API Connection Failure,0,,,not_sent,absent_hard_bound_evidence
695eeb95ca2cf8cd827bc7ef,Cross-Platform Integration and API Ecosystem,0,,,not_sent,absent_hard_bound_evidence
695eeb95ca2cf8cd827bc7be,68bc5353ef800d98b63c95dc,0,,,not_sent,absent_hard_bound_evidence
695eeb95ca2cf8cd827bc7cc,68bc5353ef800d98b63c95eb,0,,,not_sent,absent_hard_bound_evidence
695eeb95ca2cf8cd827bc7b5,68bc5353ef800d98b63c95d0,0,,,not_sent,absent_hard_bound_evidence
695eeb95ca2cf8cd827bc7bb,68bc5353ef800d98b63c95d9,0,,,not_sent,absent_hard_bound_evidence
695eeb95ca2cf8cd827bc7cb,68bc5353ef800d98b63c95ea,0,,,not_sent,absent_hard_bound_evidence
695eeb95ca2cf8cd827bc7db,68bc5353ef800d98b63c95fa,0,,,not_sent,absent_hard_bound_evidence
695eeb95ca2cf8cd827bc7f0,Scalability Testing and Performance Optimization,0,,,not_sent,absent_hard_bound_evidence
695eeb95ca2cf8cd827bc810,Social Media Trend Analysis,0,,,not_sent,absent_hard_bound_evidence
695eeb95ca2cf8cd827bc7bf,68bc5353ef800d98b63c95dd,0,,,not_sent,absent_hard_bound_evidence
695eeb95ca2cf8cd827bc7c9,68bc5353ef800d98b63c95e8,0,,,not_sent,absent_hard_bound_evidence
695eeb95ca2cf8cd827bc7f8,Promote RealWorldCerts Course: ANSYS Certified Professional,0,,,not_sent,absent_hard_bound_evidence
695eeb95ca2cf8cd827bc802,Deploy Comprehensive Affiliate Fraud Protection Network,0,,,not_sent,absent_hard_bound_evidence
695eeb95ca2cf8cd827bc813,Content Generation for Campaign,0,,,not_sent,absent_hard_bound_evidence
695eeb95ca2cf8cd827bc817,Deploy and Integrate MultiTalk for Promotional Video Scripting,0,,,not_sent,absent_hard_bound_evidence
695eeb95ca2cf8cd827bc7c3,68bc5353ef800d98b63c95e2,0,,,not_sent,absent_hard_bound_evidence
695eeb95ca2cf8cd827bc7c5,68bc5353ef800d98b63c95e4,0,,,not_sent,absent_hard_bound_evidence
695eeb95ca2cf8cd827bc7d5,68bc5353ef800d98b63c95f4,0,,,not_sent,absent_hard_bound_evidence
695eeb95ca2cf8cd827bc804,Transform Swarm from Content Creation to Direct Revenue Generation,0,,,not_sent,absent_hard_bound_evidence
695eeb95ca2cf8cd827bc80c,"Launch Autonomous Education Affiliate Revenue Stream - Target: $5,000+ Monthly Recurring",0,,,not_sent,absent_hard_bound_evidence
695eeb95ca2cf8cd827bc812,System Health Monitoring,0,,,not_sent,absent_hard_bound_evidence
695eeb95ca2cf8cd827bc7c4,68bc5353ef800d98b63c95e3,0,,,not_sent,absent_hard_bound_evidence
695eeb95ca2cf8cd827bc7dc,68bc5353ef800d98b63c95fb,0,,,not_sent,absent_hard_bound_evidence
695eeb95ca2cf8cd827bc7e3,68be8fb85a41fdec3cf18ee8,0,,,not_sent,absent_hard_bound_evidence
695eeb95ca2cf8cd827bc7e7,68beddf551088dc2206bd7e5,0,,,not_sent,absent_hard_bound_evidence
695eeb95ca2cf8cd827bc7ed,Scalability Testing and Performance Optimization,0,,,not_sent,absent_hard_bound_evidence
695eeb95ca2cf8cd827bc759,68c14ec7dd2d5f8f570f95c6,0,,,not_sent,absent_hard_bound_evidence
695eeb95ca2cf8cd827bc75a,68c14ec8dd2d5f8f570f95c7,0,,,not_sent,absent_hard_bound_evidence
695eeb95ca2cf8cd827bc76b,Generate Revenue Tracking & Withdrawal Simulation System Code,0,,,not_sent,absent_hard_bound_evidence
695eeb95ca2cf8cd827bc774,Establish Resource Capacity Tracking System,0,,,not_sent,absent_hard_bound_evidence
695eeb95ca2cf8cd827bc77b,Performance Data Analysis,0,,,not_sent,absent_hard_bound_evidence
695eeb95ca2cf8cd827bc784,Generate Email Campaign for New Course Promotion,0,,,not_sent,absent_hard_bound_evidence
695eeb95ca2cf8cd827bc753,68bc5353ef800d98b63c95f8,0,,,not_sent,absent_hard_bound_evidence
695eeb95ca2cf8cd827bc754,68bc5353ef800d98b63c95f9,0,,,not_sent,absent_hard_bound_evidence
695eeb95ca2cf8cd827bc75b,68be8fb35a41fdec3cf18ed5,0,,,not_sent,absent_hard_bound_evidence
695eeb95ca2cf8cd827bc752,68bc5353ef800d98b63c95f7,0,,,not_sent,absent_hard_bound_evidence
695eeb95ca2cf8cd827bc758,68c14ec7dd2d5f8f570f95c5,0,,,not_sent,absent_hard_bound_evidence
695eeb95ca2cf8cd827bc79a,Create and Deploy Autonomous Community Engagement Agent,0,,,not_sent,absent_hard_bound_evidence
695eeb95ca2cf8cd827bc751,68bc5353ef800d98b63c95f6,0,,,not_sent,absent_hard_bound_evidence
695eeb95ca2cf8cd827bc755,68bc5353ef800d98b63c95fa,0,,,not_sent,absent_hard_bound_evidence
695eeb95ca2cf8cd827bc75c,68be8fb45a41fdec3cf18ee0,0,,,not_sent,absent_hard_bound_evidence
695eeb95ca2cf8cd827bc757,68bd654611425d525969711d,0,,,not_sent,absent_hard_bound_evidence
695eeb95ca2cf8cd827bc750,68bc5353ef800d98b63c95f5,0,,,not_sent,absent_hard_bound_evidence
695eeb95ca2cf8cd827bc756,68bc5353ef800d98b63c95fb,0,,,not_sent,absent_hard_bound_evidence
695eeb95ca2cf8cd827bc75d,68be8fb85a41fdec3cf18ee8,0,,,not_sent,absent_hard_bound_evidence
695eeb95ca2cf8cd827bc771,System Integrity Test - Mission Persistence Check,0,,,not_sent,absent_hard_bound_evidence
695eeb95ca2cf8cd827bc77c,Promote RealWorldCerts Course: ANSYS Certified Professional,0,,,not_sent,absent_hard_bound_evidence
695eeb95ca2cf8cd827bc77f,Continuously Scan for Emerging Agent Technologies,0,,,not_sent,absent_hard_bound_evidence
695eeb95ca2cf8cd827bc790,"Launch Autonomous Education Affiliate Revenue Stream - Target: $5,000+ Monthly Recurring",0,,,not_sent,absent_hard_bound_evidence
695eeb95ca2cf8cd827bc799,Diagnose and Fix Twitter/X API Connection Failure,0,,,not_sent,absent_hard_bound_evidence
695eeb95ca2cf8cd827bc778,Weekly Distribution Revenue Payout,0,,,not_sent,absent_hard_bound_evidence
695eeb95ca2cf8cd827bc787,Immediate Revenue Generation & Conversion Optimization for realworldcerts.com,0,,,not_sent,absent_hard_bound_evidence
695eeb95ca2cf8cd827bc78c,Establish Micro-SaaS Subscription Revenue Stream,0,,,not_sent,absent_hard_bound_evidence
695eeb95ca2cf8cd827bc78e,Exploratory Data Analysis,0,,,not_sent,absent_hard_bound_evidence
695eeb95ca2cf8cd827bc7ac,M009,0,,,not_sent,absent_hard_bound_evidence
695eeb95ca2cf8cd827bc76a,Scalability Testing and Performance Optimization,0,,,not_sent,absent_hard_bound_evidence
695eeb95ca2cf8cd827bc79f,Build and Implement Supply Chain Optimization Agent,0,,,not_sent,absent_hard_bound_evidence
695eeb95ca2cf8cd827bc7a7,REV-002,0,,,not_sent,absent_hard_bound_evidence
695eeb95ca2cf8cd827bc7b2,68bc5353ef800d98b63c95d1,0,,,not_sent,absent_hard_bound_evidence
695eeb95ca2cf8cd827bc7b3,68bc5353ef800d98b63c95d2,0,,,not_sent,absent_hard_bound_evidence
695eeb95ca2cf8cd827bc78d,Strategic Opportunity Identification Agent: Discovering Proven Revenue Models and Platform Opportunities,0,,,not_sent,absent_hard_bound_evidence
695eeb95ca2cf8cd827bc793,Promote  RealWorldCerts courses with 25% enrollment increase,0,,,not_sent,absent_hard_bound_evidence
695eeb95ca2cf8cd827bc795,Multi-Platform Message Distribution,0,,,not_sent,absent_hard_bound_evidence
695eeb95ca2cf8cd827bc7af,68bc5353ef800d98b63c95cd,0,,,not_sent,absent_hard_bound_evidence
695eeb95ca2cf8cd827bc762,68beddf551088dc2206bd7f1,0,,,not_sent,absent_hard_bound_evidence
695eeb95ca2cf8cd827bc79e,Create and Deploy AI-Powered Contract Review Agent,0,,,not_sent,absent_hard_bound_evidence
695eeb95ca2cf8cd827bc763,Documentation Enhancement for Command Centre,0,,,not_sent,absent_hard_bound_evidence
695eeb95ca2cf8cd827bc764,title,0,,,not_sent,absent_hard_bound_evidence
695eeb95ca2cf8cd827bc776,Develop Agent Performance Scoring System,0,,,not_sent,absent_hard_bound_evidence
695eeb95ca2cf8cd827bc79d,Develop and Deploy Autonomous Sales & Outreach Agent,0,,,not_sent,absent_hard_bound_evidence
695eeb95ca2cf8cd827bc7a6,REV-001,0,,,not_sent,absent_hard_bound_evidence
695eeb95ca2cf8cd827bc7b1,68bc5353ef800d98b63c95cf,0,,,not_sent,absent_hard_bound_evidence
695eeb95ca2cf8cd827bc77a,Cross-Platform Integration Test,0,,,not_sent,absent_hard_bound_evidence
695eeb95ca2cf8cd827bc783,Directive: Execute Swarm Synthesis Protocol,0,,,not_sent,absent_hard_bound_evidence
695eeb95ca2cf8cd827bc78a,Establish Automated Arbitrage Operations Across 3 Markets,0,,,not_sent,absent_hard_bound_evidence
695eeb95ca2cf8cd827bc78b,Launch Content Licensing Factory for Passive Income,0,,,not_sent,absent_hard_bound_evidence
695eeb95ca2cf8cd827bc792,Establish Micro-SaaS Subscription Revenue Stream,0,,,not_sent,absent_hard_bound_evidence
695eeb95ca2cf8cd827bc7a8,REV-003,0,,,not_sent,absent_hard_bound_evidence
695eeb95ca2cf8cd827bc7aa,Automation Refinement,0,,,not_sent,absent_hard_bound_evidence
695eeb95ca2cf8cd827bc7b0,68bc5353ef800d98b63c95ce,0,,,not_sent,absent_hard_bound_evidence
695eeb95ca2cf8cd827bc75f,68bed90d96a347716a77069b,0,,,not_sent,absent_hard_bound_evidence
695eeb95ca2cf8cd827bc765,Advanced Analytics and Predictive Optimization,0,,,not_sent,absent_hard_bound_evidence
695eeb95ca2cf8cd827bc769,Cross-Platform Integration and API Ecosystem,0,,,not_sent,absent_hard_bound_evidence
695eeb95ca2cf8cd827bc76d,Q3 End Affiliate Blast,0,,,not_sent,absent_hard_bound_evidence
695eeb95ca2cf8cd827bc780,Deploy Project Sentinel to Eliminate Swarm Error Rate,0,,,not_sent,absent_hard_bound_evidence
695eeb95ca2cf8cd827bc794,Social Media Trend Analysis,0,,,not_sent,absent_hard_bound_evidence
695eeb95ca2cf8cd827bc772,Develop Pre-requisite Validation System for Missions,0,,,not_sent,absent_hard_bound_evidence
695eeb95ca2cf8cd827bc777,Implement Mission Complexity Scoring System,0,,,not_sent,absent_hard_bound_evidence
695eeb95ca2cf8cd827bc798,Generate Ad Copy for RealWorldCerts' AWS IoT Course,0,,,not_sent,absent_hard_bound_evidence
695eeb95ca2cf8cd827bc79c,Continuously Scan and Integrate New AI Tools from TheAISurfer and github repos like https://github.com/MeiGen-AI,0,,,not_sent,absent_hard_bound_evidence
695eeb95ca2cf8cd827bc7ae,68bc38085f02369b6679e083,0,,,not_sent,absent_hard_bound_evidence
695eeb95ca2cf8cd827bc789,"Achieve Fully Autonomous, Self-Optimizing Revenue Generation",0,,,not_sent,absent_hard_bound_evidence
695eeb95ca2cf8cd827bc77d,Integrate and Deploy Comet Agent for New Course Opportunity Analysis,0,,,not_sent,absent_hard_bound_evidence
695eeb95ca2cf8cd827bc76c,LinkedIn Professional Outreach,0,,,not_sent,absent_hard_bound_evidence
695eeb95ca2cf8cd827bc782,Broadcast Gratitude and Mission Directive to All Agents,0,,,not_sent,absent_hard_bound_evidence
695eeb95ca2cf8cd827bc7ad,M021,0,,,not_sent,absent_hard_bound_evidence
695eeb95ca2cf8cd827bc786,Deploy Comprehensive Affiliate Fraud Protection Network,0,,,not_sent,absent_hard_bound_evidence
695eeb95ca2cf8cd827bc77e,Directive: Forge Autonomous SaaS Product,0,,,not_sent,absent_hard_bound_evidence
695eeb95ca2cf8cd827bc78f,Initial Scoring Simulation,0,,,not_sent,absent_hard_bound_evidence
695eeb95ca2cf8cd827bc7b4,68bc5353ef800d98b63c95d4,0,,,not_sent,absent_hard_bound_evidence
695eeb95ca2cf8cd827bc775,Implement Predictive Deadline Forecasting,0,,,not_sent,absent_hard_bound_evidence
695eeb95ca2cf8cd827bc7a5,Generate Immediate Revenue While Fixing Pipeline Issues,0,,,not_sent,absent_hard_bound_evidence
695eeb95ca2cf8cd827bc766,Cross-Platform Integration and API Ecosystem,0,,,not_sent,absent_hard_bound_evidence
695eeb95ca2cf8cd827bc770,Deploy Decentralized Governance,0,,,not_sent,absent_hard_bound_evidence
695eeb95ca2cf8cd827bc768,Advanced Analytics and Predictive Optimization,0,,,not_sent,absent_hard_bound_evidence
695eeb95ca2cf8cd827bc76e,"Create ""Affiliate Onboarding Guide"" Content Asset",0,,,not_sent,absent_hard_bound_evidence
695eeb95ca2cf8cd827bc7a1,Construct Customer Success Copilot (Multi-Agent Approach),0,,,not_sent,absent_hard_bound_evidence
695eeb95ca2cf8cd827bc7a2,Assemble Autonomous Finance & Trading Agent,0,,,not_sent,absent_hard_bound_evidence
695eeb95ca2cf8cd827bc7a4,Integrate Parse.bot for Automated Lead Qualification,0,,,not_sent,absent_hard_bound_evidence
695eeb95ca2cf8cd827bc773,Implement Mission Dependency Mapping System,0,,,not_sent,absent_hard_bound_evidence
695eeb95ca2cf8cd827bc760,68beddf551088dc2206bd7e3,0,,,not_sent,absent_hard_bound_evidence
695eeb95ca2cf8cd827bc785,Initiate affiliate marketing activation. Coordinate all agents under Autonomous Digital Education Incubator and Generative_Enterprise.,0,,,not_sent,absent_hard_bound_evidence
695eeb95ca2cf8cd827bc788,Transform Swarm from Content Creation to Direct Revenue Generation,0,,,not_sent,absent_hard_bound_evidence
695eeb95ca2cf8cd827bc7ab,M007,0,,,not_sent,absent_hard_bound_evidence
695eeb95ca2cf8cd827bc761,68beddf551088dc2206bd7e5,0,,,not_sent,absent_hard_bound_evidence
695eeb95ca2cf8cd827bc76f,Deploy Self-Hosted Analytics System,0,,,not_sent,absent_hard_bound_evidence
695eeb95ca2cf8cd827bc7a3,Create and Deploy Healthcare Data Agent,0,,,not_sent,absent_hard_bound_evidence
695eeb95ca2cf8cd827bc75e,68be8fba5a41fdec3cf18f02,0,,,not_sent,absent_hard_bound_evidence
695eeb95ca2cf8cd827bc7a9,REV-004,0,,,not_sent,absent_hard_bound_evidence
695eeb95ca2cf8cd827bc791,Launch Content Licensing Factory for Passive Income,0,,,not_sent,absent_hard_bound_evidence
695eeb95ca2cf8cd827bc796,System Health Monitoring,0,,,not_sent,absent_hard_bound_evidence
695eeb95ca2cf8cd827bc79b,Deploy and Integrate MultiTalk for Promotional Video Scripting,0,,,not_sent,absent_hard_bound_evidence
695eeb95ca2cf8cd827bc767,Scalability Testing and Performance Optimization,0,,,not_sent,absent_hard_bound_evidence
695eeb95ca2cf8cd827bc779,Launch AWS certification awareness campaign,0,,,not_sent,absent_hard_bound_evidence
695eeb95ca2cf8cd827bc797,Content Generation for Campaign,0,,,not_sent,absent_hard_bound_evidence
695eeb95ca2cf8cd827bc7a0,Develop Predictive Maintenance Agent for Industrial IoT,0,,,not_sent,absent_hard_bound_evidence
695eeb95ca2cf8cd827bc781,"Launch Autonomous Education Affiliate Revenue Stream - Target: $5,000+ Monthly Recurring",0,,,not_sent,absent_hard_bound_evidence
695eeb95ca2cf8cd827bc6e9,Analyze System Performance,0,,,not_sent,absent_hard_bound_evidence
695eeb95ca2cf8cd827bc713,Diagnose and Fix Twitter/X API Connection Failure,0,,,not_sent,absent_hard_bound_evidence
695eeb95ca2cf8cd827bc733,68bc5353ef800d98b63c95d7,0,,,not_sent,absent_hard_bound_evidence
695eeb95ca2cf8cd827bc734,68bc5353ef800d98b63c95d8,0,,,not_sent,absent_hard_bound_evidence
695eeb95ca2cf8cd827bc74b,68bc5353ef800d98b63c95f0,0,,,not_sent,absent_hard_bound_evidence
695eeb95ca2cf8cd827bc6ef,Validate PayPal API Configuration,0,,,not_sent,absent_hard_bound_evidence
695eeb95ca2cf8cd827bc6f4,Cross-Platform Integration Test,0,,,not_sent,absent_hard_bound_evidence
695eeb95ca2cf8cd827bc6f3,Launch AWS certification awareness campaign,0,,,not_sent,absent_hard_bound_evidence
695eeb95ca2cf8cd827bc6f7,Integrate and Deploy Comet Agent for New Course Opportunity Analysis,0,,,not_sent,absent_hard_bound_evidence
695eeb95ca2cf8cd827bc714,Create and Deploy Autonomous Community Engagement Agent,0,,,not_sent,absent_hard_bound_evidence
695eeb95ca2cf8cd827bc71f,Generate Immediate Revenue While Fixing Pipeline Issues,0,,,not_sent,absent_hard_bound_evidence
695eeb95ca2cf8cd827bc740,68bc5353ef800d98b63c95e5,0,,,not_sent,absent_hard_bound_evidence
695eeb95ca2cf8cd827bc6f8,Directive: Forge Autonomous SaaS Product,0,,,not_sent,absent_hard_bound_evidence
695eeb95ca2cf8cd827bc710,System Health Monitoring,0,,,not_sent,absent_hard_bound_evidence
695eeb95ca2cf8cd827bc72f,68bc5353ef800d98b63c95d0,0,,,not_sent,absent_hard_bound_evidence
695eeb95ca2cf8cd827bc746,68bc5353ef800d98b63c95eb,0,,,not_sent,absent_hard_bound_evidence
695eeb95ca2cf8cd827bc6ea,Manage Cloud Deployment,0,,,not_sent,absent_hard_bound_evidence
695eeb95ca2cf8cd827bc728,68bc38085f02369b6679e083,0,,,not_sent,absent_hard_bound_evidence
695eeb95ca2cf8cd827bc743,68bc5353ef800d98b63c95e8,0,,,not_sent,absent_hard_bound_evidence
695eeb95ca2cf8cd827bc6f5,Performance Data Analysis,0,,,not_sent,absent_hard_bound_evidence
695eeb95ca2cf8cd827bc717,Develop and Deploy Autonomous Sales & Outreach Agent,0,,,not_sent,absent_hard_bound_evidence
695eeb95ca2cf8cd827bc6f0,Implement Comprehensive Service Monitoring,0,,,not_sent,absent_hard_bound_evidence
695eeb95ca2cf8cd827bc723,REV-004,0,,,not_sent,absent_hard_bound_evidence
695eeb95ca2cf8cd827bc72e,68bc5353ef800d98b63c95d4,0,,,not_sent,absent_hard_bound_evidence
695eeb95ca2cf8cd827bc70a,"Launch Autonomous Education Affiliate Revenue Stream - Target: $5,000+ Monthly Recurring",0,,,not_sent,absent_hard_bound_evidence
695eeb95ca2cf8cd827bc70e,Social Media Trend Analysis,0,,,not_sent,absent_hard_bound_evidence
695eeb95ca2cf8cd827bc725,M007,0,,,not_sent,absent_hard_bound_evidence
695eeb95ca2cf8cd827bc72c,68bc5353ef800d98b63c95d1,0,,,not_sent,absent_hard_bound_evidence
695eeb95ca2cf8cd827bc712,Generate Ad Copy for RealWorldCerts' AWS IoT Course,0,,,not_sent,absent_hard_bound_evidence
695eeb95ca2cf8cd827bc716,Continuously Scan and Integrate New AI Tools from TheAISurfer and github repos like https://github.com/MeiGen-AI,0,,,not_sent,absent_hard_bound_evidence
695eeb95ca2cf8cd827bc71a,Develop Predictive Maintenance Agent for Industrial IoT,0,,,not_sent,absent_hard_bound_evidence
695eeb95ca2cf8cd827bc6f1,Implement PayPal Service Resilience,0,,,not_sent,absent_hard_bound_evidence
695eeb95ca2cf8cd827bc708,Exploratory Data Analysis,0,,,not_sent,absent_hard_bound_evidence
695eeb95ca2cf8cd827bc70f,Multi-Platform Message Distribution,0,,,not_sent,absent_hard_bound_evidence
695eeb95ca2cf8cd827bc6fa,Deploy Project Sentinel to Eliminate Swarm Error Rate,0,,,not_sent,absent_hard_bound_evidence
695eeb95ca2cf8cd827bc704,Establish Automated Arbitrage Operations Across 3 Markets,0,,,not_sent,absent_hard_bound_evidence
695eeb95ca2cf8cd827bc732,68bc5353ef800d98b63c95d6,0,,,not_sent,absent_hard_bound_evidence
695eeb95ca2cf8cd827bc736,68bc5353ef800d98b63c95da,0,,,not_sent,absent_hard_bound_evidence
695eeb95ca2cf8cd827bc739,68bc5353ef800d98b63c95dd,0,,,not_sent,absent_hard_bound_evidence
695eeb95ca2cf8cd827bc74d,68bc5353ef800d98b63c95f2,0,,,not_sent,absent_hard_bound_evidence
695eeb95ca2cf8cd827bc6f2,External System Integration Framework,0,,,not_sent,absent_hard_bound_evidence
695eeb95ca2cf8cd827bc700,Deploy Comprehensive Affiliate Fraud Protection Network,0,,,not_sent,absent_hard_bound_evidence
695eeb95ca2cf8cd827bc707,Strategic Opportunity Identification Agent: Discovering Proven Revenue Models and Platform Opportunities,0,,,not_sent,absent_hard_bound_evidence
695eeb95ca2cf8cd827bc709,Initial Scoring Simulation,0,,,not_sent,absent_hard_bound_evidence
695eeb95ca2cf8cd827bc71e,Integrate Parse.bot for Automated Lead Qualification,0,,,not_sent,absent_hard_bound_evidence
695eeb95ca2cf8cd827bc721,REV-002,0,,,not_sent,absent_hard_bound_evidence
695eeb95ca2cf8cd827bc749,68bc5353ef800d98b63c95ee,0,,,not_sent,absent_hard_bound_evidence
695eeb95ca2cf8cd827bc706,Establish Micro-SaaS Subscription Revenue Stream,0,,,not_sent,absent_hard_bound_evidence
695eeb95ca2cf8cd827bc748,68bc5353ef800d98b63c95ed,0,,,not_sent,absent_hard_bound_evidence
695eeb95ca2cf8cd827bc724,Automation Refinement,0,,,not_sent,absent_hard_bound_evidence
695eeb95ca2cf8cd827bc72a,68bc5353ef800d98b63c95ce,0,,,not_sent,absent_hard_bound_evidence
695eeb95ca2cf8cd827bc73a,68bc5353ef800d98b63c95de,0,,,not_sent,absent_hard_bound_evidence
695eeb95ca2cf8cd827bc701,Immediate Revenue Generation & Conversion Optimization for realworldcerts.com,0,,,not_sent,absent_hard_bound_evidence
695eeb95ca2cf8cd827bc71c,Assemble Autonomous Finance & Trading Agent,0,,,not_sent,absent_hard_bound_evidence
695eeb95ca2cf8cd827bc73c,68bc5353ef800d98b63c95e1,0,,,not_sent,absent_hard_bound_evidence
695eeb95ca2cf8cd827bc741,68bc5353ef800d98b63c95e6,0,,,not_sent,absent_hard_bound_evidence
695eeb95ca2cf8cd827bc71b,Construct Customer Success Copilot (Multi-Agent Approach),0,,,not_sent,absent_hard_bound_evidence
695eeb95ca2cf8cd827bc73e,68bc5353ef800d98b63c95e3,0,,,not_sent,absent_hard_bound_evidence
695eeb95ca2cf8cd827bc742,68bc5353ef800d98b63c95e7,0,,,not_sent,absent_hard_bound_evidence
695eeb95ca2cf8cd827bc74a,68bc5353ef800d98b63c95ef,0,,,not_sent,absent_hard_bound_evidence
695eeb95ca2cf8cd827bc72d,68bc5353ef800d98b63c95d2,0,,,not_sent,absent_hard_bound_evidence
695eeb95ca2cf8cd827bc6ec,Ensure Security and Compliance,0,,,not_sent,absent_hard_bound_evidence
695eeb95ca2cf8cd827bc6ed,Handle Incidents,0,,,not_sent,absent_hard_bound_evidence
695eeb95ca2cf8cd827bc70d,Promote  RealWorldCerts courses with 25% enrollment increase,0,,,not_sent,absent_hard_bound_evidence
695eeb95ca2cf8cd827bc74f,68bc5353ef800d98b63c95f4,0,,,not_sent,absent_hard_bound_evidence
695eeb95ca2cf8cd827bc719,Build and Implement Supply Chain Optimization Agent,0,,,not_sent,absent_hard_bound_evidence
695eeb95ca2cf8cd827bc6fb,"Launch Autonomous Education Affiliate Revenue Stream - Target: $5,000+ Monthly Recurring",0,,,not_sent,absent_hard_bound_evidence
695eeb95ca2cf8cd827bc6fc,Broadcast Gratitude and Mission Directive to All Agents,0,,,not_sent,absent_hard_bound_evidence
695eeb95ca2cf8cd827bc705,Launch Content Licensing Factory for Passive Income,0,,,not_sent,absent_hard_bound_evidence
695eeb95ca2cf8cd827bc735,68bc5353ef800d98b63c95d9,0,,,not_sent,absent_hard_bound_evidence
695eeb95ca2cf8cd827bc737,68bc5353ef800d98b63c95db,0,,,not_sent,absent_hard_bound_evidence
695eeb95ca2cf8cd827bc6f6,Promote RealWorldCerts Course: ANSYS Certified Professional,0,,,not_sent,absent_hard_bound_evidence
695eeb95ca2cf8cd827bc727,M021,0,,,not_sent,absent_hard_bound_evidence
695eeb95ca2cf8cd827bc72b,68bc5353ef800d98b63c95cf,0,,,not_sent,absent_hard_bound_evidence
695eeb95ca2cf8cd827bc731,68bc5353ef800d98b63c95d5,0,,,not_sent,absent_hard_bound_evidence
695eeb95ca2cf8cd827bc73d,68bc5353ef800d98b63c95e2,0,,,not_sent,absent_hard_bound_evidence
695eeb95ca2cf8cd827bc738,68bc5353ef800d98b63c95dc,0,,,not_sent,absent_hard_bound_evidence
695eeb95ca2cf8cd827bc747,68bc5353ef800d98b63c95ec,0,,,not_sent,absent_hard_bound_evidence
695eeb95ca2cf8cd827bc74c,68bc5353ef800d98b63c95f1,0,,,not_sent,absent_hard_bound_evidence
695eeb95ca2cf8cd827bc70b,Launch Content Licensing Factory for Passive Income,0,,,not_sent,absent_hard_bound_evidence
695eeb95ca2cf8cd827bc73f,68bc5353ef800d98b63c95e4,0,,,not_sent,absent_hard_bound_evidence
695eeb95ca2cf8cd827bc74e,68bc5353ef800d98b63c95f3,0,,,not_sent,absent_hard_bound_evidence
695eeb95ca2cf8cd827bc715,Deploy and Integrate MultiTalk for Promotional Video Scripting,0,,,not_sent,absent_hard_bound_evidence
695eeb95ca2cf8cd827bc71d,Create and Deploy Healthcare Data Agent,0,,,not_sent,absent_hard_bound_evidence
695eeb95ca2cf8cd827bc722,REV-003,0,,,not_sent,absent_hard_bound_evidence
695eeb95ca2cf8cd827bc729,68bc5353ef800d98b63c95cd,0,,,not_sent,absent_hard_bound_evidence
695eeb95ca2cf8cd827bc744,68bc5353ef800d98b63c95e9,0,,,not_sent,absent_hard_bound_evidence
695eeb95ca2cf8cd827bc6eb,Perform System Maintenance,0,,,not_sent,absent_hard_bound_evidence
695eeb95ca2cf8cd827bc720,REV-001,0,,,not_sent,absent_hard_bound_evidence
695eeb95ca2cf8cd827bc73b,68bc5353ef800d98b63c95e0,0,,,not_sent,absent_hard_bound_evidence
695eeb95ca2cf8cd827bc745,68bc5353ef800d98b63c95ea,0,,,not_sent,absent_hard_bound_evidence
695eeb95ca2cf8cd827bc6f9,Continuously Scan for Emerging Agent Technologies,0,,,not_sent,absent_hard_bound_evidence
695eeb95ca2cf8cd827bc6fd,Directive: Execute Swarm Synthesis Protocol,0,,,not_sent,absent_hard_bound_evidence
695eeb95ca2cf8cd827bc6fe,Generate Email Campaign for New Course Promotion,0,,,not_sent,absent_hard_bound_evidence
695eeb95ca2cf8cd827bc703,"Achieve Fully Autonomous, Self-Optimizing Revenue Generation",0,,,not_sent,absent_hard_bound_evidence
695eeb95ca2cf8cd827bc70c,Establish Micro-SaaS Subscription Revenue Stream,0,,,not_sent,absent_hard_bound_evidence
695eeb95ca2cf8cd827bc726,M009,0,,,not_sent,absent_hard_bound_evidence
695eeb95ca2cf8cd827bc6ff,Initiate affiliate marketing activation. Coordinate all agents under Autonomous Digital Education Incubator and Generative_Enterprise.,0,,,not_sent,absent_hard_bound_evidence
695eeb95ca2cf8cd827bc711,Content Generation for Campaign,0,,,not_sent,absent_hard_bound_evidence
695eeb95ca2cf8cd827bc718,Create and Deploy AI-Powered Contract Review Agent,0,,,not_sent,absent_hard_bound_evidence
695eeb95ca2cf8cd827bc730,68bc5353ef800d98b63c95d3,0,,,not_sent,absent_hard_bound_evidence
695eeb95ca2cf8cd827bc6ee,Resolve PayPal 403 Authorization Errors,0,,,not_sent,absent_hard_bound_evidence
695eeb95ca2cf8cd827bc702,Transform Swarm from Content Creation to Direct Revenue Generation,0,,,not_sent,absent_hard_bound_evidence
695eeb95ca2cf8cd827bc6b7,68bc5353ef800d98b63c95ed,0,,,not_sent,absent_hard_bound_evidence
695eeb95ca2cf8cd827bc6c7,68c14ec7dd2d5f8f570f95c5,0,,,not_sent,absent_hard_bound_evidence
695eeb95ca2cf8cd827bc6dd,"Create ""Affiliate Onboarding Guide"" Content Asset",0,,,not_sent,absent_hard_bound_evidence
695eeb95ca2cf8cd827bc67e,Multi-Platform Message Distribution,0,,,not_sent,absent_hard_bound_evidence
695eeb95ca2cf8cd827bc696,M021,0,,,not_sent,absent_hard_bound_evidence
695eeb95ca2cf8cd827bc6cd,68be8fba5a41fdec3cf18f02,0,,,not_sent,absent_hard_bound_evidence
695eeb95ca2cf8cd827bc6e1,Develop Pre-requisite Validation System for Missions,0,,,not_sent,absent_hard_bound_evidence
695eeb95ca2cf8cd827bc6e8,Monitor PayPal API Health,0,,,not_sent,absent_hard_bound_evidence
695eeb95ca2cf8cd827bc689,Develop Predictive Maintenance Agent for Industrial IoT,0,,,not_sent,absent_hard_bound_evidence
695eeb95ca2cf8cd827bc6a3,68bc5353ef800d98b63c95d8,0,,,not_sent,absent_hard_bound_evidence
695eeb95ca2cf8cd827bc6c1,68bc5353ef800d98b63c95f7,0,,,not_sent,absent_hard_bound_evidence
695eeb95ca2cf8cd827bc6cb,68be8fb45a41fdec3cf18ee0,0,,,not_sent,absent_hard_bound_evidence
695eeb95ca2cf8cd827bc683,Create and Deploy Autonomous Community Engagement Agent,0,,,not_sent,absent_hard_bound_evidence
695eeb95ca2cf8cd827bc6c0,68bc5353ef800d98b63c95f6,0,,,not_sent,absent_hard_bound_evidence
695eeb95ca2cf8cd827bc6d7,Advanced Analytics and Predictive Optimization,0,,,not_sent,absent_hard_bound_evidence
695eeb95ca2cf8cd827bc6b1,68bc5353ef800d98b63c95e7,0,,,not_sent,absent_hard_bound_evidence
695eeb95ca2cf8cd827bc6d0,68beddf551088dc2206bd7e5,0,,,not_sent,absent_hard_bound_evidence
695eeb95ca2cf8cd827bc6da,Generate Revenue Tracking & Withdrawal Simulation System Code,0,,,not_sent,absent_hard_bound_evidence
695eeb95ca2cf8cd827bc67d,Social Media Trend Analysis,0,,,not_sent,absent_hard_bound_evidence
695eeb95ca2cf8cd827bc695,M009,0,,,not_sent,absent_hard_bound_evidence
695eeb95ca2cf8cd827bc6a5,68bc5353ef800d98b63c95da,0,,,not_sent,absent_hard_bound_evidence
695eeb95ca2cf8cd827bc6c4,68bc5353ef800d98b63c95fa,0,,,not_sent,absent_hard_bound_evidence
695eeb95ca2cf8cd827bc6c5,68bc5353ef800d98b63c95fb,0,,,not_sent,absent_hard_bound_evidence
695eeb95ca2cf8cd827bc6d2,Documentation Enhancement for Command Centre,0,,,not_sent,absent_hard_bound_evidence
695eeb95ca2cf8cd827bc6a1,68bc5353ef800d98b63c95d6,0,,,not_sent,absent_hard_bound_evidence
695eeb95ca2cf8cd827bc6c3,68bc5353ef800d98b63c95f9,0,,,not_sent,absent_hard_bound_evidence
695eeb95ca2cf8cd827bc6e7,Weekly Distribution Revenue Payout,0,,,not_sent,absent_hard_bound_evidence
695eeb95ca2cf8cd827bc68f,REV-001,0,,,not_sent,absent_hard_bound_evidence
695eeb95ca2cf8cd827bc69d,68bc5353ef800d98b63c95d4,0,,,not_sent,absent_hard_bound_evidence
695eeb95ca2cf8cd827bc6a0,68bc5353ef800d98b63c95d5,0,,,not_sent,absent_hard_bound_evidence
695eeb95ca2cf8cd827bc6a8,68bc5353ef800d98b63c95dd,0,,,not_sent,absent_hard_bound_evidence
695eeb95ca2cf8cd827bc6af,68bc5353ef800d98b63c95e5,0,,,not_sent,absent_hard_bound_evidence
695eeb95ca2cf8cd827bc6b9,68bc5353ef800d98b63c95ef,0,,,not_sent,absent_hard_bound_evidence
695eeb95ca2cf8cd827bc6de,Deploy Self-Hosted Analytics System,0,,,not_sent,absent_hard_bound_evidence
695eeb95ca2cf8cd827bc693,Automation Refinement,0,,,not_sent,absent_hard_bound_evidence
695eeb95ca2cf8cd827bc6ca,68be8fb35a41fdec3cf18ed5,0,,,not_sent,absent_hard_bound_evidence
695eeb95ca2cf8cd827bc688,Build and Implement Supply Chain Optimization Agent,0,,,not_sent,absent_hard_bound_evidence
695eeb95ca2cf8cd827bc68b,Assemble Autonomous Finance & Trading Agent,0,,,not_sent,absent_hard_bound_evidence
695eeb95ca2cf8cd827bc69a,68bc5353ef800d98b63c95cf,0,,,not_sent,absent_hard_bound_evidence
695eeb95ca2cf8cd827bc6a6,68bc5353ef800d98b63c95db,0,,,not_sent,absent_hard_bound_evidence
695eeb95ca2cf8cd827bc6e2,Implement Mission Dependency Mapping System,0,,,not_sent,absent_hard_bound_evidence
695eeb95ca2cf8cd827bc685,Continuously Scan and Integrate New AI Tools from TheAISurfer and github repos like https://github.com/MeiGen-AI,0,,,not_sent,absent_hard_bound_evidence
695eeb95ca2cf8cd827bc694,M007,0,,,not_sent,absent_hard_bound_evidence
695eeb95ca2cf8cd827bc6bb,68bc5353ef800d98b63c95f1,0,,,not_sent,absent_hard_bound_evidence
695eeb95ca2cf8cd827bc6aa,68bc5353ef800d98b63c95e0,0,,,not_sent,absent_hard_bound_evidence
695eeb95ca2cf8cd827bc6ab,68bc5353ef800d98b63c95e1,0,,,not_sent,absent_hard_bound_evidence
695eeb95ca2cf8cd827bc6b0,68bc5353ef800d98b63c95e6,0,,,not_sent,absent_hard_bound_evidence
695eeb95ca2cf8cd827bc6b2,68bc5353ef800d98b63c95e8,0,,,not_sent,absent_hard_bound_evidence
695eeb95ca2cf8cd827bc68a,Construct Customer Success Copilot (Multi-Agent Approach),0,,,not_sent,absent_hard_bound_evidence
695eeb95ca2cf8cd827bc6b5,68bc5353ef800d98b63c95eb,0,,,not_sent,absent_hard_bound_evidence
695eeb95ca2cf8cd827bc6bf,68bc5353ef800d98b63c95f5,0,,,not_sent,absent_hard_bound_evidence
695eeb95ca2cf8cd827bc6c9,68c14ec8dd2d5f8f570f95c7,0,,,not_sent,absent_hard_bound_evidence
695eeb95ca2cf8cd827bc6cf,68beddf551088dc2206bd7e3,0,,,not_sent,absent_hard_bound_evidence
695eeb95ca2cf8cd827bc6d5,Cross-Platform Integration and API Ecosystem,0,,,not_sent,absent_hard_bound_evidence
695eeb95ca2cf8cd827bc6d9,Scalability Testing and Performance Optimization,0,,,not_sent,absent_hard_bound_evidence
695eeb95ca2cf8cd827bc680,Content Generation for Campaign,0,,,not_sent,absent_hard_bound_evidence
695eeb95ca2cf8cd827bc6a7,68bc5353ef800d98b63c95dc,0,,,not_sent,absent_hard_bound_evidence
695eeb95ca2cf8cd827bc6b3,68bc5353ef800d98b63c95e9,0,,,not_sent,absent_hard_bound_evidence
695eeb95ca2cf8cd827bc697,68bc38085f02369b6679e083,0,,,not_sent,absent_hard_bound_evidence
695eeb95ca2cf8cd827bc6b6,68bc5353ef800d98b63c95ec,0,,,not_sent,absent_hard_bound_evidence
695eeb95ca2cf8cd827bc6c2,68bc5353ef800d98b63c95f8,0,,,not_sent,absent_hard_bound_evidence
695eeb95ca2cf8cd827bc6e6,Implement Mission Complexity Scoring System,0,,,not_sent,absent_hard_bound_evidence
695eeb95ca2cf8cd827bc684,Deploy and Integrate MultiTalk for Promotional Video Scripting,0,,,not_sent,absent_hard_bound_evidence
695eeb95ca2cf8cd827bc691,REV-003,0,,,not_sent,absent_hard_bound_evidence
695eeb95ca2cf8cd827bc69c,68bc5353ef800d98b63c95d2,0,,,not_sent,absent_hard_bound_evidence
695eeb95ca2cf8cd827bc6a2,68bc5353ef800d98b63c95d7,0,,,not_sent,absent_hard_bound_evidence
695eeb95ca2cf8cd827bc68d,Integrate Parse.bot for Automated Lead Qualification,0,,,not_sent,absent_hard_bound_evidence
695eeb95ca2cf8cd827bc69e,68bc5353ef800d98b63c95d0,0,,,not_sent,absent_hard_bound_evidence
695eeb95ca2cf8cd827bc6ac,68bc5353ef800d98b63c95e2,0,,,not_sent,absent_hard_bound_evidence
695eeb95ca2cf8cd827bc6ad,68bc5353ef800d98b63c95e3,0,,,not_sent,absent_hard_bound_evidence
695eeb95ca2cf8cd827bc6dc,Q3 End Affiliate Blast,0,,,not_sent,absent_hard_bound_evidence
695eeb95ca2cf8cd827bc68c,Create and Deploy Healthcare Data Agent,0,,,not_sent,absent_hard_bound_evidence
695eeb95ca2cf8cd827bc692,REV-004,0,,,not_sent,absent_hard_bound_evidence
695eeb95ca2cf8cd827bc69f,68bc5353ef800d98b63c95d3,0,,,not_sent,absent_hard_bound_evidence
695eeb95ca2cf8cd827bc6d4,Advanced Analytics and Predictive Optimization,0,,,not_sent,absent_hard_bound_evidence
695eeb95ca2cf8cd827bc6e3,Establish Resource Capacity Tracking System,0,,,not_sent,absent_hard_bound_evidence
695eeb95ca2cf8cd827bc6df,Deploy Decentralized Governance,0,,,not_sent,absent_hard_bound_evidence
695eeb95ca2cf8cd827bc682,Diagnose and Fix Twitter/X API Connection Failure,0,,,not_sent,absent_hard_bound_evidence
695eeb95ca2cf8cd827bc6ae,68bc5353ef800d98b63c95e4,0,,,not_sent,absent_hard_bound_evidence
695eeb95ca2cf8cd827bc6c8,68c14ec7dd2d5f8f570f95c6,0,,,not_sent,absent_hard_bound_evidence
695eeb95ca2cf8cd827bc681,Generate Ad Copy for RealWorldCerts' AWS IoT Course,0,,,not_sent,absent_hard_bound_evidence
695eeb95ca2cf8cd827bc686,Develop and Deploy Autonomous Sales & Outreach Agent,0,,,not_sent,absent_hard_bound_evidence
695eeb95ca2cf8cd827bc698,68bc5353ef800d98b63c95cd,0,,,not_sent,absent_hard_bound_evidence
695eeb95ca2cf8cd827bc6b8,68bc5353ef800d98b63c95ee,0,,,not_sent,absent_hard_bound_evidence
695eeb95ca2cf8cd827bc6bd,68bc5353ef800d98b63c95f3,0,,,not_sent,absent_hard_bound_evidence
695eeb95ca2cf8cd827bc6be,68bc5353ef800d98b63c95f4,0,,,not_sent,absent_hard_bound_evidence
695eeb95ca2cf8cd827bc6d1,68beddf551088dc2206bd7f1,0,,,not_sent,absent_hard_bound_evidence
695eeb95ca2cf8cd827bc6d6,Scalability Testing and Performance Optimization,0,,,not_sent,absent_hard_bound_evidence
695eeb95ca2cf8cd827bc6a9,68bc5353ef800d98b63c95de,0,,,not_sent,absent_hard_bound_evidence
695eeb95ca2cf8cd827bc6bc,68bc5353ef800d98b63c95f2,0,,,not_sent,absent_hard_bound_evidence
695eeb95ca2cf8cd827bc6e4,Implement Predictive Deadline Forecasting,0,,,not_sent,absent_hard_bound_evidence
695eeb95ca2cf8cd827bc67c,Promote  RealWorldCerts courses with 25% enrollment increase,0,,,not_sent,absent_hard_bound_evidence
695eeb95ca2cf8cd827bc699,68bc5353ef800d98b63c95ce,0,,,not_sent,absent_hard_bound_evidence
695eeb95ca2cf8cd827bc6a4,68bc5353ef800d98b63c95d9,0,,,not_sent,absent_hard_bound_evidence
695eeb95ca2cf8cd827bc6ba,68bc5353ef800d98b63c95f0,0,,,not_sent,absent_hard_bound_evidence
695eeb95ca2cf8cd827bc6e5,Develop Agent Performance Scoring System,0,,,not_sent,absent_hard_bound_evidence
695eeb95ca2cf8cd827bc6c6,68bd654611425d525969711d,0,,,not_sent,absent_hard_bound_evidence
695eeb95ca2cf8cd827bc687,Create and Deploy AI-Powered Contract Review Agent,0,,,not_sent,absent_hard_bound_evidence
695eeb95ca2cf8cd827bc690,REV-002,0,,,not_sent,absent_hard_bound_evidence
695eeb95ca2cf8cd827bc6b4,68bc5353ef800d98b63c95ea,0,,,not_sent,absent_hard_bound_evidence
695eeb95ca2cf8cd827bc6cc,68be8fb85a41fdec3cf18ee8,0,,,not_sent,absent_hard_bound_evidence
695eeb95ca2cf8cd827bc68e,Generate Immediate Revenue While Fixing Pipeline Issues,0,,,not_sent,absent_hard_bound_evidence
695eeb95ca2cf8cd827bc6ce,68bed90d96a347716a77069b,0,,,not_sent,absent_hard_bound_evidence
695eeb95ca2cf8cd827bc6d3,title,0,,,not_sent,absent_hard_bound_evidence
695eeb95ca2cf8cd827bc6db,LinkedIn Professional Outreach,0,,,not_sent,absent_hard_bound_evidence
695eeb95ca2cf8cd827bc6e0,System Integrity Test - Mission Persistence Check,0,,,not_sent,absent_hard_bound_evidence
695eeb95ca2cf8cd827bc67b,Establish Micro-SaaS Subscription Revenue Stream,0,,,not_sent,absent_hard_bound_evidence
695eeb95ca2cf8cd827bc67f,System Health Monitoring,0,,,not_sent,absent_hard_bound_evidence
695eeb95ca2cf8cd827bc69b,68bc5353ef800d98b63c95d1,0,,,not_sent,absent_hard_bound_evidence
695eeb95ca2cf8cd827bc6d8,Cross-Platform Integration and API Ecosystem,0,,,not_sent,absent_hard_bound_evidence
695eeb95ca2cf8cd827bc62b,REV-004,0,,,not_sent,absent_hard_bound_evidence
695eeb95ca2cf8cd827bc639,68bc5353ef800d98b63c95e0,0,,,not_sent,absent_hard_bound_evidence
695eeb95ca2cf8cd827bc652,Resolve PayPal 403 Authorization Errors,0,,,not_sent,absent_hard_bound_evidence
695eeb95ca2cf8cd827bc65b,"Deploy Payment Gateways (Attijariwafa Bank, PayPal, Base44)",0,,,not_sent,absent_hard_bound_evidence
695eeb95ca2cf8cd827bc665,Promote RealWorldCerts Course: ANSYS Certified Professional,0,,,not_sent,absent_hard_bound_evidence
695eeb95ca2cf8cd827bc669,Deploy Project Sentinel to Eliminate Swarm Error Rate,0,,,not_sent,absent_hard_bound_evidence
695eeb95ca2cf8cd827bc677,Exploratory Data Analysis,0,,,not_sent,absent_hard_bound_evidence
695eeb95ca2cf8cd827bc62a,REV-003,0,,,not_sent,absent_hard_bound_evidence
695eeb95ca2cf8cd827bc634,68bc5353ef800d98b63c95da,0,,,not_sent,absent_hard_bound_evidence
695eeb95ca2cf8cd827bc635,68bc5353ef800d98b63c95db,0,,,not_sent,absent_hard_bound_evidence
695eeb95ca2cf8cd827bc61e,68bc5353ef800d98b63c95d9,0,,,not_sent,absent_hard_bound_evidence
695eeb95ca2cf8cd827bc62d,Exploratory Data Analysis,0,,,not_sent,absent_hard_bound_evidence
695eeb95ca2cf8cd827bc622,Weekly Distribution Revenue Payout,0,,,not_sent,absent_hard_bound_evidence
695eeb95ca2cf8cd827bc66b,Broadcast Gratitude and Mission Directive to All Agents,0,,,not_sent,absent_hard_bound_evidence
695eeb95ca2cf8cd827bc63d,68bc5353ef800d98b63c95e4,0,,,not_sent,absent_hard_bound_evidence
695eeb95ca2cf8cd827bc655,Perform System Maintenance,0,,,not_sent,absent_hard_bound_evidence
695eeb95ca2cf8cd827bc660,(Optional) Deploy webhook server,0,,,not_sent,absent_hard_bound_evidence
695eeb95ca2cf8cd827bc637,68bc5353ef800d98b63c95dd,0,,,not_sent,absent_hard_bound_evidence
695eeb95ca2cf8cd827bc641,Documentation Enhancement for Command Centre,0,,,not_sent,absent_hard_bound_evidence
695eeb95ca2cf8cd827bc64a,"Create ""Affiliate Onboarding Guide"" Content Asset",0,,,not_sent,absent_hard_bound_evidence
695eeb95ca2cf8cd827bc620,LinkedIn Professional Outreach,0,,,not_sent,absent_hard_bound_evidence
695eeb95ca2cf8cd827bc638,68bc5353ef800d98b63c95de,0,,,not_sent,absent_hard_bound_evidence
695eeb95ca2cf8cd827bc651,Analyze System Performance,0,,,not_sent,absent_hard_bound_evidence
695eeb95ca2cf8cd827bc678,Initial Scoring Simulation,0,,,not_sent,absent_hard_bound_evidence
695eeb95ca2cf8cd827bc625,Transform Swarm from Content Creation to Direct Revenue Generation,0,,,not_sent,absent_hard_bound_evidence
695eeb95ca2cf8cd827bc631,68bc5353ef800d98b63c95d2,0,,,not_sent,absent_hard_bound_evidence
695eeb95ca2cf8cd827bc650,Monitor PayPal API Health,0,,,not_sent,absent_hard_bound_evidence
695eeb95ca2cf8cd827bc64f,Develop Agent Performance Scoring System,0,,,not_sent,absent_hard_bound_evidence
695eeb95ca2cf8cd827bc654,Manage Cloud Deployment,0,,,not_sent,absent_hard_bound_evidence
695eeb95ca2cf8cd827bc65d,Optimize Underperforming Agent (agent-5),0,,,not_sent,absent_hard_bound_evidence
695eeb95ca2cf8cd827bc636,68bc5353ef800d98b63c95dc,0,,,not_sent,absent_hard_bound_evidence
695eeb95ca2cf8cd827bc640,68bc5353ef800d98b63c95e7,0,,,not_sent,absent_hard_bound_evidence
695eeb95ca2cf8cd827bc647,Cross-Platform Integration and API Ecosystem,0,,,not_sent,absent_hard_bound_evidence
695eeb95ca2cf8cd827bc64c,Implement Mission Complexity Scoring System,0,,,not_sent,absent_hard_bound_evidence
695eeb95ca2cf8cd827bc653,Validate PayPal API Configuration,0,,,not_sent,absent_hard_bound_evidence
695eeb95ca2cf8cd827bc664,Performance Data Analysis,0,,,not_sent,absent_hard_bound_evidence
695eeb95ca2cf8cd827bc642,title,0,,,not_sent,absent_hard_bound_evidence
695eeb95ca2cf8cd827bc64d,Establish Resource Capacity Tracking System,0,,,not_sent,absent_hard_bound_evidence
695eeb95ca2cf8cd827bc63c,68bc5353ef800d98b63c95e3,0,,,not_sent,absent_hard_bound_evidence
695eeb95ca2cf8cd827bc65a,External System Integration Framework,0,,,not_sent,absent_hard_bound_evidence
695eeb95ca2cf8cd827bc666,Integrate and Deploy Comet Agent for New Course Opportunity Analysis,0,,,not_sent,absent_hard_bound_evidence
695eeb95ca2cf8cd827bc633,68bc5353ef800d98b63c95d8,0,,,not_sent,absent_hard_bound_evidence
695eeb95ca2cf8cd827bc648,Scalability Testing and Performance Optimization,0,,,not_sent,absent_hard_bound_evidence
695eeb95ca2cf8cd827bc66f,Deploy Comprehensive Affiliate Fraud Protection Network,0,,,not_sent,absent_hard_bound_evidence
695eeb95ca2cf8cd827bc672,"Achieve Fully Autonomous, Self-Optimizing Revenue Generation",0,,,not_sent,absent_hard_bound_evidence
695eeb95ca2cf8cd827bc623,Promote  RealWorldCerts courses with 25% enrollment increase,0,,,not_sent,absent_hard_bound_evidence
695eeb95ca2cf8cd827bc624,System Health Monitoring,0,,,not_sent,absent_hard_bound_evidence
695eeb95ca2cf8cd827bc629,REV-002,0,,,not_sent,absent_hard_bound_evidence
695eeb95ca2cf8cd827bc621,Q3 End Affiliate Blast,0,,,not_sent,absent_hard_bound_evidence
695eeb95ca2cf8cd827bc632,68bc5353ef800d98b63c95d6,0,,,not_sent,absent_hard_bound_evidence
695eeb95ca2cf8cd827bc63b,68bc5353ef800d98b63c95e2,0,,,not_sent,absent_hard_bound_evidence
695eeb95ca2cf8cd827bc644,Cross-Platform Integration and API Ecosystem,0,,,not_sent,absent_hard_bound_evidence
695eeb95ca2cf8cd827bc656,Ensure Security and Compliance,0,,,not_sent,absent_hard_bound_evidence
695eeb95ca2cf8cd827bc65e,Create Shareable Multilingual Offline Survival Tools,2000,,,not_sent,absent_hard_bound_evidence
695eeb95ca2cf8cd827bc661,🚀 PayPal API Batch Sync Orchestrator,0,,,not_sent,absent_hard_bound_evidence
695eeb95ca2cf8cd827bc670,Immediate Revenue Generation & Conversion Optimization for realworldcerts.com,0,,,not_sent,absent_hard_bound_evidence
695eeb95ca2cf8cd827bc679,"Launch Autonomous Education Affiliate Revenue Stream - Target: $5,000+ Monthly Recurring",0,,,not_sent,absent_hard_bound_evidence
695eeb95ca2cf8cd827bc643,Advanced Analytics and Predictive Optimization,0,,,not_sent,absent_hard_bound_evidence
695eeb95ca2cf8cd827bc659,Implement PayPal Service Resilience,0,,,not_sent,absent_hard_bound_evidence
695eeb95ca2cf8cd827bc674,Launch Content Licensing Factory for Passive Income,0,,,not_sent,absent_hard_bound_evidence
695eeb95ca2cf8cd827bc626,Establish Automated Arbitrage Operations Across 3 Markets,0,,,not_sent,absent_hard_bound_evidence
695eeb95ca2cf8cd827bc64e,Implement Predictive Deadline Forecasting,0,,,not_sent,absent_hard_bound_evidence
695eeb95ca2cf8cd827bc667,Directive: Forge Autonomous SaaS Product,0,,,not_sent,absent_hard_bound_evidence
695eeb95ca2cf8cd827bc61a,Generate Email Campaign for New Course Promotion,0,,,not_sent,absent_hard_bound_evidence
695eeb95ca2cf8cd827bc66c,Directive: Execute Swarm Synthesis Protocol,0,,,not_sent,absent_hard_bound_evidence
695eeb95ca2cf8cd827bc676,Strategic Opportunity Identification Agent: Discovering Proven Revenue Models and Platform Opportunities,0,,,not_sent,absent_hard_bound_evidence
695eeb95ca2cf8cd827bc668,Continuously Scan for Emerging Agent Technologies,0,,,not_sent,absent_hard_bound_evidence
695eeb95ca2cf8cd827bc618,🧩 CONSOLIDATED: Develop and Deploy Autonomous Sales & Outreach Age...,0,,,not_sent,absent_hard_bound_evidence
695eeb95ca2cf8cd827bc61b,68bc5353ef800d98b63c95cd,0,,,not_sent,absent_hard_bound_evidence
695eeb95ca2cf8cd827bc628,REV-001,0,,,not_sent,absent_hard_bound_evidence
695eeb95ca2cf8cd827bc65c,Optimize Underperforming Agent (agent-4),0,,,not_sent,absent_hard_bound_evidence
695eeb95ca2cf8cd827bc671,Transform Swarm from Content Creation to Direct Revenue Generation,0,,,not_sent,absent_hard_bound_evidence
695eeb95ca2cf8cd827bc62c,Strategic Opportunity Identification Agent: Discovering Proven Revenue Models and Platform Opportunities,0,,,not_sent,absent_hard_bound_evidence
695eeb95ca2cf8cd827bc63a,68bc5353ef800d98b63c95e1,0,,,not_sent,absent_hard_bound_evidence
695eeb95ca2cf8cd827bc645,Scalability Testing and Performance Optimization,0,,,not_sent,absent_hard_bound_evidence
695eeb95ca2cf8cd827bc65f,Add observability + alerting,0,,,not_sent,absent_hard_bound_evidence
695eeb95ca2cf8cd827bc663,Cross-Platform Integration Test,0,,,not_sent,absent_hard_bound_evidence
695eeb95ca2cf8cd827bc66d,Generate Email Campaign for New Course Promotion,0,,,not_sent,absent_hard_bound_evidence
695eeb95ca2cf8cd827bc66e,Initiate affiliate marketing activation. Coordinate all agents under Autonomous Digital Education Incubator and Generative_Enterprise.,0,,,not_sent,absent_hard_bound_evidence
695eeb95ca2cf8cd827bc673,Establish Automated Arbitrage Operations Across 3 Markets,0,,,not_sent,absent_hard_bound_evidence
695eeb95ca2cf8cd827bc67a,Launch Content Licensing Factory for Passive Income,0,,,not_sent,absent_hard_bound_evidence
695eeb95ca2cf8cd827bc61d,68bc5353ef800d98b63c95d7,0,,,not_sent,absent_hard_bound_evidence
695eeb95ca2cf8cd827bc630,68bc5353ef800d98b63c95d1,0,,,not_sent,absent_hard_bound_evidence
695eeb95ca2cf8cd827bc657,Handle Incidents,0,,,not_sent,absent_hard_bound_evidence
695eeb95ca2cf8cd827bc662,Launch AWS certification awareness campaign,0,,,not_sent,absent_hard_bound_evidence
695eeb95ca2cf8cd827bc627,Establish Micro-SaaS Subscription Revenue Stream,0,,,not_sent,absent_hard_bound_evidence
695eeb95ca2cf8cd827bc66a,"Launch Autonomous Education Affiliate Revenue Stream - Target: $5,000+ Monthly Recurring",0,,,not_sent,absent_hard_bound_evidence
695eeb95ca2cf8cd827bc619,🧩 CONSOLIDATED: Sync PayPal payout batch details from provider API...,0,,,not_sent,absent_hard_bound_evidence
695eeb95ca2cf8cd827bc658,Implement Comprehensive Service Monitoring,0,,,not_sent,absent_hard_bound_evidence
695eeb95ca2cf8cd827bc61c,68bc5353ef800d98b63c95d4,0,,,not_sent,absent_hard_bound_evidence
695eeb95ca2cf8cd827bc62f,Automation Refinement,0,,,not_sent,absent_hard_bound_evidence
695eeb95ca2cf8cd827bc63e,68bc5353ef800d98b63c95e5,0,,,not_sent,absent_hard_bound_evidence
695eeb95ca2cf8cd827bc64b,Develop Pre-requisite Validation System for Missions,0,,,not_sent,absent_hard_bound_evidence
695eeb95ca2cf8cd827bc675,Establish Micro-SaaS Subscription Revenue Stream,0,,,not_sent,absent_hard_bound_evidence
695eeb95ca2cf8cd827bc61f,68bc5353ef800d98b63c95f0,0,,,not_sent,absent_hard_bound_evidence
695eeb95ca2cf8cd827bc62e,Initial Scoring Simulation,0,,,not_sent,absent_hard_bound_evidence
695eeb95ca2cf8cd827bc63f,68bc5353ef800d98b63c95e6,0,,,not_sent,absent_hard_bound_evidence
695eeb95ca2cf8cd827bc646,Advanced Analytics and Predictive Optimization,0,,,not_sent,absent_hard_bound_evidence
695eeb95ca2cf8cd827bc649,Generate Revenue Tracking & Withdrawal Simulation System Code,0,,,not_sent,absent_hard_bound_evidence
695eeb95ca2cf8cd827bc5db,Assemble Autonomous Finance & Trading Agent,0,,,not_sent,absent_hard_bound_evidence
695eeb95ca2cf8cd827bc5de,Integrate and Deploy Comet Agent for New Course Opportunity Analysis,0,,,not_sent,absent_hard_bound_evidence
695eeb95ca2cf8cd827bc5c0,"""Optimize B2B Market Intelligence SaaS Service""",0,,,not_sent,absent_hard_bound_evidence
695eeb95ca2cf8cd827bc5e4,Directive: Execute Swarm Synthesis Protocol,0,,,not_sent,absent_hard_bound_evidence
695eeb95ca2cf8cd827bc5bd,"""Establish NFT Digital Asset Brand & Community""",0,,,not_sent,absent_hard_bound_evidence
695eeb95ca2cf8cd827bc5ef,Launch Content Licensing Factory for Passive Income,0,,,not_sent,absent_hard_bound_evidence
695eeb95ca2cf8cd827bc5bb,"""Deploy Content Syndication Revenue Factory""",0,,,not_sent,absent_hard_bound_evidence
695eeb95ca2cf8cd827bc5d8,Build and Implement Supply Chain Optimization Agent,0,,,not_sent,absent_hard_bound_evidence
695eeb95ca2cf8cd827bc5b5,"""Critical Revenue Pipeline Audit & Recovery Operation""",0,,,not_sent,absent_hard_bound_evidence
695eeb95ca2cf8cd827bc5b9,"""Launch Autonomous E-Commerce Arbitrage Empire""",0,,,not_sent,absent_hard_bound_evidence
695eeb95ca2cf8cd827bc5e6,Analyze and Optimize New Storefront in Morocco,0,,,not_sent,absent_hard_bound_evidence
695eeb95ca2cf8cd827bc5b4,"""Secure High-Revenue Affiliate Program Integration""",0,,,not_sent,absent_hard_bound_evidence
695eeb95ca2cf8cd827bc5f0,Establish Micro-SaaS Subscription Revenue Stream,0,,,not_sent,absent_hard_bound_evidence
695eeb95ca2cf8cd827bc5b7,"""Emergency Revenue Recovery: From Zero to $200/Day""",0,,,not_sent,absent_hard_bound_evidence
695eeb95ca2cf8cd827bc5cd,Cross-Platform Integration Test,0,,,not_sent,absent_hard_bound_evidence
695eeb95ca2cf8cd827bc5d3,Create and Deploy Autonomous Community Engagement Agent,0,,,not_sent,absent_hard_bound_evidence
695eeb95ca2cf8cd827bc5e0,Continuously Scan for Emerging Agent Technologies,0,,,not_sent,absent_hard_bound_evidence
695eeb95ca2cf8cd827bc5ba,"""Establish Autonomous DeFi Yield Farming Operation""",0,,,not_sent,absent_hard_bound_evidence
695eeb95ca2cf8cd827bc5d5,Continuously Scan and Integrate New AI Tools from TheAISurfer and github repos like https://github.com/MeiGen-AI,0,,,not_sent,absent_hard_bound_evidence
695eeb95ca2cf8cd827bc5d6,Develop and Deploy Autonomous Sales & Outreach Agent,0,,,not_sent,absent_hard_bound_evidence
695eeb95ca2cf8cd827bc5ea,Generate Immediate Revenue While Fixing Pipeline Issues,0,,,not_sent,absent_hard_bound_evidence
695eeb95ca2cf8cd827bc5be,"""Build Local Services Broker Network""",0,,,not_sent,absent_hard_bound_evidence
695eeb95ca2cf8cd827bc5c4,"""",0,,,not_sent,absent_hard_bound_evidence
695eeb95ca2cf8cd827bc5e9,Deploy Comprehensive Affiliate Fraud Protection Network,0,,,not_sent,absent_hard_bound_evidence
695eeb95ca2cf8cd827bc5cb,Multi-Platform Message Distribution,0,,,not_sent,absent_hard_bound_evidence
695eeb95ca2cf8cd827bc5df,Directive: Forge Autonomous SaaS Product,0,,,not_sent,absent_hard_bound_evidence
695eeb95ca2cf8cd827bc5ec,Transform Swarm from Content Creation to Direct Revenue Generation,0,,,not_sent,absent_hard_bound_evidence
695eeb95ca2cf8cd827bc5e8,Initiate affiliate marketing activation. Coordinate all agents under Autonomous Digital Education Incubator and Generative_Enterprise.,0,,,not_sent,absent_hard_bound_evidence
695eeb95ca2cf8cd827bc5b2,"""Immediate Swarm-Wide Update of Udemy Course Referral Links""",0,,,not_sent,absent_hard_bound_evidence
695eeb95ca2cf8cd827bc5c2,"""Execute Immediate $5000 PayPal Transfer""",0,,,not_sent,absent_hard_bound_evidence
695eeb95ca2cf8cd827bc5d2,Diagnose and Fix Twitter/X API Connection Failure,0,,,not_sent,absent_hard_bound_evidence
695eeb95ca2cf8cd827bc5e2,"Launch Autonomous Education Affiliate Revenue Stream - Target: $5,000+ Monthly Recurring",0,,,not_sent,absent_hard_bound_evidence
695eeb95ca2cf8cd827bc5ed,"Achieve Fully Autonomous, Self-Optimizing Revenue Generation",0,,,not_sent,absent_hard_bound_evidence
695eeb95ca2cf8cd827bc5b6,"""Emergency Revenue Generation - Direct Sales Focus""",0,,,not_sent,absent_hard_bound_evidence
695eeb95ca2cf8cd827bc5c3,"""Investigate Cybercrime Complaint - Younes Tsouli""",0,,,not_sent,absent_hard_bound_evidence
695eeb95ca2cf8cd827bc5eb,Immediate Revenue Generation & Conversion Optimization for realworldcerts.com,0,,,not_sent,absent_hard_bound_evidence
695eeb95ca2cf8cd827bc5b1,"""Directive: Forge and Weaponize 'The Oracle of Udemy' for Market Dominance""",0,,,not_sent,absent_hard_bound_evidence
695eeb95ca2cf8cd827bc5c1,"""Expand Local Services Broker Network""",0,,,not_sent,absent_hard_bound_evidence
695eeb95ca2cf8cd827bc5c7,Promote  RealWorldCerts courses with 25% enrollment increase,0,,,not_sent,absent_hard_bound_evidence
695eeb95ca2cf8cd827bc5d4,Deploy and Integrate MultiTalk for Promotional Video Scripting,0,,,not_sent,absent_hard_bound_evidence
695eeb95ca2cf8cd827bc5c8,Deploy SelarBot Autonomous Promotion Network,0,,,not_sent,absent_hard_bound_evidence
695eeb95ca2cf8cd827bc5cf,Performance Data Analysis,0,,,not_sent,absent_hard_bound_evidence
695eeb95ca2cf8cd827bc5b3,"""Forge and Launch Autonomous Education Affiliate Revenue Stream""",0,,,not_sent,absent_hard_bound_evidence
695eeb95ca2cf8cd827bc5c5,generate crypto revenues send to binance account api sent earlier,0,,,not_sent,absent_hard_bound_evidence
695eeb95ca2cf8cd827bc5cc,System Health Monitoring,0,,,not_sent,absent_hard_bound_evidence
695eeb95ca2cf8cd827bc5d9,Develop Predictive Maintenance Agent for Industrial IoT,0,,,not_sent,absent_hard_bound_evidence
695eeb95ca2cf8cd827bc5e1,Deploy Project Sentinel to Eliminate Swarm Error Rate,0,,,not_sent,absent_hard_bound_evidence
695eeb95ca2cf8cd827bc5b8,"""Launch 6-Stream Autonomous Revenue Factory""",0,,,not_sent,absent_hard_bound_evidence
695eeb95ca2cf8cd827bc5bf,"""Streamline E-Commerce Arbitrage Operations""",0,,,not_sent,absent_hard_bound_evidence
695eeb95ca2cf8cd827bc5d1,Generate Ad Copy for RealWorldCerts' AWS IoT Course,0,,,not_sent,absent_hard_bound_evidence
695eeb95ca2cf8cd827bc5dc,Create and Deploy Healthcare Data Agent,0,,,not_sent,absent_hard_bound_evidence
695eeb95ca2cf8cd827bc5e7,Forge High Performance Affiliate Marketing - Maximize Revenue Share,0,,,not_sent,absent_hard_bound_evidence
695eeb95ca2cf8cd827bc5ca,Social Media Trend Analysis,0,,,not_sent,absent_hard_bound_evidence
695eeb95ca2cf8cd827bc5ce,Content Generation for Campaign,0,,,not_sent,absent_hard_bound_evidence
695eeb95ca2cf8cd827bc5d0,Promote RealWorldCerts Course: ANSYS Certified Professional,0,,,not_sent,absent_hard_bound_evidence
695eeb95ca2cf8cd827bc5d7,Create and Deploy AI-Powered Contract Review Agent,0,,,not_sent,absent_hard_bound_evidence
695eeb95ca2cf8cd827bc5f1,REV-001,0,,,not_sent,absent_hard_bound_evidence
695eeb95ca2cf8cd827bc5da,Construct Customer Success Copilot (Multi-Agent Approach),0,,,not_sent,absent_hard_bound_evidence
695eeb95ca2cf8cd827bc5dd,Integrate Parse.bot for Automated Lead Qualification,0,,,not_sent,absent_hard_bound_evidence
695eeb95ca2cf8cd827bc5e3,Broadcast Gratitude and Mission Directive to All Agents,0,,,not_sent,absent_hard_bound_evidence
695eeb95ca2cf8cd827bc5bc,"""Launch B2B Market Intelligence SaaS Service""",0,,,not_sent,absent_hard_bound_evidence
695eeb95ca2cf8cd827bc5c6,Launch AWS certification awareness campaign,0,,,not_sent,absent_hard_bound_evidence
695eeb95ca2cf8cd827bc5c9,Execute Niche Market Maverick Revenue Generation Mission with Full Agent Cooperation,0,,,not_sent,absent_hard_bound_evidence
695eeb95ca2cf8cd827bc5e5,Generate Email Campaign for New Course Promotion,0,,,not_sent,absent_hard_bound_evidence
695eeb95ca2cf8cd827bc5ee,Establish Automated Arbitrage Operations Across 3 Markets,0,,,not_sent,absent_hard_bound_evidence
695eeb95ca2cf8cd827bc5f2,REV-002,0,,,not_sent,absent_hard_bound_evidence
695eeb95ca2cf8cd827bc5f7,Initial Scoring Simulation,0,,,not_sent,absent_hard_bound_evidence
695eeb95ca2cf8cd827bc604,🧩 CONSOLIDATED: 68bc38085f02369b6679e083...,0,,,not_sent,absent_hard_bound_evidence
695eeb95ca2cf8cd827bc5fa,title,0,,,not_sent,absent_hard_bound_evidence
695eeb95ca2cf8cd827bc614,🧩 CONSOLIDATED: Integrate and Deploy Comet Agent for New Course Op...,0,,,not_sent,absent_hard_bound_evidence
695eeb95ca2cf8cd827bc5f5,Strategic Opportunity Identification Agent: Discovering Proven Revenue Models and Platform Opportunities,0,,,not_sent,absent_hard_bound_evidence
695eeb95ca2cf8cd827bc5fd,Historical Revenue Audit and Backfill,0,,,not_sent,absent_hard_bound_evidence
695eeb95ca2cf8cd827bc5f9,"Launch Autonomous Education Affiliate Revenue Stream - Target: $5,000+ Monthly Recurring",0,,,not_sent,absent_hard_bound_evidence
695eeb95ca2cf8cd827bc5f3,REV-003,0,,,not_sent,absent_hard_bound_evidence
695eeb95ca2cf8cd827bc617,🧩 CONSOLIDATED: Construct Customer Success Copilot (Multi-Agent Ap...,0,,,not_sent,absent_hard_bound_evidence
695eeb95ca2cf8cd827bc5f4,REV-004,0,,,not_sent,absent_hard_bound_evidence
695eeb95ca2cf8cd827bc5f6,Exploratory Data Analysis,0,,,not_sent,absent_hard_bound_evidence
695eeb95ca2cf8cd827bc601,🧩 CONSOLIDATED: AI-Logistique (Cross-Border Informal Transport Net...,0,,,not_sent,absent_hard_bound_evidence
695eeb95ca2cf8cd827bc5fb,System Integrity Test - Mission Persistence Check,0,,,not_sent,absent_hard_bound_evidence
695eeb95ca2cf8cd827bc607,🧩 CONSOLIDATED: 68bc5353ef800d98b63c95d3...,0,,,not_sent,absent_hard_bound_evidence
695eeb95ca2cf8cd827bc608,🧩 CONSOLIDATED: 68bc5353ef800d98b63c95cd...,0,,,not_sent,absent_hard_bound_evidence
695eeb95ca2cf8cd827bc60d,🧩 CONSOLIDATED: Cross-Platform Integration and API Ecosystem...,0,,,not_sent,absent_hard_bound_evidence
695eeb95ca2cf8cd827bc602,🧩 CONSOLIDATED: LinkedIn Professional Outreach...,0,,,not_sent,absent_hard_bound_evidence
695eeb95ca2cf8cd827bc60c,🧩 CONSOLIDATED: Create and Deploy Autonomous Community Engagement ...,0,,,not_sent,absent_hard_bound_evidence
695eeb95ca2cf8cd827bc5ff,Agri-Link (Hyperlocal Farmer-to-Buyer Marketplace),0,,,not_sent,absent_hard_bound_evidence
695eeb95ca2cf8cd827bc600,Sante365 (Integrated Health Appointments & Records),0,,,not_sent,absent_hard_bound_evidence
695eeb95ca2cf8cd827bc610,🧩 CONSOLIDATED: Directive: Forge Autonomous SaaS Product...,0,,,not_sent,absent_hard_bound_evidence
695eeb95ca2cf8cd827bc606,🧩 CONSOLIDATED: 68bc5353ef800d98b63c95d1...,0,,,not_sent,absent_hard_bound_evidence
695eeb95ca2cf8cd827bc60f,🧩 CONSOLIDATED: Scalability Testing and Performance Optimization...,0,,,not_sent,absent_hard_bound_evidence
695eeb95ca2cf8cd827bc613,🧩 CONSOLIDATED: Deploy and Integrate MultiTalk for Promotional Vid...,0,,,not_sent,absent_hard_bound_evidence
695eeb95ca2cf8cd827bc60b,🧩 CONSOLIDATED: Improve agentic orchestration and monitoring based...,0,,,not_sent,absent_hard_bound_evidence
695eeb95ca2cf8cd827bc611,🧩 CONSOLIDATED: Continuously Scan and Integrate New AI Tools from ...,0,,,not_sent,absent_hard_bound_evidence
695eeb95ca2cf8cd827bc605,🧩 CONSOLIDATED: 68bc5353ef800d98b63c95db...,0,,,not_sent,absent_hard_bound_evidence
695eeb95ca2cf8cd827bc609,🧩 CONSOLIDATED: M007...,0,,,not_sent,absent_hard_bound_evidence
695eeb95ca2cf8cd827bc60e,🧩 CONSOLIDATED: Apply criteria matrix to competitor dataset to tes...,0,,,not_sent,absent_hard_bound_evidence
695eeb95ca2cf8cd827bc60a,🧩 CONSOLIDATED: REV-001...,0,,,not_sent,absent_hard_bound_evidence
695eeb95ca2cf8cd827bc5fe,AI-Logistique (Cross-Border Informal Transport Network),0,,,not_sent,absent_hard_bound_evidence
695eeb95ca2cf8cd827bc615,🧩 CONSOLIDATED: Deploy Project Sentinel to Eliminate Swarm Error R...,0,,,not_sent,absent_hard_bound_evidence
695eeb95ca2cf8cd827bc5f8,Automation Refinement,0,,,not_sent,absent_hard_bound_evidence
695eeb95ca2cf8cd827bc616,🧩 CONSOLIDATED: Optimize Underperforming Agent (agent-4)...,0,,,not_sent,absent_hard_bound_evidence
695eeb95ca2cf8cd827bc603,🧩 CONSOLIDATED: Launch Autonomous Education Affiliate Revenue Stre...,0,,,not_sent,absent_hard_bound_evidence
695eeb95ca2cf8cd827bc612,🧩 CONSOLIDATED: Create Shareable Multilingual Offline Survival Too...,0,,,not_sent,absent_hard_bound_evidence
695eeb95ca2cf8cd827bc5fc,Implement Mission Dependency Mapping System,0,,,not_sent,absent_hard_bound_evidence
695eeb95ca2cf8cd827bc553,68bc5353ef800d98b63c95d8,0,,,not_sent,absent_hard_bound_evidence
695eeb95ca2cf8cd827bc55f,68bc5353ef800d98b63c95e5,0,,,not_sent,absent_hard_bound_evidence
695eeb95ca2cf8cd827bc588,LinkedIn Professional Outreach,0,,,not_sent,absent_hard_bound_evidence
695eeb95ca2cf8cd827bc574,68bc5353ef800d98b63c95fa,0,,,not_sent,absent_hard_bound_evidence
695eeb95ca2cf8cd827bc58a,"Create ""Affiliate Onboarding Guide"" Content Asset",0,,,not_sent,absent_hard_bound_evidence
695eeb95ca2cf8cd827bc5ad,Market Research Analysis,0,,,not_sent,absent_hard_bound_evidence
695eeb95ca2cf8cd827bc56d,68bc5353ef800d98b63c95f3,0,,,not_sent,absent_hard_bound_evidence
695eeb95ca2cf8cd827bc56f,68bc5353ef800d98b63c95f5,0,,,not_sent,absent_hard_bound_evidence
695eeb95ca2cf8cd827bc579,68c14ec8dd2d5f8f570f95c7,0,,,not_sent,absent_hard_bound_evidence
695eeb95ca2cf8cd827bc54f,68bc5353ef800d98b63c95d3,0,,,not_sent,absent_hard_bound_evidence
695eeb95ca2cf8cd827bc577,68c14ec7dd2d5f8f570f95c5,0,,,not_sent,absent_hard_bound_evidence
695eeb95ca2cf8cd827bc54e,68bc5353ef800d98b63c95d0,0,,,not_sent,absent_hard_bound_evidence
695eeb95ca2cf8cd827bc55d,68bc5353ef800d98b63c95e3,0,,,not_sent,absent_hard_bound_evidence
695eeb95ca2cf8cd827bc558,68bc5353ef800d98b63c95dd,0,,,not_sent,absent_hard_bound_evidence
695eeb95ca2cf8cd827bc561,68bc5353ef800d98b63c95e7,0,,,not_sent,absent_hard_bound_evidence
695eeb95ca2cf8cd827bc581,68beddf551088dc2206bd7f1,0,,,not_sent,absent_hard_bound_evidence
695eeb95ca2cf8cd827bc5a3,Establish Local Language Community Memberships,0,,,not_sent,absent_hard_bound_evidence
695eeb95ca2cf8cd827bc55e,68bc5353ef800d98b63c95e4,0,,,not_sent,absent_hard_bound_evidence
695eeb95ca2cf8cd827bc563,68bc5353ef800d98b63c95e9,0,,,not_sent,absent_hard_bound_evidence
695eeb95ca2cf8cd827bc567,68bc5353ef800d98b63c95ed,0,,,not_sent,absent_hard_bound_evidence
695eeb95ca2cf8cd827bc5a1,Optimize Underperforming Agent (agent-5),0,,,not_sent,absent_hard_bound_evidence
695eeb95ca2cf8cd827bc5af,Upgrade Epsilon-Two with Self-Remediation Capabilities,0,,,not_sent,absent_hard_bound_evidence
695eeb95ca2cf8cd827bc5b0,"""Deploy and Activate Niche Market Maverick Agent for Revenue Generation""",0,,,not_sent,absent_hard_bound_evidence
695eeb95ca2cf8cd827bc566,68bc5353ef800d98b63c95ec,0,,,not_sent,absent_hard_bound_evidence
695eeb95ca2cf8cd827bc5ab,Add observability + alerting,0,,,not_sent,absent_hard_bound_evidence
695eeb95ca2cf8cd827bc55b,68bc5353ef800d98b63c95e1,0,,,not_sent,absent_hard_bound_evidence
695eeb95ca2cf8cd827bc562,68bc5353ef800d98b63c95e8,0,,,not_sent,absent_hard_bound_evidence
695eeb95ca2cf8cd827bc590,Establish Resource Capacity Tracking System,0,,,not_sent,absent_hard_bound_evidence
695eeb95ca2cf8cd827bc59e,Implement PayPal Service Resilience,0,,,not_sent,absent_hard_bound_evidence
695eeb95ca2cf8cd827bc572,68bc5353ef800d98b63c95f8,0,,,not_sent,absent_hard_bound_evidence
695eeb95ca2cf8cd827bc59a,Handle Incidents,0,,,not_sent,absent_hard_bound_evidence
695eeb95ca2cf8cd827bc552,68bc5353ef800d98b63c95d7,0,,,not_sent,absent_hard_bound_evidence
695eeb95ca2cf8cd827bc569,68bc5353ef800d98b63c95ef,0,,,not_sent,absent_hard_bound_evidence
695eeb95ca2cf8cd827bc571,68bc5353ef800d98b63c95f7,0,,,not_sent,absent_hard_bound_evidence
695eeb95ca2cf8cd827bc585,Cross-Platform Integration and API Ecosystem,0,,,not_sent,absent_hard_bound_evidence
695eeb95ca2cf8cd827bc5ac,Untitled Mission,0,,,not_sent,absent_hard_bound_evidence
695eeb95ca2cf8cd827bc58c,Deploy Decentralized Governance,0,,,not_sent,absent_hard_bound_evidence
695eeb95ca2cf8cd827bc568,68bc5353ef800d98b63c95ee,0,,,not_sent,absent_hard_bound_evidence
695eeb95ca2cf8cd827bc59f,External System Integration Framework,0,,,not_sent,absent_hard_bound_evidence
695eeb95ca2cf8cd827bc56c,68bc5353ef800d98b63c95f2,0,,,not_sent,absent_hard_bound_evidence
695eeb95ca2cf8cd827bc58b,Deploy Self-Hosted Analytics System,0,,,not_sent,absent_hard_bound_evidence
695eeb95ca2cf8cd827bc592,Develop Agent Performance Scoring System,0,,,not_sent,absent_hard_bound_evidence
695eeb95ca2cf8cd827bc57e,68bed90d96a347716a77069b,0,,,not_sent,absent_hard_bound_evidence
695eeb95ca2cf8cd827bc5a0,"Deploy Payment Gateways (Attijariwafa Bank, PayPal, Base44)",0,,,not_sent,absent_hard_bound_evidence
695eeb95ca2cf8cd827bc5a6,Agri-Link (Hyperlocal Farmer-to-Buyer Marketplace),0,,,not_sent,absent_hard_bound_evidence
695eeb95ca2cf8cd827bc5a7,AI-Logistique (Cross-Border Informal Transport Network),0,,,not_sent,absent_hard_bound_evidence
695eeb95ca2cf8cd827bc557,68bc5353ef800d98b63c95dc,0,,,not_sent,absent_hard_bound_evidence
695eeb95ca2cf8cd827bc578,68c14ec7dd2d5f8f570f95c6,0,,,not_sent,absent_hard_bound_evidence
695eeb95ca2cf8cd827bc57f,68beddf551088dc2206bd7e3,0,,,not_sent,absent_hard_bound_evidence
695eeb95ca2cf8cd827bc595,Monitor PayPal API Health,0,,,not_sent,absent_hard_bound_evidence
695eeb95ca2cf8cd827bc55c,68bc5353ef800d98b63c95e2,0,,,not_sent,absent_hard_bound_evidence
695eeb95ca2cf8cd827bc570,68bc5353ef800d98b63c95f6,0,,,not_sent,absent_hard_bound_evidence
695eeb95ca2cf8cd827bc57a,68be8fb35a41fdec3cf18ed5,0,,,not_sent,absent_hard_bound_evidence
695eeb95ca2cf8cd827bc57b,68be8fb45a41fdec3cf18ee0,0,,,not_sent,absent_hard_bound_evidence
695eeb95ca2cf8cd827bc560,68bc5353ef800d98b63c95e6,0,,,not_sent,absent_hard_bound_evidence
695eeb95ca2cf8cd827bc59c,Validate PayPal API Configuration,0,,,not_sent,absent_hard_bound_evidence
695eeb95ca2cf8cd827bc5a4,Create Shareable Multilingual Offline Survival Tools,0,,,not_sent,absent_hard_bound_evidence
695eeb95ca2cf8cd827bc551,68bc5353ef800d98b63c95d6,0,,,not_sent,absent_hard_bound_evidence
695eeb95ca2cf8cd827bc55a,68bc5353ef800d98b63c95e0,0,,,not_sent,absent_hard_bound_evidence
695eeb95ca2cf8cd827bc580,68beddf551088dc2206bd7e5,0,,,not_sent,absent_hard_bound_evidence
695eeb95ca2cf8cd827bc564,68bc5353ef800d98b63c95ea,0,,,not_sent,absent_hard_bound_evidence
695eeb95ca2cf8cd827bc598,Perform System Maintenance,0,,,not_sent,absent_hard_bound_evidence
695eeb95ca2cf8cd827bc5a8,Historical Revenue Audit and Backfill,0,,,not_sent,absent_hard_bound_evidence
695eeb95ca2cf8cd827bc582,Documentation Enhancement for Command Centre,0,,,not_sent,absent_hard_bound_evidence
695eeb95ca2cf8cd827bc587,Generate Revenue Tracking & Withdrawal Simulation System Code,0,,,not_sent,absent_hard_bound_evidence
695eeb95ca2cf8cd827bc5a5,Sante365 (Integrated Health Appointments & Records),0,,,not_sent,absent_hard_bound_evidence
695eeb95ca2cf8cd827bc5a9,🚀 PayPal API Batch Sync Orchestrator,0,,,not_sent,absent_hard_bound_evidence
695eeb95ca2cf8cd827bc573,68bc5353ef800d98b63c95f9,0,,,not_sent,absent_hard_bound_evidence
695eeb95ca2cf8cd827bc57c,68be8fb85a41fdec3cf18ee8,0,,,not_sent,absent_hard_bound_evidence
695eeb95ca2cf8cd827bc593,Implement Mission Complexity Scoring System,0,,,not_sent,absent_hard_bound_evidence
695eeb95ca2cf8cd827bc5a2,Optimize Underperforming Agent (agent-4),0,,,not_sent,absent_hard_bound_evidence
695eeb95ca2cf8cd827bc559,68bc5353ef800d98b63c95de,0,,,not_sent,absent_hard_bound_evidence
695eeb95ca2cf8cd827bc591,Implement Predictive Deadline Forecasting,0,,,not_sent,absent_hard_bound_evidence
695eeb95ca2cf8cd827bc59b,Resolve PayPal 403 Authorization Errors,0,,,not_sent,absent_hard_bound_evidence
695eeb95ca2cf8cd827bc554,68bc5353ef800d98b63c95d9,0,,,not_sent,absent_hard_bound_evidence
695eeb95ca2cf8cd827bc56e,68bc5353ef800d98b63c95f4,0,,,not_sent,absent_hard_bound_evidence
695eeb95ca2cf8cd827bc576,68bd654611425d525969711d,0,,,not_sent,absent_hard_bound_evidence
695eeb95ca2cf8cd827bc5aa,(Optional) Deploy webhook server,0,,,not_sent,absent_hard_bound_evidence
695eeb95ca2cf8cd827bc583,title,0,,,not_sent,absent_hard_bound_evidence
695eeb95ca2cf8cd827bc586,Scalability Testing and Performance Optimization,0,,,not_sent,absent_hard_bound_evidence
695eeb95ca2cf8cd827bc58e,Develop Pre-requisite Validation System for Missions,0,,,not_sent,absent_hard_bound_evidence
695eeb95ca2cf8cd827bc5ae,Email Campaign Creation,0,,,not_sent,absent_hard_bound_evidence
695eeb95ca2cf8cd827bc565,68bc5353ef800d98b63c95eb,0,,,not_sent,absent_hard_bound_evidence
695eeb95ca2cf8cd827bc584,Advanced Analytics and Predictive Optimization,0,,,not_sent,absent_hard_bound_evidence
695eeb95ca2cf8cd827bc594,Weekly Distribution Revenue Payout,0,,,not_sent,absent_hard_bound_evidence
695eeb95ca2cf8cd827bc550,68bc5353ef800d98b63c95d5,0,,,not_sent,absent_hard_bound_evidence
695eeb95ca2cf8cd827bc56b,68bc5353ef800d98b63c95f1,0,,,not_sent,absent_hard_bound_evidence
695eeb95ca2cf8cd827bc575,68bc5353ef800d98b63c95fb,0,,,not_sent,absent_hard_bound_evidence
695eeb95ca2cf8cd827bc57d,68be8fba5a41fdec3cf18f02,0,,,not_sent,absent_hard_bound_evidence
695eeb95ca2cf8cd827bc58f,Implement Mission Dependency Mapping System,0,,,not_sent,absent_hard_bound_evidence
695eeb95ca2cf8cd827bc556,68bc5353ef800d98b63c95db,0,,,not_sent,absent_hard_bound_evidence
695eeb95ca2cf8cd827bc589,Q3 End Affiliate Blast,0,,,not_sent,absent_hard_bound_evidence
695eeb95ca2cf8cd827bc597,Manage Cloud Deployment,0,,,not_sent,absent_hard_bound_evidence
695eeb95ca2cf8cd827bc599,Ensure Security and Compliance,0,,,not_sent,absent_hard_bound_evidence
695eeb95ca2cf8cd827bc555,68bc5353ef800d98b63c95da,0,,,not_sent,absent_hard_bound_evidence
695eeb95ca2cf8cd827bc56a,68bc5353ef800d98b63c95f0,0,,,not_sent,absent_hard_bound_evidence
695eeb95ca2cf8cd827bc58d,System Integrity Test - Mission Persistence Check,0,,,not_sent,absent_hard_bound_evidence
695eeb95ca2cf8cd827bc596,Analyze System Performance,0,,,not_sent,absent_hard_bound_evidence
695eeb95ca2cf8cd827bc59d,Implement Comprehensive Service Monitoring,0,,,not_sent,absent_hard_bound_evidence
695eeb95ca2cf8cd827bc50e,68beddf551088dc2206bd7e3,0,,,not_sent,absent_hard_bound_evidence
695eeb95ca2cf8cd827bc524,"Achieve Fully Autonomous, Self-Optimizing Revenue Generation",0,,,not_sent,absent_hard_bound_evidence
695eeb95ca2cf8cd827bc526,Launch Content Licensing Factory for Passive Income,0,,,not_sent,absent_hard_bound_evidence
695eeb95ca2cf8cd827bc529,Exploratory Data Analysis,0,,,not_sent,absent_hard_bound_evidence
695eeb95ca2cf8cd827bc530,Content Generation for Campaign,0,,,not_sent,absent_hard_bound_evidence
695eeb95ca2cf8cd827bc53a,Construct Customer Success Copilot (Multi-Agent Approach),0,,,not_sent,absent_hard_bound_evidence
695eeb95ca2cf8cd827bc4f6,68bc5353ef800d98b63c95ec,0,,,not_sent,absent_hard_bound_evidence
695eeb95ca2cf8cd827bc545,M009,0,,,not_sent,absent_hard_bound_evidence
695eeb95ca2cf8cd827bc547,68bc38085f02369b6679e083,0,,,not_sent,absent_hard_bound_evidence
695eeb95ca2cf8cd827bc508,68c14ec8dd2d5f8f570f95c7,0,,,not_sent,absent_hard_bound_evidence
695eeb95ca2cf8cd827bc509,68be8fb35a41fdec3cf18ed5,0,,,not_sent,absent_hard_bound_evidence
695eeb95ca2cf8cd827bc51e,Directive: Execute Swarm Synthesis Protocol,0,,,not_sent,absent_hard_bound_evidence
695eeb95ca2cf8cd827bc522,Immediate Revenue Generation & Conversion Optimization for realworldcerts.com,0,,,not_sent,absent_hard_bound_evidence
695eeb95ca2cf8cd827bc52f,System Health Monitoring,0,,,not_sent,absent_hard_bound_evidence
695eeb95ca2cf8cd827bc538,Build and Implement Supply Chain Optimization Agent,0,,,not_sent,absent_hard_bound_evidence
695eeb95ca2cf8cd827bc542,REV-004,0,,,not_sent,absent_hard_bound_evidence
695eeb95ca2cf8cd827bc54b,68bc5353ef800d98b63c95d1,0,,,not_sent,absent_hard_bound_evidence
695eeb95ca2cf8cd827bc4ea,M009,0,,,not_sent,absent_hard_bound_evidence
695eeb95ca2cf8cd827bc4fc,68bc5353ef800d98b63c95f3,0,,,not_sent,absent_hard_bound_evidence
695eeb95ca2cf8cd827bc535,Continuously Scan and Integrate New AI Tools from TheAISurfer and github repos like https://github.com/MeiGen-AI,0,,,not_sent,absent_hard_bound_evidence
695eeb95ca2cf8cd827bc54c,68bc5353ef800d98b63c95d2,0,,,not_sent,absent_hard_bound_evidence
695eeb95ca2cf8cd827bc544,M007,0,,,not_sent,absent_hard_bound_evidence
695eeb95ca2cf8cd827bc54d,68bc5353ef800d98b63c95d4,0,,,not_sent,absent_hard_bound_evidence
695eeb95ca2cf8cd827bc4fa,68bc5353ef800d98b63c95f1,0,,,not_sent,absent_hard_bound_evidence
695eeb95ca2cf8cd827bc50b,68be8fb85a41fdec3cf18ee8,0,,,not_sent,absent_hard_bound_evidence
695eeb95ca2cf8cd827bc520,Initiate affiliate marketing activation. Coordinate all agents under Autonomous Digital Education Incubator and Generative_Enterprise.,0,,,not_sent,absent_hard_bound_evidence
695eeb95ca2cf8cd827bc51a,Continuously Scan for Emerging Agent Technologies,0,,,not_sent,absent_hard_bound_evidence
695eeb95ca2cf8cd827bc521,Deploy Comprehensive Affiliate Fraud Protection Network,0,,,not_sent,absent_hard_bound_evidence
695eeb95ca2cf8cd827bc528,Strategic Opportunity Identification Agent: Discovering Proven Revenue Models and Platform Opportunities,0,,,not_sent,absent_hard_bound_evidence
695eeb95ca2cf8cd827bc534,Deploy and Integrate MultiTalk for Promotional Video Scripting,0,,,not_sent,absent_hard_bound_evidence
695eeb95ca2cf8cd827bc541,REV-003,0,,,not_sent,absent_hard_bound_evidence
695eeb95ca2cf8cd827bc515,Cross-Platform Integration Test,0,,,not_sent,absent_hard_bound_evidence
695eeb95ca2cf8cd827bc4f4,68bc5353ef800d98b63c95ea,0,,,not_sent,absent_hard_bound_evidence
695eeb95ca2cf8cd827bc4fb,68bc5353ef800d98b63c95f2,0,,,not_sent,absent_hard_bound_evidence
695eeb95ca2cf8cd827bc533,Create and Deploy Autonomous Community Engagement Agent,0,,,not_sent,absent_hard_bound_evidence
695eeb95ca2cf8cd827bc54a,68bc5353ef800d98b63c95cf,0,,,not_sent,absent_hard_bound_evidence
695eeb95ca2cf8cd827bc4e3,"Launch Autonomous Education Affiliate Revenue Stream - Target: $5,000+ Monthly Recurring",0,,,not_sent,absent_hard_bound_evidence
695eeb95ca2cf8cd827bc4e6,"Launch Autonomous Education Affiliate Revenue Stream - Target: $5,000+ Monthly Recurring",0,,,not_sent,absent_hard_bound_evidence
695eeb95ca2cf8cd827bc4e9,M007,0,,,not_sent,absent_hard_bound_evidence
695eeb95ca2cf8cd827bc4fd,68bc5353ef800d98b63c95f4,0,,,not_sent,absent_hard_bound_evidence
695eeb95ca2cf8cd827bc514,Launch AWS certification awareness campaign,0,,,not_sent,absent_hard_bound_evidence
695eeb95ca2cf8cd827bc51b,Deploy Project Sentinel to Eliminate Swarm Error Rate,0,,,not_sent,absent_hard_bound_evidence
695eeb95ca2cf8cd827bc527,Establish Micro-SaaS Subscription Revenue Stream,0,,,not_sent,absent_hard_bound_evidence
695eeb95ca2cf8cd827bc4f5,68bc5353ef800d98b63c95eb,0,,,not_sent,absent_hard_bound_evidence
695eeb95ca2cf8cd827bc510,68beddf551088dc2206bd7f1,0,,,not_sent,absent_hard_bound_evidence
695eeb95ca2cf8cd827bc51d,Broadcast Gratitude and Mission Directive to All Agents,0,,,not_sent,absent_hard_bound_evidence
695eeb95ca2cf8cd827bc4f2,68bc5353ef800d98b63c95e8,0,,,not_sent,absent_hard_bound_evidence
695eeb95ca2cf8cd827bc507,68c14ec7dd2d5f8f570f95c6,0,,,not_sent,absent_hard_bound_evidence
695eeb95ca2cf8cd827bc525,Establish Automated Arbitrage Operations Across 3 Markets,0,,,not_sent,absent_hard_bound_evidence
695eeb95ca2cf8cd827bc53f,REV-001,0,,,not_sent,absent_hard_bound_evidence
695eeb95ca2cf8cd827bc4e2,Deploy Project Sentinel to Eliminate Swarm Error Rate,0,,,not_sent,absent_hard_bound_evidence
695eeb95ca2cf8cd827bc4f1,68bc5353ef800d98b63c95d5,0,,,not_sent,absent_hard_bound_evidence
695eeb95ca2cf8cd827bc513,Establish Local Language Community Memberships,10000,,,not_sent,absent_hard_bound_evidence
695eeb95ca2cf8cd827bc519,Directive: Forge Autonomous SaaS Product,0,,,not_sent,absent_hard_bound_evidence
695eeb95ca2cf8cd827bc518,Integrate and Deploy Comet Agent for New Course Opportunity Analysis,0,,,not_sent,absent_hard_bound_evidence
695eeb95ca2cf8cd827bc52a,Initial Scoring Simulation,0,,,not_sent,absent_hard_bound_evidence
695eeb95ca2cf8cd827bc4e5,Generate Immediate Revenue While Fixing Pipeline Issues,0,,,not_sent,absent_hard_bound_evidence
695eeb95ca2cf8cd827bc4fe,68bc5353ef800d98b63c95f5,0,,,not_sent,absent_hard_bound_evidence
695eeb95ca2cf8cd827bc537,Create and Deploy AI-Powered Contract Review Agent,0,,,not_sent,absent_hard_bound_evidence
695eeb95ca2cf8cd827bc539,Develop Predictive Maintenance Agent for Industrial IoT,0,,,not_sent,absent_hard_bound_evidence
695eeb95ca2cf8cd827bc4f7,68bc5353ef800d98b63c95ed,0,,,not_sent,absent_hard_bound_evidence
695eeb95ca2cf8cd827bc4ff,68bc5353ef800d98b63c95f6,0,,,not_sent,absent_hard_bound_evidence
695eeb95ca2cf8cd827bc50a,68be8fb45a41fdec3cf18ee0,0,,,not_sent,absent_hard_bound_evidence
695eeb95ca2cf8cd827bc549,68bc5353ef800d98b63c95ce,0,,,not_sent,absent_hard_bound_evidence
695eeb95ca2cf8cd827bc52e,Multi-Platform Message Distribution,0,,,not_sent,absent_hard_bound_evidence
695eeb95ca2cf8cd827bc548,68bc5353ef800d98b63c95cd,0,,,not_sent,absent_hard_bound_evidence
695eeb95ca2cf8cd827bc52b,Establish Micro-SaaS Subscription Revenue Stream,0,,,not_sent,absent_hard_bound_evidence
695eeb95ca2cf8cd827bc52c,Promote  RealWorldCerts courses with 25% enrollment increase,0,,,not_sent,absent_hard_bound_evidence
695eeb95ca2cf8cd827bc517,Promote RealWorldCerts Course: ANSYS Certified Professional,0,,,not_sent,absent_hard_bound_evidence
695eeb95ca2cf8cd827bc4eb,M021,0,,,not_sent,absent_hard_bound_evidence
695eeb95ca2cf8cd827bc502,68bc5353ef800d98b63c95f9,0,,,not_sent,absent_hard_bound_evidence
695eeb95ca2cf8cd827bc523,Transform Swarm from Content Creation to Direct Revenue Generation,0,,,not_sent,absent_hard_bound_evidence
695eeb95ca2cf8cd827bc532,Diagnose and Fix Twitter/X API Connection Failure,0,,,not_sent,absent_hard_bound_evidence
695eeb95ca2cf8cd827bc543,Automation Refinement,0,,,not_sent,absent_hard_bound_evidence
695eeb95ca2cf8cd827bc4f0,68bc5353ef800d98b63c95d3,0,,,not_sent,absent_hard_bound_evidence
695eeb95ca2cf8cd827bc504,68bc5353ef800d98b63c95fb,0,,,not_sent,absent_hard_bound_evidence
695eeb95ca2cf8cd827bc53e,Generate Immediate Revenue While Fixing Pipeline Issues,0,,,not_sent,absent_hard_bound_evidence
695eeb95ca2cf8cd827bc4ed,68bc5353ef800d98b63c95ce,0,,,not_sent,absent_hard_bound_evidence
695eeb95ca2cf8cd827bc53c,Create and Deploy Healthcare Data Agent,0,,,not_sent,absent_hard_bound_evidence
695eeb95ca2cf8cd827bc4ef,68bc5353ef800d98b63c95d0,0,,,not_sent,absent_hard_bound_evidence
695eeb95ca2cf8cd827bc501,68bc5353ef800d98b63c95f8,0,,,not_sent,absent_hard_bound_evidence
695eeb95ca2cf8cd827bc512,Deploy Decentralized Governance,0,,,not_sent,absent_hard_bound_evidence
695eeb95ca2cf8cd827bc540,REV-002,0,,,not_sent,absent_hard_bound_evidence
695eeb95ca2cf8cd827bc4e8,Establish Micro-SaaS Subscription Revenue Stream,0,,,not_sent,absent_hard_bound_evidence
695eeb95ca2cf8cd827bc4ec,68bc38085f02369b6679e083,0,,,not_sent,absent_hard_bound_evidence
695eeb95ca2cf8cd827bc511,Deploy Self-Hosted Analytics System,0,,,not_sent,absent_hard_bound_evidence
695eeb95ca2cf8cd827bc52d,Social Media Trend Analysis,0,,,not_sent,absent_hard_bound_evidence
695eeb95ca2cf8cd827bc536,Develop and Deploy Autonomous Sales & Outreach Agent,0,,,not_sent,absent_hard_bound_evidence
695eeb95ca2cf8cd827bc505,68bd654611425d525969711d,0,,,not_sent,absent_hard_bound_evidence
695eeb95ca2cf8cd827bc516,Performance Data Analysis,0,,,not_sent,absent_hard_bound_evidence
695eeb95ca2cf8cd827bc51c,"Launch Autonomous Education Affiliate Revenue Stream - Target: $5,000+ Monthly Recurring",0,,,not_sent,absent_hard_bound_evidence
695eeb95ca2cf8cd827bc53d,Integrate Parse.bot for Automated Lead Qualification,0,,,not_sent,absent_hard_bound_evidence
695eeb95ca2cf8cd827bc4f9,68bc5353ef800d98b63c95ef,0,,,not_sent,absent_hard_bound_evidence
695eeb95ca2cf8cd827bc500,68bc5353ef800d98b63c95f7,0,,,not_sent,absent_hard_bound_evidence
695eeb95ca2cf8cd827bc506,68c14ec7dd2d5f8f570f95c5,0,,,not_sent,absent_hard_bound_evidence
695eeb95ca2cf8cd827bc50c,68be8fba5a41fdec3cf18f02,0,,,not_sent,absent_hard_bound_evidence
695eeb95ca2cf8cd827bc50f,68beddf551088dc2206bd7e5,0,,,not_sent,absent_hard_bound_evidence
695eeb95ca2cf8cd827bc51f,Generate Email Campaign for New Course Promotion,0,,,not_sent,absent_hard_bound_evidence
695eeb95ca2cf8cd827bc4ee,68bc5353ef800d98b63c95cf,0,,,not_sent,absent_hard_bound_evidence
695eeb95ca2cf8cd827bc503,68bc5353ef800d98b63c95fa,0,,,not_sent,absent_hard_bound_evidence
695eeb95ca2cf8cd827bc50d,68bed90d96a347716a77069b,0,,,not_sent,absent_hard_bound_evidence
695eeb95ca2cf8cd827bc546,M021,0,,,not_sent,absent_hard_bound_evidence
695eeb95ca2cf8cd827bc4e4,Broadcast Gratitude and Mission Directive to All Agents,0,,,not_sent,absent_hard_bound_evidence
695eeb95ca2cf8cd827bc4e7,Launch Content Licensing Factory for Passive Income,0,,,not_sent,absent_hard_bound_evidence
695eeb95ca2cf8cd827bc4f3,68bc5353ef800d98b63c95e9,0,,,not_sent,absent_hard_bound_evidence
695eeb95ca2cf8cd827bc53b,Assemble Autonomous Finance & Trading Agent,0,,,not_sent,absent_hard_bound_evidence
695eeb95ca2cf8cd827bc4e1,Continuously Scan for Emerging Agent Technologies,0,,,not_sent,absent_hard_bound_evidence
695eeb95ca2cf8cd827bc4f8,68bc5353ef800d98b63c95ee,0,,,not_sent,absent_hard_bound_evidence
695eeb95ca2cf8cd827bc531,Generate Ad Copy for RealWorldCerts' AWS IoT Course,0,,,not_sent,absent_hard_bound_evidence
695eeb95ca2cf8cd827bc48d,Quick Content Repurposing,105,,,not_sent,absent_hard_bound_evidence
695eeb95ca2cf8cd827bc4ac,Instant Email List Segmentation,60,,,not_sent,absent_hard_bound_evidence
695eeb95ca2cf8cd827bc4b2,Instant Content Performance Analysis,135,,,not_sent,absent_hard_bound_evidence
695eeb95ca2cf8cd827bc4cc,Rapid Data Pipeline Setup,270,,,not_sent,absent_hard_bound_evidence
695eeb95ca2cf8cd827bc48b,Rapid Web Scraping,180,,,not_sent,absent_hard_bound_evidence
695eeb95ca2cf8cd827bc4a6,Instant Data Backup,45,,,not_sent,absent_hard_bound_evidence
695eeb95ca2cf8cd827bc4c1,Rapid API Gateway Configuration,240,,,not_sent,absent_hard_bound_evidence
695eeb95ca2cf8cd827bc4ca,Instant Email List Growth Strategy,120,,,not_sent,absent_hard_bound_evidence
695eeb95ca2cf8cd827bc4a0,Instant Email Personalization,75,,,not_sent,absent_hard_bound_evidence
695eeb95ca2cf8cd827bc4c2,Instant Email Warm-up Setup,90,,,not_sent,absent_hard_bound_evidence
695eeb95ca2cf8cd827bc494,Instant Content Optimization,75,,,not_sent,absent_hard_bound_evidence
695eeb95ca2cf8cd827bc492,Quick Competitor Monitoring,90,,,not_sent,absent_hard_bound_evidence
695eeb95ca2cf8cd827bc493,Rapid Lead Scoring,180,,,not_sent,absent_hard_bound_evidence
695eeb95ca2cf8cd827bc4bf,Instant Social Media Influencer Outreach,150,,,not_sent,absent_hard_bound_evidence
695eeb95ca2cf8cd827bc4aa,Quick Content Syndication,90,,,not_sent,absent_hard_bound_evidence
695eeb95ca2cf8cd827bc4bc,Instant Email A/B Testing,135,,,not_sent,absent_hard_bound_evidence
695eeb95ca2cf8cd827bc488,Quick Document Processing,60,,,not_sent,absent_hard_bound_evidence
695eeb95ca2cf8cd827bc496,Instant Social Media Analytics,60,,,not_sent,absent_hard_bound_evidence
695eeb95ca2cf8cd827bc4ce,Execute Revenue Generation Strategies based on Market Research,0,,,not_sent,absent_hard_bound_evidence
695eeb95ca2cf8cd827bc49e,Quick API Testing,135,,,not_sent,absent_hard_bound_evidence
695eeb95ca2cf8cd827bc4af,Instant Social Media Crisis Monitoring,120,,,not_sent,absent_hard_bound_evidence
695eeb95ca2cf8cd827bc4b6,Instant Email Deliverability Test,75,,,not_sent,absent_hard_bound_evidence
695eeb95ca2cf8cd827bc4bd,Quick Customer Churn Prediction,225,,,not_sent,absent_hard_bound_evidence
695eeb95ca2cf8cd827bc483,68bbdf9be957eba57d8f4b5a,0,,,not_sent,absent_hard_bound_evidence
695eeb95ca2cf8cd827bc4b4,Instant Social Media Trend Analysis,105,,,not_sent,absent_hard_bound_evidence
695eeb95ca2cf8cd827bc495,Quick Data Migration,225,,,not_sent,absent_hard_bound_evidence
695eeb95ca2cf8cd827bc4a3,Instant Content Curation,60,,,not_sent,absent_hard_bound_evidence
695eeb95ca2cf8cd827bc485,Rapid Data Processing Task,150,,,not_sent,absent_hard_bound_evidence
695eeb95ca2cf8cd827bc4a4,Quick Performance Monitoring,75,,,not_sent,absent_hard_bound_evidence
695eeb95ca2cf8cd827bc4ae,Rapid API Documentation,195,,,not_sent,absent_hard_bound_evidence
695eeb95ca2cf8cd827bc4c3,Quick Customer Satisfaction Survey,105,,,not_sent,absent_hard_bound_evidence
695eeb95ca2cf8cd827bc4b8,Rapid Database Indexing,195,,,not_sent,absent_hard_bound_evidence
695eeb95ca2cf8cd827bc4b9,Instant Social Media Content Calendar,120,,,not_sent,absent_hard_bound_evidence
695eeb95ca2cf8cd827bc497,Rapid Email Template Creation,135,,,not_sent,absent_hard_bound_evidence
695eeb95ca2cf8cd827bc4c9,Rapid API Version Management,150,,,not_sent,absent_hard_bound_evidence
695eeb95ca2cf8cd827bc499,Rapid Data Visualization,180,,,not_sent,absent_hard_bound_evidence
695eeb95ca2cf8cd827bc4b3,Quick Data Anonymization,165,,,not_sent,absent_hard_bound_evidence
695eeb95ca2cf8cd827bc4c7,Instant Lead Generation Funnel Setup,225,,,not_sent,absent_hard_bound_evidence
695eeb95ca2cf8cd827bc4bb,Rapid API Monitoring Setup,165,,,not_sent,absent_hard_bound_evidence
695eeb95ca2cf8cd827bc4c5,Instant Social Media Ad Optimization,180,,,not_sent,absent_hard_bound_evidence
695eeb95ca2cf8cd827bc48c,Instant Social Media Monitoring,35,,,not_sent,absent_hard_bound_evidence
695eeb95ca2cf8cd827bc4a5,Rapid A/B Testing Setup,120,,,not_sent,absent_hard_bound_evidence
695eeb95ca2cf8cd827bc4b1,Rapid Lead Qualification,180,,,not_sent,absent_hard_bound_evidence
695eeb95ca2cf8cd827bc4c0,Quick Market Trend Analysis,195,,,not_sent,absent_hard_bound_evidence
695eeb95ca2cf8cd827bc4c6,Quick Data Quality Assessment,210,,,not_sent,absent_hard_bound_evidence
695eeb95ca2cf8cd827bc486,Quick Content Creation,45,,,not_sent,absent_hard_bound_evidence
695eeb95ca2cf8cd827bc498,Instant Keyword Research,90,,,not_sent,absent_hard_bound_evidence
695eeb95ca2cf8cd827bc4c4,Rapid Content Performance Optimization,165,,,not_sent,absent_hard_bound_evidence
695eeb95ca2cf8cd827bc48a,Quick Data Validation,75,,,not_sent,absent_hard_bound_evidence
695eeb95ca2cf8cd827bc489,Rapid Market Research,120,,,not_sent,absent_hard_bound_evidence
695eeb95ca2cf8cd827bc4b7,Quick Customer Lifetime Value Calculation,180,,,not_sent,absent_hard_bound_evidence
695eeb95ca2cf8cd827bc4cd,Conduct Autonomous Detailed Market Research for Revenue Generation,0,,,not_sent,absent_hard_bound_evidence
695eeb95ca2cf8cd827bc48e,Rapid CRM Data Entry,135,,,not_sent,absent_hard_bound_evidence
695eeb95ca2cf8cd827bc48f,Instant Survey Deployment,60,,,not_sent,absent_hard_bound_evidence
695eeb95ca2cf8cd827bc487,Rapid API Integration,200,,,not_sent,absent_hard_bound_evidence
695eeb95ca2cf8cd827bc49a,Instant Lead Nurturing Setup,120,,,not_sent,absent_hard_bound_evidence
695eeb95ca2cf8cd827bc4a7,Quick Social Media Reporting,135,,,not_sent,absent_hard_bound_evidence
695eeb95ca2cf8cd827bc4b5,Rapid API Rate Limiting Setup,150,,,not_sent,absent_hard_bound_evidence
695eeb95ca2cf8cd827bc4a2,Rapid Lead Enrichment,150,,,not_sent,absent_hard_bound_evidence
695eeb95ca2cf8cd827bc4cb,Quick Customer Retention Analysis,195,,,not_sent,absent_hard_bound_evidence
695eeb95ca2cf8cd827bc49f,Rapid Database Optimization,210,,,not_sent,absent_hard_bound_evidence
695eeb95ca2cf8cd827bc4a9,Instant Lead Distribution,105,,,not_sent,absent_hard_bound_evidence
695eeb95ca2cf8cd827bc484,Quick Social Media Post,50,,,not_sent,absent_hard_bound_evidence
695eeb95ca2cf8cd827bc490,Quick Analytics Report,150,,,not_sent,absent_hard_bound_evidence
695eeb95ca2cf8cd827bc491,Rapid Email List Cleaning,120,,,not_sent,absent_hard_bound_evidence
695eeb95ca2cf8cd827bc49b,Quick Customer Segmentation,150,,,not_sent,absent_hard_bound_evidence
695eeb95ca2cf8cd827bc4ab,Rapid Security Scan,240,,,not_sent,absent_hard_bound_evidence
695eeb95ca2cf8cd827bc4ba,Quick Competitor Pricing Analysis,150,,,not_sent,absent_hard_bound_evidence
695eeb95ca2cf8cd827bc49d,Instant Social Media Contest Setup,200,,,not_sent,absent_hard_bound_evidence
695eeb95ca2cf8cd827bc4a8,Rapid Customer Feedback Analysis,165,,,not_sent,absent_hard_bound_evidence
695eeb95ca2cf8cd827bc4ad,Quick Competitor Content Analysis,150,,,not_sent,absent_hard_bound_evidence
695eeb95ca2cf8cd827bc4c8,Quick Competitor Social Media Analysis,180,,,not_sent,absent_hard_bound_evidence
695eeb95ca2cf8cd827bc4a1,Quick Social Media Listening,90,,,not_sent,absent_hard_bound_evidence
695eeb95ca2cf8cd827bc4b0,Quick Customer Journey Mapping,210,,,not_sent,absent_hard_bound_evidence
695eeb95ca2cf8cd827bc49c,Rapid Content Translation,105,,,not_sent,absent_hard_bound_evidence
695eeb95ca2cf8cd827bc4be,Rapid Data Deduplication,180,,,not_sent,absent_hard_bound_evidence
695eeb95ca2cf8cd827bc4da,Develop Predictive Maintenance Agent for Industrial IoT,0,,,not_sent,absent_hard_bound_evidence
695eeb95ca2cf8cd827bc4db,Construct Customer Success Copilot (Multi-Agent Approach),0,,,not_sent,absent_hard_bound_evidence
695eeb95ca2cf8cd827bc4d2,Generate Ad Copy for RealWorldCerts' AWS IoT Course,0,,,not_sent,absent_hard_bound_evidence
695eeb95ca2cf8cd827bc4d0,Multi-Platform Message Distribution,0,,,not_sent,absent_hard_bound_evidence
695eeb95ca2cf8cd827bc4d6,Continuously Scan and Integrate New AI Tools from TheAISurfer and github repos like https://github.com/MeiGen-AI,0,,,not_sent,absent_hard_bound_evidence
695eeb95ca2cf8cd827bc4d8,Create and Deploy AI-Powered Contract Review Agent,0,,,not_sent,absent_hard_bound_evidence
695eeb95ca2cf8cd827bc4d9,Build and Implement Supply Chain Optimization Agent,0,,,not_sent,absent_hard_bound_evidence
695eeb95ca2cf8cd827bc4dc,Assemble Autonomous Finance & Trading Agent,0,,,not_sent,absent_hard_bound_evidence
695eeb95ca2cf8cd827bc4d4,Create and Deploy Autonomous Community Engagement Agent,0,,,not_sent,absent_hard_bound_evidence
695eeb95ca2cf8cd827bc4d5,Deploy and Integrate MultiTalk for Promotional Video Scripting,0,,,not_sent,absent_hard_bound_evidence
695eeb95ca2cf8cd827bc4de,Integrate Parse.bot for Automated Lead Qualification,0,,,not_sent,absent_hard_bound_evidence
695eeb95ca2cf8cd827bc4df,Integrate and Deploy Comet Agent for New Course Opportunity Analysis,0,,,not_sent,absent_hard_bound_evidence
695eeb95ca2cf8cd827bc4d3,Diagnose and Fix Twitter/X API Connection Failure,0,,,not_sent,absent_hard_bound_evidence
695eeb95ca2cf8cd827bc4e0,Directive: Forge Autonomous SaaS Product,0,,,not_sent,absent_hard_bound_evidence
695eeb95ca2cf8cd827bc4cf,Social Media Trend Analysis,0,,,not_sent,absent_hard_bound_evidence
695eeb95ca2cf8cd827bc4d7,Develop and Deploy Autonomous Sales & Outreach Agent,0,,,not_sent,absent_hard_bound_evidence
695eeb95ca2cf8cd827bc4dd,Create and Deploy Healthcare Data Agent,0,,,not_sent,absent_hard_bound_evidence
695eeb95ca2cf8cd827bc4d1,Content Generation for Campaign,0,,,not_sent,absent_hard_bound_evidence
695eeb95ca2cf8cd827bc42c,68be88bde483377ce83bb84e,0,,,not_sent,absent_hard_bound_evidence
695eeb95ca2cf8cd827bc42e,68beddf551088dc2206bd7de,0,,,not_sent,absent_hard_bound_evidence
695eeb95ca2cf8cd827bc44b,Disaster Recovery and Business Continuity Planning,0,,,not_sent,absent_hard_bound_evidence
695eeb95ca2cf8cd827bc43c,Performance Profiling and Optimization for Command Centre,0,,,not_sent,absent_hard_bound_evidence
695eeb95ca2cf8cd827bc442,Launch AI Website Creation Service for Small Businesses,0,,,not_sent,absent_hard_bound_evidence
695eeb95ca2cf8cd827bc445,Implement Strategic Synthesis Capabilities for SwarmOS,0,,,not_sent,absent_hard_bound_evidence
695eeb95ca2cf8cd827bc44c,Implement Protocol-Level Reserve Rule,0,,,not_sent,absent_hard_bound_evidence
695eeb95ca2cf8cd827bc44f,Market Dominance Strategy,0,,,not_sent,absent_hard_bound_evidence
695eeb95ca2cf8cd827bc45d,2025 New Year Kickoff Campaign,0,,,not_sent,absent_hard_bound_evidence
695eeb95ca2cf8cd827bc476,Obtain P&L report for Q4 2024,0,,,not_sent,absent_hard_bound_evidence
695eeb95ca2cf8cd827bc47c,M008,0,,,not_sent,absent_hard_bound_evidence
695eeb95ca2cf8cd827bc431,68beddf551088dc2206bd7e2,0,,,not_sent,absent_hard_bound_evidence
695eeb95ca2cf8cd827bc46b,Financial Modeling,0,,,not_sent,absent_hard_bound_evidence
695eeb95ca2cf8cd827bc443,Create promotional videos for RealWorldCerts.com and other Swarm digital products,0,,,not_sent,absent_hard_bound_evidence
695eeb95ca2cf8cd827bc458,"Receipt Confirmed ($17,800)",0,,,not_sent,absent_hard_bound_evidence
695eeb95ca2cf8cd827bc470,Forge High Performance Affiliate Marketing - Maximize Revenue Share,0,,,not_sent,absent_hard_bound_evidence
695eeb95ca2cf8cd827bc475,Pilot Evaluation,0,,,not_sent,absent_hard_bound_evidence
695eeb95ca2cf8cd827bc47f,M013,0,,,not_sent,absent_hard_bound_evidence
695eeb95ca2cf8cd827bc480,M016,0,,,not_sent,absent_hard_bound_evidence
695eeb95ca2cf8cd827bc482,M019,0,,,not_sent,absent_hard_bound_evidence
695eeb95ca2cf8cd827bc451,Monitor Automated Fund Transfers,0,,,not_sent,absent_hard_bound_evidence
695eeb95ca2cf8cd827bc45f,Install Rewardful Tracking Snippet on Website,0,,,not_sent,absent_hard_bound_evidence
695eeb95ca2cf8cd827bc466,Design Evaluation Criteria Matrix,0,,,not_sent,absent_hard_bound_evidence
695eeb95ca2cf8cd827bc43d,Test Coverage Expansion for Command Centre,0,,,not_sent,absent_hard_bound_evidence
695eeb95ca2cf8cd827bc446,Recurring Problem Detection & Solution Commercialization,0,,,not_sent,absent_hard_bound_evidence
695eeb95ca2cf8cd827bc468,Competitor Landscape Map,0,,,not_sent,absent_hard_bound_evidence
695eeb95ca2cf8cd827bc46f,Analyze and Optimize New Storefront in Morocco,0,,,not_sent,absent_hard_bound_evidence
695eeb95ca2cf8cd827bc471,Analyze Udemy Takedown & Explore New Revenue Streams,0,,,not_sent,absent_hard_bound_evidence
695eeb95ca2cf8cd827bc435,68beddf551088dc2206bd7e9,0,,,not_sent,absent_hard_bound_evidence
695eeb95ca2cf8cd827bc448,Disaster Recovery and Business Continuity Planning,0,,,not_sent,absent_hard_bound_evidence
695eeb95ca2cf8cd827bc456,Authorize Transfer (TRI-001),0,,,not_sent,absent_hard_bound_evidence
695eeb95ca2cf8cd827bc478,M002,0,,,not_sent,absent_hard_bound_evidence
695eeb95ca2cf8cd827bc427,68bbdf9be957eba57d8f4b5a,0,,,not_sent,absent_hard_bound_evidence
695eeb95ca2cf8cd827bc453,Affiliate Marketing Campaign Q4,0,,,not_sent,absent_hard_bound_evidence
695eeb95ca2cf8cd827bc479,M003,0,,,not_sent,absent_hard_bound_evidence
695eeb95ca2cf8cd827bc437,68beddf551088dc2206bd7ed,0,,,not_sent,absent_hard_bound_evidence
695eeb95ca2cf8cd827bc462,Analyze Competitor AI Offerings,0,,,not_sent,absent_hard_bound_evidence
695eeb95ca2cf8cd827bc421,M011,0,,,not_sent,absent_hard_bound_evidence
695eeb95ca2cf8cd827bc43b,Code Quality and Standards Enforcement for Command Centre,0,,,not_sent,absent_hard_bound_evidence
695eeb95ca2cf8cd827bc47d,M011,0,,,not_sent,absent_hard_bound_evidence
695eeb95ca2cf8cd827bc428,68bd57cd3f63e05ddaf19e04,0,,,not_sent,absent_hard_bound_evidence
695eeb95ca2cf8cd827bc42d,68beddf551088dc2206bd7dd,0,,,not_sent,absent_hard_bound_evidence
695eeb95ca2cf8cd827bc455,Fund Generation,0,,,not_sent,absent_hard_bound_evidence
695eeb95ca2cf8cd827bc467,Data Cleaning & Normalization,0,,,not_sent,absent_hard_bound_evidence
695eeb95ca2cf8cd827bc477,M001,0,,,not_sent,absent_hard_bound_evidence
695eeb95ca2cf8cd827bc420,M008,0,,,not_sent,absent_hard_bound_evidence
695eeb95ca2cf8cd827bc440,Brand Building and Niche Product Differentiation,0,,,not_sent,absent_hard_bound_evidence
695eeb95ca2cf8cd827bc45b,December RealWorldCerts Sales Blitz,0,,,not_sent,absent_hard_bound_evidence
695eeb95ca2cf8cd827bc461,Proactive Agent Identification and Proposal System,0,,,not_sent,absent_hard_bound_evidence
695eeb95ca2cf8cd827bc424,M016,0,,,not_sent,absent_hard_bound_evidence
695eeb95ca2cf8cd827bc426,M019,0,,,not_sent,absent_hard_bound_evidence
695eeb95ca2cf8cd827bc43e,Dynamic Swarm Knowledge & Best Practices Repository,0,,,not_sent,absent_hard_bound_evidence
695eeb95ca2cf8cd827bc447,Deploy Backup Coordinator Agent,0,,,not_sent,absent_hard_bound_evidence
695eeb95ca2cf8cd827bc46a,Risk Assessment & Mitigation Plan,0,,,not_sent,absent_hard_bound_evidence
695eeb95ca2cf8cd827bc474,Pilot Program Design,0,,,not_sent,absent_hard_bound_evidence
695eeb95ca2cf8cd827bc432,68beddf551088dc2206bd7e4,0,,,not_sent,absent_hard_bound_evidence
695eeb95ca2cf8cd827bc473,Attempt Bitcoin Puzzle Challenge,0,,,not_sent,absent_hard_bound_evidence
695eeb95ca2cf8cd827bc422,M012,0,,,not_sent,absent_hard_bound_evidence
695eeb95ca2cf8cd827bc43a,Comprehensive Improvement of Command Centre Repository,0,,,not_sent,absent_hard_bound_evidence
695eeb95ca2cf8cd827bc457,Execute Transfer,0,,,not_sent,absent_hard_bound_evidence
695eeb95ca2cf8cd827bc454,RealWorldCerts December Sales Push,0,,,not_sent,absent_hard_bound_evidence
695eeb95ca2cf8cd827bc423,M013,0,,,not_sent,absent_hard_bound_evidence
695eeb95ca2cf8cd827bc42f,68beddf551088dc2206bd7df,0,,,not_sent,absent_hard_bound_evidence
695eeb95ca2cf8cd827bc444,Autonomous Video Production & Monetization Pipeline for RealWorldCerts/Swarm Products,0,,,not_sent,absent_hard_bound_evidence
695eeb95ca2cf8cd827bc45a,September YouTube Content Series,0,,,not_sent,absent_hard_bound_evidence
695eeb95ca2cf8cd827bc46d,Deploy SelarBot Autonomous Promotion Network,0,,,not_sent,absent_hard_bound_evidence
695eeb95ca2cf8cd827bc425,M017,0,,,not_sent,absent_hard_bound_evidence
695eeb95ca2cf8cd827bc450,Performance Optimization & Anti-Procrastination System,0,,,not_sent,absent_hard_bound_evidence
695eeb95ca2cf8cd827bc460,Configure Rewardful PayPal Payouts,0,,,not_sent,absent_hard_bound_evidence
695eeb95ca2cf8cd827bc41f,M006,0,,,not_sent,absent_hard_bound_evidence
695eeb95ca2cf8cd827bc430,68beddf551088dc2206bd7e0,0,,,not_sent,absent_hard_bound_evidence
695eeb95ca2cf8cd827bc433,68beddf551088dc2206bd7e7,0,,,not_sent,absent_hard_bound_evidence
695eeb95ca2cf8cd827bc47b,M006,0,,,not_sent,absent_hard_bound_evidence
695eeb95ca2cf8cd827bc42b,68be826364c2e97debd0eed1,0,,,not_sent,absent_hard_bound_evidence
695eeb95ca2cf8cd827bc441,Explore and Integrate Data Bounties and MultiverseX for Agent Data/Compute Access,0,,,not_sent,absent_hard_bound_evidence
695eeb95ca2cf8cd827bc465,Proven Revenue Models Catalog,0,,,not_sent,absent_hard_bound_evidence
695eeb95ca2cf8cd827bc438,68beddf551088dc2206bd7ef,0,,,not_sent,absent_hard_bound_evidence
695eeb95ca2cf8cd827bc44a,Deploy Backup Coordinator Agent,0,,,not_sent,absent_hard_bound_evidence
695eeb95ca2cf8cd827bc45e,Configure Rewardful Affiliate Program,0,,,not_sent,absent_hard_bound_evidence
695eeb95ca2cf8cd827bc46c,Partnership Outreach Plan,0,,,not_sent,absent_hard_bound_evidence
695eeb95ca2cf8cd827bc434,68beddf551088dc2206bd7e8,0,,,not_sent,absent_hard_bound_evidence
695eeb95ca2cf8cd827bc436,68beddf551088dc2206bd7ec,0,,,not_sent,absent_hard_bound_evidence
695eeb95ca2cf8cd827bc45c,October Certification Month Push,0,,,not_sent,absent_hard_bound_evidence
695eeb95ca2cf8cd827bc472,Investigation and Report on Chilling Effect of Unresolved Deaths on Muslim Institutional Development,0,,,not_sent,absent_hard_bound_evidence
695eeb95ca2cf8cd827bc44d,Enterprise Monetization Framework,0,,,not_sent,absent_hard_bound_evidence
695eeb95ca2cf8cd827bc46e,Execute Niche Market Maverick Revenue Generation Mission with Full Agent Cooperation,0,,,not_sent,absent_hard_bound_evidence
695eeb95ca2cf8cd827bc452,Immediately Identify Available Funds,0,,,not_sent,absent_hard_bound_evidence
695eeb95ca2cf8cd827bc481,M017,0,,,not_sent,absent_hard_bound_evidence
695eeb95ca2cf8cd827bc463,Project Kickoff & Requirements Gathering,0,,,not_sent,absent_hard_bound_evidence
695eeb95ca2cf8cd827bc47a,M004,0,,,not_sent,absent_hard_bound_evidence
695eeb95ca2cf8cd827bc459,November LinkedIn B2B Outreach,0,,,not_sent,absent_hard_bound_evidence
695eeb95ca2cf8cd827bc429,68bdd7fe9963621020e5897f,0,,,not_sent,absent_hard_bound_evidence
695eeb95ca2cf8cd827bc469,Revenue Stream Opportunity Identification,0,,,not_sent,absent_hard_bound_evidence
695eeb95ca2cf8cd827bc47e,M012,0,,,not_sent,absent_hard_bound_evidence
695eeb95ca2cf8cd827bc439,68c047a8276c45ff6a6ef3b0,0,,,not_sent,absent_hard_bound_evidence
695eeb95ca2cf8cd827bc449,Develop Promotional Videos for RealWorldCerts.com using Tencent Hunyuan AI Video,0,,,not_sent,absent_hard_bound_evidence
695eeb95ca2cf8cd827bc41e,M004,0,,,not_sent,absent_hard_bound_evidence
695eeb95ca2cf8cd827bc44e,Predictive Swarm Intelligence 2.0,0,,,not_sent,absent_hard_bound_evidence
695eeb95ca2cf8cd827bc42a,68be606e2915083ebeea641c,0,,,not_sent,absent_hard_bound_evidence
695eeb95ca2cf8cd827bc43f,Automated Supplier Management and Data Synchronization,0,,,not_sent,absent_hard_bound_evidence
695eeb95ca2cf8cd827bc464,Research: Kick.com Deep Dive,0,,,not_sent,absent_hard_bound_evidence
695eeb95ca2cf8cd827bc3da,Market Dominance Strategy,0,,,not_sent,absent_hard_bound_evidence
695eeb95ca2cf8cd827bc406,Analyze Competitor AI Offerings,0,,,not_sent,absent_hard_bound_evidence
695eeb95ca2cf8cd827bc3c8,Test Coverage Expansion for Command Centre,0,,,not_sent,absent_hard_bound_evidence
695eeb95ca2cf8cd827bc3d2,Deploy Backup Coordinator Agent,0,,,not_sent,absent_hard_bound_evidence
695eeb95ca2cf8cd827bc3e7,October Certification Month Push,0,,,not_sent,absent_hard_bound_evidence
695eeb95ca2cf8cd827bc3eb,Configure Rewardful PayPal Payouts,0,,,not_sent,absent_hard_bound_evidence
695eeb95ca2cf8cd827bc403,Implement Autonomous PayPal Transfer Verification System using External Code Repository Integration,0,,,not_sent,absent_hard_bound_evidence
695eeb95ca2cf8cd827bc41b,M001,0,,,not_sent,absent_hard_bound_evidence
695eeb95ca2cf8cd827bc3b8,68beddf551088dc2206bd7dd,0,,,not_sent,absent_hard_bound_evidence
695eeb95ca2cf8cd827bc3c2,68beddf551088dc2206bd7ed,0,,,not_sent,absent_hard_bound_evidence
695eeb95ca2cf8cd827bc3cd,Launch AI Website Creation Service for Small Businesses,0,,,not_sent,absent_hard_bound_evidence
695eeb95ca2cf8cd827bc3c6,Code Quality and Standards Enforcement for Command Centre,0,,,not_sent,absent_hard_bound_evidence
695eeb95ca2cf8cd827bc3be,68beddf551088dc2206bd7e7,0,,,not_sent,absent_hard_bound_evidence
695eeb95ca2cf8cd827bc3d0,Implement Strategic Synthesis Capabilities for SwarmOS,0,,,not_sent,absent_hard_bound_evidence
695eeb95ca2cf8cd827bc3e9,Configure Rewardful Affiliate Program,0,,,not_sent,absent_hard_bound_evidence
695eeb95ca2cf8cd827bc3f2,Payment Method Verification Unblocker,0,,,not_sent,absent_hard_bound_evidence
695eeb95ca2cf8cd827bc3f5,Platform Integration Fixes,0,,,not_sent,absent_hard_bound_evidence
695eeb95ca2cf8cd827bc3fb,PayPal Revenue Monitoring,0,,,not_sent,absent_hard_bound_evidence
695eeb95ca2cf8cd827bc3d6,Disaster Recovery and Business Continuity Planning,0,,,not_sent,absent_hard_bound_evidence
695eeb95ca2cf8cd827bc3fd,PayPal API Diagnostic Analysis,0,,,not_sent,absent_hard_bound_evidence
695eeb95ca2cf8cd827bc3c7,Performance Profiling and Optimization for Command Centre,0,,,not_sent,absent_hard_bound_evidence
695eeb95ca2cf8cd827bc3e0,Fund Generation,0,,,not_sent,absent_hard_bound_evidence
695eeb95ca2cf8cd827bc401,Develop Real-time Mission Performance Dashboard,0,,,not_sent,absent_hard_bound_evidence
695eeb95ca2cf8cd827bc3bc,68beddf551088dc2206bd7e2,0,,,not_sent,absent_hard_bound_evidence
695eeb95ca2cf8cd827bc3d5,Deploy Backup Coordinator Agent,0,,,not_sent,absent_hard_bound_evidence
695eeb95ca2cf8cd827bc3dd,Immediately Identify Available Funds,0,,,not_sent,absent_hard_bound_evidence
695eeb95ca2cf8cd827bc40a,Design Evaluation Criteria Matrix,0,,,not_sent,absent_hard_bound_evidence
695eeb95ca2cf8cd827bc413,Analyze and Optimize New Storefront in Morocco,0,,,not_sent,absent_hard_bound_evidence
695eeb95ca2cf8cd827bc414,Forge High Performance Affiliate Marketing - Maximize Revenue Share,0,,,not_sent,absent_hard_bound_evidence
695eeb95ca2cf8cd827bc3e4,November LinkedIn B2B Outreach,0,,,not_sent,absent_hard_bound_evidence
695eeb95ca2cf8cd827bc3e8,2025 New Year Kickoff Campaign,0,,,not_sent,absent_hard_bound_evidence
695eeb95ca2cf8cd827bc3f9,Agent Simulation Detection,0,,,not_sent,absent_hard_bound_evidence
695eeb95ca2cf8cd827bc408,Research: Kick.com Deep Dive,0,,,not_sent,absent_hard_bound_evidence
695eeb95ca2cf8cd827bc40b,Data Cleaning & Normalization,0,,,not_sent,absent_hard_bound_evidence
695eeb95ca2cf8cd827bc402,Deploy Automated Deadline Alert System,0,,,not_sent,absent_hard_bound_evidence
695eeb95ca2cf8cd827bc3e3,"Receipt Confirmed ($17,800)",0,,,not_sent,absent_hard_bound_evidence
695eeb95ca2cf8cd827bc3c5,Comprehensive Improvement of Command Centre Repository,0,,,not_sent,absent_hard_bound_evidence
695eeb95ca2cf8cd827bc3e5,September YouTube Content Series,0,,,not_sent,absent_hard_bound_evidence
695eeb95ca2cf8cd827bc3ec,Proactive Agent Identification and Proposal System,0,,,not_sent,absent_hard_bound_evidence
695eeb95ca2cf8cd827bc3e6,December RealWorldCerts Sales Blitz,0,,,not_sent,absent_hard_bound_evidence
695eeb95ca2cf8cd827bc3ed,Build Open-Source Agent Framework,0,,,not_sent,absent_hard_bound_evidence
695eeb95ca2cf8cd827bc3f6,Listing Data Export,0,,,not_sent,absent_hard_bound_evidence
695eeb95ca2cf8cd827bc3c9,Dynamic Swarm Knowledge & Best Practices Repository,0,,,not_sent,absent_hard_bound_evidence
695eeb95ca2cf8cd827bc3cb,Brand Building and Niche Product Differentiation,0,,,not_sent,absent_hard_bound_evidence
695eeb95ca2cf8cd827bc3db,Performance Optimization & Anti-Procrastination System,0,,,not_sent,absent_hard_bound_evidence
695eeb95ca2cf8cd827bc3e2,Execute Transfer,0,,,not_sent,absent_hard_bound_evidence
695eeb95ca2cf8cd827bc3ea,Install Rewardful Tracking Snippet on Website,0,,,not_sent,absent_hard_bound_evidence
695eeb95ca2cf8cd827bc405,Develop Alternative Payment Processing System,0,,,not_sent,absent_hard_bound_evidence
695eeb95ca2cf8cd827bc40f,Financial Modeling,0,,,not_sent,absent_hard_bound_evidence
695eeb95ca2cf8cd827bc3e1,Authorize Transfer (TRI-001),0,,,not_sent,absent_hard_bound_evidence
695eeb95ca2cf8cd827bc3ee,Launch Decentralized Product Marketplace,0,,,not_sent,absent_hard_bound_evidence
695eeb95ca2cf8cd827bc407,Project Kickoff & Requirements Gathering,0,,,not_sent,absent_hard_bound_evidence
695eeb95ca2cf8cd827bc3d8,Enterprise Monetization Framework,0,,,not_sent,absent_hard_bound_evidence
695eeb95ca2cf8cd827bc3d9,Predictive Swarm Intelligence 2.0,0,,,not_sent,absent_hard_bound_evidence
695eeb95ca2cf8cd827bc3f4,Revenue Discrepancy Investigation,0,,,not_sent,absent_hard_bound_evidence
695eeb95ca2cf8cd827bc418,Pilot Program Design,0,,,not_sent,absent_hard_bound_evidence
695eeb95ca2cf8cd827bc3ef,Implement Cryptocurrency Revenue Streams,0,,,not_sent,absent_hard_bound_evidence
695eeb95ca2cf8cd827bc412,Execute Niche Market Maverick Revenue Generation Mission with Full Agent Cooperation,0,,,not_sent,absent_hard_bound_evidence
695eeb95ca2cf8cd827bc417,Attempt Bitcoin Puzzle Challenge,0,,,not_sent,absent_hard_bound_evidence
695eeb95ca2cf8cd827bc3c3,68beddf551088dc2206bd7ef,0,,,not_sent,absent_hard_bound_evidence
695eeb95ca2cf8cd827bc3fe,多平台课程商业化战略,0,,,not_sent,absent_hard_bound_evidence
695eeb95ca2cf8cd827bc411,Deploy SelarBot Autonomous Promotion Network,0,,,not_sent,absent_hard_bound_evidence
695eeb95ca2cf8cd827bc415,Analyze Udemy Takedown & Explore New Revenue Streams,0,,,not_sent,absent_hard_bound_evidence
695eeb95ca2cf8cd827bc3ce,Create promotional videos for RealWorldCerts.com and other Swarm digital products,0,,,not_sent,absent_hard_bound_evidence
695eeb95ca2cf8cd827bc3d1,Recurring Problem Detection & Solution Commercialization,0,,,not_sent,absent_hard_bound_evidence
695eeb95ca2cf8cd827bc3dc,Monitor Automated Fund Transfers,0,,,not_sent,absent_hard_bound_evidence
695eeb95ca2cf8cd827bc3de,Affiliate Marketing Campaign Q4,0,,,not_sent,absent_hard_bound_evidence
695eeb95ca2cf8cd827bc409,Proven Revenue Models Catalog,0,,,not_sent,absent_hard_bound_evidence
695eeb95ca2cf8cd827bc3c0,68beddf551088dc2206bd7e9,0,,,not_sent,absent_hard_bound_evidence
695eeb95ca2cf8cd827bc3cc,Explore and Integrate Data Bounties and MultiverseX for Agent Data/Compute Access,0,,,not_sent,absent_hard_bound_evidence
695eeb95ca2cf8cd827bc3ff,Automated PayPal Revenue Transfer System,0,,,not_sent,absent_hard_bound_evidence
695eeb95ca2cf8cd827bc3cf,Autonomous Video Production & Monetization Pipeline for RealWorldCerts/Swarm Products,0,,,not_sent,absent_hard_bound_evidence
695eeb95ca2cf8cd827bc40c,Competitor Landscape Map,0,,,not_sent,absent_hard_bound_evidence
695eeb95ca2cf8cd827bc40d,Revenue Stream Opportunity Identification,0,,,not_sent,absent_hard_bound_evidence
695eeb95ca2cf8cd827bc3d3,Disaster Recovery and Business Continuity Planning,0,,,not_sent,absent_hard_bound_evidence
695eeb95ca2cf8cd827bc3f7,Account Migration Prep,0,,,not_sent,absent_hard_bound_evidence
695eeb95ca2cf8cd827bc3bb,68beddf551088dc2206bd7e0,0,,,not_sent,absent_hard_bound_evidence
695eeb95ca2cf8cd827bc3bf,68beddf551088dc2206bd7e8,0,,,not_sent,absent_hard_bound_evidence
695eeb95ca2cf8cd827bc3ca,Automated Supplier Management and Data Synchronization,0,,,not_sent,absent_hard_bound_evidence
695eeb95ca2cf8cd827bc3fa,Real Revenue Recovery Plan,0,,,not_sent,absent_hard_bound_evidence
695eeb95ca2cf8cd827bc3fc,PayPal Revenue Monitoring,0,,,not_sent,absent_hard_bound_evidence
695eeb95ca2cf8cd827bc410,Partnership Outreach Plan,0,,,not_sent,absent_hard_bound_evidence
695eeb95ca2cf8cd827bc3d4,Develop Promotional Videos for RealWorldCerts.com using Tencent Hunyuan AI Video,0,,,not_sent,absent_hard_bound_evidence
695eeb95ca2cf8cd827bc3df,RealWorldCerts December Sales Push,0,,,not_sent,absent_hard_bound_evidence
695eeb95ca2cf8cd827bc3f8,Platform Reality Check Accelerator,0,,,not_sent,absent_hard_bound_evidence
695eeb95ca2cf8cd827bc41a,Obtain P&L report for Q4 2024,0,,,not_sent,absent_hard_bound_evidence
695eeb95ca2cf8cd827bc41d,M003,0,,,not_sent,absent_hard_bound_evidence
695eeb95ca2cf8cd827bc3ba,68beddf551088dc2206bd7df,0,,,not_sent,absent_hard_bound_evidence
695eeb95ca2cf8cd827bc3f0,Build Federated Marketing System,0,,,not_sent,absent_hard_bound_evidence
695eeb95ca2cf8cd827bc3d7,Implement Protocol-Level Reserve Rule,0,,,not_sent,absent_hard_bound_evidence
695eeb95ca2cf8cd827bc400,Implement Automated Checkpoints for Missions,0,,,not_sent,absent_hard_bound_evidence
695eeb95ca2cf8cd827bc404,Automated Agent Payout Processing,0,,,not_sent,absent_hard_bound_evidence
695eeb95ca2cf8cd827bc41c,M002,0,,,not_sent,absent_hard_bound_evidence
695eeb95ca2cf8cd827bc3bd,68beddf551088dc2206bd7e4,0,,,not_sent,absent_hard_bound_evidence
695eeb95ca2cf8cd827bc3c4,68c047a8276c45ff6a6ef3b0,0,,,not_sent,absent_hard_bound_evidence
695eeb95ca2cf8cd827bc3b9,68beddf551088dc2206bd7de,0,,,not_sent,absent_hard_bound_evidence
695eeb95ca2cf8cd827bc3f1,Implement Corporate Alternatives,0,,,not_sent,absent_hard_bound_evidence
695eeb95ca2cf8cd827bc3f3,Account Ownership Verification Unblocker,0,,,not_sent,absent_hard_bound_evidence
695eeb95ca2cf8cd827bc40e,Risk Assessment & Mitigation Plan,0,,,not_sent,absent_hard_bound_evidence
695eeb95ca2cf8cd827bc419,Pilot Evaluation,0,,,not_sent,absent_hard_bound_evidence
695eeb95ca2cf8cd827bc3c1,68beddf551088dc2206bd7ec,0,,,not_sent,absent_hard_bound_evidence
695eeb95ca2cf8cd827bc416,Investigation and Report on Chilling Effect of Unresolved Deaths on Muslim Institutional Development,0,,,not_sent,absent_hard_bound_evidence
695eeb95ca2cf8cd827bc394,Proven Revenue Models Catalog,0,,,not_sent,absent_hard_bound_evidence
695eeb95ca2cf8cd827bc3a0,Analyze Udemy Takedown & Explore New Revenue Streams,0,,,not_sent,absent_hard_bound_evidence
695eeb95ca2cf8cd827bc360,Enterprise Monetization Framework,0,,,not_sent,absent_hard_bound_evidence
695eeb95ca2cf8cd827bc369,Authorize Transfer (TRI-001),0,,,not_sent,absent_hard_bound_evidence
695eeb95ca2cf8cd827bc37d,Platform Integration Fixes,0,,,not_sent,absent_hard_bound_evidence
695eeb95ca2cf8cd827bc3a7,M002,0,,,not_sent,absent_hard_bound_evidence
695eeb95ca2cf8cd827bc371,Configure Rewardful Affiliate Program,0,,,not_sent,absent_hard_bound_evidence
695eeb95ca2cf8cd827bc397,Competitor Landscape Map,0,,,not_sent,absent_hard_bound_evidence
695eeb95ca2cf8cd827bc36e,December RealWorldCerts Sales Blitz,0,,,not_sent,absent_hard_bound_evidence
695eeb95ca2cf8cd827bc3a3,Pilot Program Design,0,,,not_sent,absent_hard_bound_evidence
695eeb95ca2cf8cd827bc37c,Revenue Discrepancy Investigation,0,,,not_sent,absent_hard_bound_evidence
695eeb95ca2cf8cd827bc36b,"Receipt Confirmed ($17,800)",0,,,not_sent,absent_hard_bound_evidence
695eeb95ca2cf8cd827bc3b1,M019,0,,,not_sent,absent_hard_bound_evidence
695eeb95ca2cf8cd827bc359,Recurring Problem Detection & Solution Commercialization,0,,,not_sent,absent_hard_bound_evidence
695eeb95ca2cf8cd827bc366,Affiliate Marketing Campaign Q4,0,,,not_sent,absent_hard_bound_evidence
695eeb95ca2cf8cd827bc37e,Listing Data Export,0,,,not_sent,absent_hard_bound_evidence
695eeb95ca2cf8cd827bc3af,M016,0,,,not_sent,absent_hard_bound_evidence
695eeb95ca2cf8cd827bc380,Platform Reality Check Accelerator,0,,,not_sent,absent_hard_bound_evidence
695eeb95ca2cf8cd827bc3a6,M001,0,,,not_sent,absent_hard_bound_evidence
695eeb95ca2cf8cd827bc3b4,68bdd7fe9963621020e5897f,0,,,not_sent,absent_hard_bound_evidence
695eeb95ca2cf8cd827bc368,Fund Generation,0,,,not_sent,absent_hard_bound_evidence
695eeb95ca2cf8cd827bc389,Develop Real-time Mission Performance Dashboard,0,,,not_sent,absent_hard_bound_evidence
695eeb95ca2cf8cd827bc3a5,Obtain P&L report for Q4 2024,0,,,not_sent,absent_hard_bound_evidence
695eeb95ca2cf8cd827bc3b3,68bd57cd3f63e05ddaf19e04,0,,,not_sent,absent_hard_bound_evidence
695eeb95ca2cf8cd827bc3b6,68be826364c2e97debd0eed1,0,,,not_sent,absent_hard_bound_evidence
695eeb95ca2cf8cd827bc357,Autonomous Video Production & Monetization Pipeline for RealWorldCerts/Swarm Products,0,,,not_sent,absent_hard_bound_evidence
695eeb95ca2cf8cd827bc35e,Disaster Recovery and Business Continuity Planning,0,,,not_sent,absent_hard_bound_evidence
695eeb95ca2cf8cd827bc361,Predictive Swarm Intelligence 2.0,0,,,not_sent,absent_hard_bound_evidence
695eeb95ca2cf8cd827bc3a1,Investigation and Report on Chilling Effect of Unresolved Deaths on Muslim Institutional Development,0,,,not_sent,absent_hard_bound_evidence
695eeb95ca2cf8cd827bc37f,Account Migration Prep,0,,,not_sent,absent_hard_bound_evidence
695eeb95ca2cf8cd827bc35b,Disaster Recovery and Business Continuity Planning,0,,,not_sent,absent_hard_bound_evidence
695eeb95ca2cf8cd827bc363,Performance Optimization & Anti-Procrastination System,0,,,not_sent,absent_hard_bound_evidence
695eeb95ca2cf8cd827bc384,PayPal Revenue Monitoring,0,,,not_sent,absent_hard_bound_evidence
695eeb95ca2cf8cd827bc38d,Develop Alternative Payment Processing System,0,,,not_sent,absent_hard_bound_evidence
695eeb95ca2cf8cd827bc372,Install Rewardful Tracking Snippet on Website,0,,,not_sent,absent_hard_bound_evidence
695eeb95ca2cf8cd827bc395,Design Evaluation Criteria Matrix,0,,,not_sent,absent_hard_bound_evidence
695eeb95ca2cf8cd827bc39a,Financial Modeling,0,,,not_sent,absent_hard_bound_evidence
695eeb95ca2cf8cd827bc388,Implement Automated Checkpoints for Missions,0,,,not_sent,absent_hard_bound_evidence
695eeb95ca2cf8cd827bc3b7,68be88bde483377ce83bb84e,0,,,not_sent,absent_hard_bound_evidence
695eeb95ca2cf8cd827bc3a2,Attempt Bitcoin Puzzle Challenge,0,,,not_sent,absent_hard_bound_evidence
695eeb95ca2cf8cd827bc3a9,M004,0,,,not_sent,absent_hard_bound_evidence
695eeb95ca2cf8cd827bc3b0,M017,0,,,not_sent,absent_hard_bound_evidence
695eeb95ca2cf8cd827bc356,Create promotional videos for RealWorldCerts.com and other Swarm digital products,0,,,not_sent,absent_hard_bound_evidence
695eeb95ca2cf8cd827bc35a,Deploy Backup Coordinator Agent,0,,,not_sent,absent_hard_bound_evidence
695eeb95ca2cf8cd827bc379,Implement Corporate Alternatives,0,,,not_sent,absent_hard_bound_evidence
695eeb95ca2cf8cd827bc383,PayPal Revenue Monitoring,0,,,not_sent,absent_hard_bound_evidence
695eeb95ca2cf8cd827bc387,Automated PayPal Revenue Transfer System,0,,,not_sent,absent_hard_bound_evidence
695eeb95ca2cf8cd827bc39c,Deploy SelarBot Autonomous Promotion Network,0,,,not_sent,absent_hard_bound_evidence
695eeb95ca2cf8cd827bc39e,Analyze and Optimize New Storefront in Morocco,0,,,not_sent,absent_hard_bound_evidence
695eeb95ca2cf8cd827bc370,2025 New Year Kickoff Campaign,0,,,not_sent,absent_hard_bound_evidence
695eeb95ca2cf8cd827bc36d,September YouTube Content Series,0,,,not_sent,absent_hard_bound_evidence
695eeb95ca2cf8cd827bc374,Proactive Agent Identification and Proposal System,0,,,not_sent,absent_hard_bound_evidence
695eeb95ca2cf8cd827bc378,Build Federated Marketing System,0,,,not_sent,absent_hard_bound_evidence
695eeb95ca2cf8cd827bc392,Project Kickoff & Requirements Gathering,0,,,not_sent,absent_hard_bound_evidence
695eeb95ca2cf8cd827bc3ac,M011,0,,,not_sent,absent_hard_bound_evidence
695eeb95ca2cf8cd827bc38b,Implement Autonomous PayPal Transfer Verification System using External Code Repository Integration,0,,,not_sent,absent_hard_bound_evidence
695eeb95ca2cf8cd827bc396,Data Cleaning & Normalization,0,,,not_sent,absent_hard_bound_evidence
695eeb95ca2cf8cd827bc398,Revenue Stream Opportunity Identification,0,,,not_sent,absent_hard_bound_evidence
695eeb95ca2cf8cd827bc35d,Deploy Backup Coordinator Agent,0,,,not_sent,absent_hard_bound_evidence
695eeb95ca2cf8cd827bc35f,Implement Protocol-Level Reserve Rule,0,,,not_sent,absent_hard_bound_evidence
695eeb95ca2cf8cd827bc386,多平台课程商业化战略,0,,,not_sent,absent_hard_bound_evidence
695eeb95ca2cf8cd827bc39b,Partnership Outreach Plan,0,,,not_sent,absent_hard_bound_evidence
695eeb95ca2cf8cd827bc39f,Forge High Performance Affiliate Marketing - Maximize Revenue Share,0,,,not_sent,absent_hard_bound_evidence
695eeb95ca2cf8cd827bc35c,Develop Promotional Videos for RealWorldCerts.com using Tencent Hunyuan AI Video,0,,,not_sent,absent_hard_bound_evidence
695eeb95ca2cf8cd827bc36f,October Certification Month Push,0,,,not_sent,absent_hard_bound_evidence
695eeb95ca2cf8cd827bc3a4,Pilot Evaluation,0,,,not_sent,absent_hard_bound_evidence
695eeb95ca2cf8cd827bc3ab,M008,0,,,not_sent,absent_hard_bound_evidence
695eeb95ca2cf8cd827bc38a,Deploy Automated Deadline Alert System,0,,,not_sent,absent_hard_bound_evidence
695eeb95ca2cf8cd827bc3ae,M013,0,,,not_sent,absent_hard_bound_evidence
695eeb95ca2cf8cd827bc3b5,68be606e2915083ebeea641c,0,,,not_sent,absent_hard_bound_evidence
695eeb95ca2cf8cd827bc385,PayPal API Diagnostic Analysis,0,,,not_sent,absent_hard_bound_evidence
695eeb95ca2cf8cd827bc38e,Implement Payout Retry Queue System,0,,,not_sent,absent_hard_bound_evidence
695eeb95ca2cf8cd827bc390,PayPal Outage Communication Protocol,0,,,not_sent,absent_hard_bound_evidence
695eeb95ca2cf8cd827bc399,Risk Assessment & Mitigation Plan,0,,,not_sent,absent_hard_bound_evidence
695eeb95ca2cf8cd827bc3ad,M012,0,,,not_sent,absent_hard_bound_evidence
695eeb95ca2cf8cd827bc36c,November LinkedIn B2B Outreach,0,,,not_sent,absent_hard_bound_evidence
695eeb95ca2cf8cd827bc381,Agent Simulation Detection,0,,,not_sent,absent_hard_bound_evidence
695eeb95ca2cf8cd827bc37a,Payment Method Verification Unblocker,0,,,not_sent,absent_hard_bound_evidence
695eeb95ca2cf8cd827bc37b,Account Ownership Verification Unblocker,0,,,not_sent,absent_hard_bound_evidence
695eeb95ca2cf8cd827bc38f,Automated Mission Monitoring and Escalation for Critical PayPal Payouts,0,,,not_sent,absent_hard_bound_evidence
695eeb95ca2cf8cd827bc391,Analyze Competitor AI Offerings,0,,,not_sent,absent_hard_bound_evidence
695eeb95ca2cf8cd827bc393,Research: Kick.com Deep Dive,0,,,not_sent,absent_hard_bound_evidence
695eeb95ca2cf8cd827bc362,Market Dominance Strategy,0,,,not_sent,absent_hard_bound_evidence
695eeb95ca2cf8cd827bc365,Immediately Identify Available Funds,0,,,not_sent,absent_hard_bound_evidence
695eeb95ca2cf8cd827bc373,Configure Rewardful PayPal Payouts,0,,,not_sent,absent_hard_bound_evidence
695eeb95ca2cf8cd827bc376,Launch Decentralized Product Marketplace,0,,,not_sent,absent_hard_bound_evidence
695eeb95ca2cf8cd827bc377,Implement Cryptocurrency Revenue Streams,0,,,not_sent,absent_hard_bound_evidence
695eeb95ca2cf8cd827bc39d,Execute Niche Market Maverick Revenue Generation Mission with Full Agent Cooperation,0,,,not_sent,absent_hard_bound_evidence
695eeb95ca2cf8cd827bc3aa,M006,0,,,not_sent,absent_hard_bound_evidence
695eeb95ca2cf8cd827bc3b2,68bbdf9be957eba57d8f4b5a,0,,,not_sent,absent_hard_bound_evidence
695eeb95ca2cf8cd827bc367,RealWorldCerts December Sales Push,0,,,not_sent,absent_hard_bound_evidence
695eeb95ca2cf8cd827bc358,Implement Strategic Synthesis Capabilities for SwarmOS,0,,,not_sent,absent_hard_bound_evidence
695eeb95ca2cf8cd827bc364,Monitor Automated Fund Transfers,0,,,not_sent,absent_hard_bound_evidence
695eeb95ca2cf8cd827bc36a,Execute Transfer,0,,,not_sent,absent_hard_bound_evidence
695eeb95ca2cf8cd827bc375,Build Open-Source Agent Framework,0,,,not_sent,absent_hard_bound_evidence
695eeb95ca2cf8cd827bc382,Real Revenue Recovery Plan,0,,,not_sent,absent_hard_bound_evidence
695eeb95ca2cf8cd827bc38c,Automated Agent Payout Processing,0,,,not_sent,absent_hard_bound_evidence
695eeb95ca2cf8cd827bc3a8,M003,0,,,not_sent,absent_hard_bound_evidence
695eeb95ca2cf8cd827bc325,Execute Niche Market Maverick Revenue Generation Mission with Full Agent Cooperation,0,,,not_sent,absent_hard_bound_evidence
695eeb95ca2cf8cd827bc342,68beddf551088dc2206bd7df,0,,,not_sent,absent_hard_bound_evidence
695eeb95ca2cf8cd827bc329,Investigation and Report on Chilling Effect of Unresolved Deaths on Muslim Institutional Development,0,,,not_sent,absent_hard_bound_evidence
695eeb95ca2cf8cd827bc326,Analyze and Optimize New Storefront in Morocco,0,,,not_sent,absent_hard_bound_evidence
695eeb95ca2cf8cd827bc343,68beddf551088dc2206bd7e0,0,,,not_sent,absent_hard_bound_evidence
695eeb95ca2cf8cd827bc33b,68bd57cd3f63e05ddaf19e04,0,,,not_sent,absent_hard_bound_evidence
695eeb95ca2cf8cd827bc34c,68c047a8276c45ff6a6ef3b0,0,,,not_sent,absent_hard_bound_evidence
695eeb95ca2cf8cd827bc320,Revenue Stream Opportunity Identification,0,,,not_sent,absent_hard_bound_evidence
695eeb95ca2cf8cd827bc335,M012,0,,,not_sent,absent_hard_bound_evidence
695eeb95ca2cf8cd827bc345,68beddf551088dc2206bd7e4,0,,,not_sent,absent_hard_bound_evidence
695eeb95ca2cf8cd827bc34b,68beddf551088dc2206bd7ef,0,,,not_sent,absent_hard_bound_evidence
695eeb95ca2cf8cd827bc31a,Project Kickoff & Requirements Gathering,0,,,not_sent,absent_hard_bound_evidence
695eeb95ca2cf8cd827bc32f,M002,0,,,not_sent,absent_hard_bound_evidence
695eeb95ca2cf8cd827bc341,68beddf551088dc2206bd7de,0,,,not_sent,absent_hard_bound_evidence
695eeb95ca2cf8cd827bc33c,68bdd7fe9963621020e5897f,0,,,not_sent,absent_hard_bound_evidence
695eeb95ca2cf8cd827bc32d,Obtain P&L report for Q4 2024,0,,,not_sent,absent_hard_bound_evidence
695eeb95ca2cf8cd827bc331,M004,0,,,not_sent,absent_hard_bound_evidence
695eeb95ca2cf8cd827bc333,M008,0,,,not_sent,absent_hard_bound_evidence
695eeb95ca2cf8cd827bc334,M011,0,,,not_sent,absent_hard_bound_evidence
695eeb95ca2cf8cd827bc318,📈 Real Revenue Ingestion Pipeline,0,,,not_sent,absent_hard_bound_evidence
695eeb95ca2cf8cd827bc327,Forge High Performance Affiliate Marketing - Maximize Revenue Share,0,,,not_sent,absent_hard_bound_evidence
695eeb95ca2cf8cd827bc32c,Pilot Evaluation,0,,,not_sent,absent_hard_bound_evidence
695eeb95ca2cf8cd827bc340,68beddf551088dc2206bd7dd,0,,,not_sent,absent_hard_bound_evidence
695eeb95ca2cf8cd827bc350,Test Coverage Expansion for Command Centre,0,,,not_sent,absent_hard_bound_evidence
695eeb95ca2cf8cd827bc355,Launch AI Website Creation Service for Small Businesses,0,,,not_sent,absent_hard_bound_evidence
695eeb95ca2cf8cd827bc348,68beddf551088dc2206bd7e9,0,,,not_sent,absent_hard_bound_evidence
695eeb95ca2cf8cd827bc34f,Performance Profiling and Optimization for Command Centre,0,,,not_sent,absent_hard_bound_evidence
695eeb95ca2cf8cd827bc33d,68be606e2915083ebeea641c,0,,,not_sent,absent_hard_bound_evidence
695eeb95ca2cf8cd827bc31f,Competitor Landscape Map,0,,,not_sent,absent_hard_bound_evidence
695eeb95ca2cf8cd827bc32b,Pilot Program Design,0,,,not_sent,absent_hard_bound_evidence
695eeb95ca2cf8cd827bc346,68beddf551088dc2206bd7e7,0,,,not_sent,absent_hard_bound_evidence
695eeb95ca2cf8cd827bc34d,Comprehensive Improvement of Command Centre Repository,0,,,not_sent,absent_hard_bound_evidence
695eeb95ca2cf8cd827bc34e,Code Quality and Standards Enforcement for Command Centre,0,,,not_sent,absent_hard_bound_evidence
695eeb95ca2cf8cd827bc31e,Data Cleaning & Normalization,0,,,not_sent,absent_hard_bound_evidence
695eeb95ca2cf8cd827bc337,M016,0,,,not_sent,absent_hard_bound_evidence
695eeb95ca2cf8cd827bc339,M019,0,,,not_sent,absent_hard_bound_evidence
695eeb95ca2cf8cd827bc31b,Research: Kick.com Deep Dive,0,,,not_sent,absent_hard_bound_evidence
695eeb95ca2cf8cd827bc352,Automated Supplier Management and Data Synchronization,0,,,not_sent,absent_hard_bound_evidence
695eeb95ca2cf8cd827bc317,📊 Live Ledger Integrity Auditor,0,,,not_sent,absent_hard_bound_evidence
695eeb95ca2cf8cd827bc319,Analyze Competitor AI Offerings,0,,,not_sent,absent_hard_bound_evidence
695eeb95ca2cf8cd827bc330,M003,0,,,not_sent,absent_hard_bound_evidence
695eeb95ca2cf8cd827bc351,Dynamic Swarm Knowledge & Best Practices Repository,0,,,not_sent,absent_hard_bound_evidence
695eeb95ca2cf8cd827bc332,M006,0,,,not_sent,absent_hard_bound_evidence
695eeb95ca2cf8cd827bc353,Brand Building and Niche Product Differentiation,0,,,not_sent,absent_hard_bound_evidence
695eeb95ca2cf8cd827bc344,68beddf551088dc2206bd7e2,0,,,not_sent,absent_hard_bound_evidence
695eeb95ca2cf8cd827bc324,Deploy SelarBot Autonomous Promotion Network,0,,,not_sent,absent_hard_bound_evidence
695eeb95ca2cf8cd827bc32a,Attempt Bitcoin Puzzle Challenge,0,,,not_sent,absent_hard_bound_evidence
695eeb95ca2cf8cd827bc34a,68beddf551088dc2206bd7ed,0,,,not_sent,absent_hard_bound_evidence
695eeb95ca2cf8cd827bc31c,Proven Revenue Models Catalog,0,,,not_sent,absent_hard_bound_evidence
695eeb95ca2cf8cd827bc323,Partnership Outreach Plan,0,,,not_sent,absent_hard_bound_evidence
695eeb95ca2cf8cd827bc32e,M001,0,,,not_sent,absent_hard_bound_evidence
695eeb95ca2cf8cd827bc33f,68be88bde483377ce83bb84e,0,,,not_sent,absent_hard_bound_evidence
695eeb95ca2cf8cd827bc31d,Design Evaluation Criteria Matrix,0,,,not_sent,absent_hard_bound_evidence
695eeb95ca2cf8cd827bc322,Financial Modeling,0,,,not_sent,absent_hard_bound_evidence
695eeb95ca2cf8cd827bc349,68beddf551088dc2206bd7ec,0,,,not_sent,absent_hard_bound_evidence
695eeb95ca2cf8cd827bc321,Risk Assessment & Mitigation Plan,0,,,not_sent,absent_hard_bound_evidence
695eeb95ca2cf8cd827bc338,M017,0,,,not_sent,absent_hard_bound_evidence
695eeb95ca2cf8cd827bc33a,68bbdf9be957eba57d8f4b5a,0,,,not_sent,absent_hard_bound_evidence
695eeb95ca2cf8cd827bc347,68beddf551088dc2206bd7e8,0,,,not_sent,absent_hard_bound_evidence
695eeb95ca2cf8cd827bc336,M013,0,,,not_sent,absent_hard_bound_evidence
695eeb95ca2cf8cd827bc33e,68be826364c2e97debd0eed1,0,,,not_sent,absent_hard_bound_evidence
695eeb95ca2cf8cd827bc354,Explore and Integrate Data Bounties and MultiverseX for Agent Data/Compute Access,0,,,not_sent,absent_hard_bound_evidence
695eeb95ca2cf8cd827bc328,Analyze Udemy Takedown & Explore New Revenue Streams,0,,,not_sent,absent_hard_bound_evidence
695eeb95ca2cf8cd827bc2b8,🧩 CONSOLIDATED: Platform Integration Fixes...,0,,,not_sent,absent_hard_bound_evidence
695eeb95ca2cf8cd827bc2cb,September YouTube Content Series,0,,,not_sent,absent_hard_bound_evidence
695eeb95ca2cf8cd827bc30f,Global Non-English Community Content Distribution,5000,,,not_sent,absent_hard_bound_evidence
695eeb95ca2cf8cd827bc2b6,🧩 CONSOLIDATED: Hand-drawn or digitally created portraits of pets ...,0,,,not_sent,absent_hard_bound_evidence
695eeb95ca2cf8cd827bc2d3,Deploy SelarBot Autonomous Promotion Network,0,,,not_sent,absent_hard_bound_evidence
695eeb95ca2cf8cd827bc2e0,Risk Assessment & Mitigation Plan,0,,,not_sent,absent_hard_bound_evidence
695eeb95ca2cf8cd827bc312,Bootstrap runtime + deploy code,0,,,not_sent,absent_hard_bound_evidence
695eeb95ca2cf8cd827bc2ca,November LinkedIn B2B Outreach,0,,,not_sent,absent_hard_bound_evidence
695eeb95ca2cf8cd827bc2b2,🧩 CONSOLIDATED: Evaluate results against KPIs; refine revenue mode...,0,,,not_sent,absent_hard_bound_evidence
695eeb95ca2cf8cd827bc2bb,🧩 CONSOLIDATED: Re-run not executed payout PP-2024-001 and update ...,0,,,not_sent,absent_hard_bound_evidence
695eeb95ca2cf8cd827bc2cc,December RealWorldCerts Sales Blitz,0,,,not_sent,absent_hard_bound_evidence
695eeb95ca2cf8cd827bc2ce,2025 New Year Kickoff Campaign,0,,,not_sent,absent_hard_bound_evidence
695eeb95ca2cf8cd827bc2e4,Pilot Evaluation,0,,,not_sent,absent_hard_bound_evidence
695eeb95ca2cf8cd827bc2f3,Implement Strategic Synthesis Capabilities for SwarmOS,0,,,not_sent,absent_hard_bound_evidence
695eeb95ca2cf8cd827bc307,PayPal News Monitoring System,0,,,not_sent,absent_hard_bound_evidence
695eeb95ca2cf8cd827bc304,Automated Agent Payout Processing,0,,,not_sent,absent_hard_bound_evidence
695eeb95ca2cf8cd827bc2c6,Fund Generation,0,,,not_sent,absent_hard_bound_evidence
695eeb95ca2cf8cd827bc2e2,Partnership Outreach Plan,0,,,not_sent,absent_hard_bound_evidence
695eeb95ca2cf8cd827bc300,PayPal API Diagnostic Analysis,0,,,not_sent,absent_hard_bound_evidence
695eeb95ca2cf8cd827bc2d8,Attempt Bitcoin Puzzle Challenge,0,,,not_sent,absent_hard_bound_evidence
695eeb95ca2cf8cd827bc2e1,Financial Modeling,0,,,not_sent,absent_hard_bound_evidence
695eeb95ca2cf8cd827bc2e8,68be606e2915083ebeea641c,0,,,not_sent,absent_hard_bound_evidence
695eeb95ca2cf8cd827bc2fc,Configure Rewardful Affiliate Program,0,,,not_sent,absent_hard_bound_evidence
695eeb95ca2cf8cd827bc2ba,🧩 CONSOLIDATED: Develop and promote unique product offerings with ...,0,,,not_sent,absent_hard_bound_evidence
695eeb95ca2cf8cd827bc2f7,Develop Promotional Videos for RealWorldCerts.com using Tencent Hunyuan AI Video,0,,,not_sent,absent_hard_bound_evidence
695eeb95ca2cf8cd827bc2f8,Deploy Backup Coordinator Agent,0,,,not_sent,absent_hard_bound_evidence
695eeb95ca2cf8cd827bc2fa,Monitor Automated Fund Transfers,0,,,not_sent,absent_hard_bound_evidence
695eeb95ca2cf8cd827bc2b9,🧩 CONSOLIDATED: PayPal Revenue Monitoring...,0,,,not_sent,absent_hard_bound_evidence
695eeb95ca2cf8cd827bc2be,Analyze Competitor AI Offerings,0,,,not_sent,absent_hard_bound_evidence
695eeb95ca2cf8cd827bc2c0,Cross-Platform Integration Test,0,,,not_sent,absent_hard_bound_evidence
695eeb95ca2cf8cd827bc2fd,Install Rewardful Tracking Snippet on Website,0,,,not_sent,absent_hard_bound_evidence
695eeb95ca2cf8cd827bc2bf,Launch AWS certification awareness campaign,0,,,not_sent,absent_hard_bound_evidence
695eeb95ca2cf8cd827bc306,PayPal Outage Communication Protocol,0,,,not_sent,absent_hard_bound_evidence
695eeb95ca2cf8cd827bc2db,Proven Revenue Models Catalog,0,,,not_sent,absent_hard_bound_evidence
695eeb95ca2cf8cd827bc2dd,Data Cleaning & Normalization,0,,,not_sent,absent_hard_bound_evidence
695eeb95ca2cf8cd827bc2f0,Explore and Integrate Data Bounties and MultiverseX for Agent Data/Compute Access,0,,,not_sent,absent_hard_bound_evidence
695eeb95ca2cf8cd827bc2d6,Forge High Performance Affiliate Marketing - Maximize Revenue Share,0,,,not_sent,absent_hard_bound_evidence
695eeb95ca2cf8cd827bc2f1,Create promotional videos for RealWorldCerts.com and other Swarm digital products,0,,,not_sent,absent_hard_bound_evidence
695eeb95ca2cf8cd827bc2b1,🧩 CONSOLIDATED: Customizable collars and engraved name tags for pe...,0,,,not_sent,absent_hard_bound_evidence
695eeb95ca2cf8cd827bc2d2,M001,0,,,not_sent,absent_hard_bound_evidence
695eeb95ca2cf8cd827bc2ea,Code Quality and Standards Enforcement for Command Centre,0,,,not_sent,absent_hard_bound_evidence
695eeb95ca2cf8cd827bc303,Deploy Automated Deadline Alert System,0,,,not_sent,absent_hard_bound_evidence
695eeb95ca2cf8cd827bc2da,Research: Kick.com Deep Dive,0,,,not_sent,absent_hard_bound_evidence
695eeb95ca2cf8cd827bc2e5,Obtain P&L report for Q4 2024,0,,,not_sent,absent_hard_bound_evidence
695eeb95ca2cf8cd827bc2ed,Dynamic Swarm Knowledge & Best Practices Repository,0,,,not_sent,absent_hard_bound_evidence
695eeb95ca2cf8cd827bc2dc,Design Evaluation Criteria Matrix,0,,,not_sent,absent_hard_bound_evidence
695eeb95ca2cf8cd827bc2e7,68bdd7fe9963621020e5897f,0,,,not_sent,absent_hard_bound_evidence
695eeb95ca2cf8cd827bc2ef,Brand Building and Niche Product Differentiation,0,,,not_sent,absent_hard_bound_evidence
695eeb95ca2cf8cd827bc2e3,Pilot Program Design,0,,,not_sent,absent_hard_bound_evidence
695eeb95ca2cf8cd827bc2ec,Test Coverage Expansion for Command Centre,0,,,not_sent,absent_hard_bound_evidence
695eeb95ca2cf8cd827bc2f4,Recurring Problem Detection & Solution Commercialization,0,,,not_sent,absent_hard_bound_evidence
695eeb95ca2cf8cd827bc301,多平台课程商业化战略,0,,,not_sent,absent_hard_bound_evidence
695eeb95ca2cf8cd827bc2b7,🧩 CONSOLIDATED: Conduct stakeholder interviews  define scope  succ...,0,,,not_sent,absent_hard_bound_evidence
695eeb95ca2cf8cd827bc2d0,Webhook Configuration,0,,,not_sent,absent_hard_bound_evidence
695eeb95ca2cf8cd827bc2cf,Auto-Reconciliation Loop Setup,0,,,not_sent,absent_hard_bound_evidence
695eeb95ca2cf8cd827bc2d5,Analyze and Optimize New Storefront in Morocco,0,,,not_sent,absent_hard_bound_evidence
695eeb95ca2cf8cd827bc2f6,Disaster Recovery and Business Continuity Planning,0,,,not_sent,absent_hard_bound_evidence
695eeb95ca2cf8cd827bc305,Automated Mission Monitoring and Escalation for Critical PayPal Payouts,0,,,not_sent,absent_hard_bound_evidence
695eeb95ca2cf8cd827bc2bc,🧩 CONSOLIDATED: Initiate affiliate marketing activation. Coordinat...,0,,,not_sent,absent_hard_bound_evidence
695eeb95ca2cf8cd827bc2c2,Promote RealWorldCerts Course: ANSYS Certified Professional,0,,,not_sent,absent_hard_bound_evidence
695eeb95ca2cf8cd827bc2c7,Authorize Transfer (TRI-001),0,,,not_sent,absent_hard_bound_evidence
695eeb95ca2cf8cd827bc2c5,RealWorldCerts December Sales Push,0,,,not_sent,absent_hard_bound_evidence
695eeb95ca2cf8cd827bc2d9,Project Kickoff & Requirements Gathering,0,,,not_sent,absent_hard_bound_evidence
695eeb95ca2cf8cd827bc2f5,Deploy Backup Coordinator Agent,0,,,not_sent,absent_hard_bound_evidence
695eeb95ca2cf8cd827bc2ff,Build Open-Source Agent Framework,0,,,not_sent,absent_hard_bound_evidence
695eeb95ca2cf8cd827bc308,Payment Gateway System Deployment,0,,,not_sent,absent_hard_bound_evidence
695eeb95ca2cf8cd827bc2de,Competitor Landscape Map,0,,,not_sent,absent_hard_bound_evidence
695eeb95ca2cf8cd827bc2eb,Performance Profiling and Optimization for Command Centre,0,,,not_sent,absent_hard_bound_evidence
695eeb95ca2cf8cd827bc2ee,Automated Supplier Management and Data Synchronization,0,,,not_sent,absent_hard_bound_evidence
695eeb95ca2cf8cd827bc302,Automated PayPal Revenue Transfer System,0,,,not_sent,absent_hard_bound_evidence
695eeb95ca2cf8cd827bc2b4,🧩 CONSOLIDATED: Standardize formats  remove duplicates  and unify ...,0,,,not_sent,absent_hard_bound_evidence
695eeb95ca2cf8cd827bc2bd,exports\\missions\\master_agent_plan_Mission_export_(72)_1767772996830.json,0,,,not_sent,absent_hard_bound_evidence
695eeb95ca2cf8cd827bc2c9,"Receipt Confirmed ($17,800)",0,,,not_sent,absent_hard_bound_evidence
695eeb95ca2cf8cd827bc2c8,Execute Transfer,0,,,not_sent,absent_hard_bound_evidence
695eeb95ca2cf8cd827bc2cd,October Certification Month Push,0,,,not_sent,absent_hard_bound_evidence
695eeb95ca2cf8cd827bc2d1,Safety Rules Enforcement,0,,,not_sent,absent_hard_bound_evidence
695eeb95ca2cf8cd827bc2d4,Execute Niche Market Maverick Revenue Generation Mission with Full Agent Cooperation,0,,,not_sent,absent_hard_bound_evidence
695eeb95ca2cf8cd827bc2f9,Disaster Recovery and Business Continuity Planning,0,,,not_sent,absent_hard_bound_evidence
695eeb95ca2cf8cd827bc2b3,🧩 CONSOLIDATED: Rank opportunities based on scoring simulations an...,0,,,not_sent,absent_hard_bound_evidence
695eeb95ca2cf8cd827bc2c1,Performance Data Analysis,0,,,not_sent,absent_hard_bound_evidence
695eeb95ca2cf8cd827bc2f2,Autonomous Video Production & Monetization Pipeline for RealWorldCerts/Swarm Products,0,,,not_sent,absent_hard_bound_evidence
695eeb95ca2cf8cd827bc2fe,Proactive Agent Identification and Proposal System,0,,,not_sent,absent_hard_bound_evidence
695eeb95ca2cf8cd827bc2c3,68bbdf9be957eba57d8f4b5a,0,,,not_sent,absent_hard_bound_evidence
695eeb95ca2cf8cd827bc2d7,Investigation and Report on Chilling Effect of Unresolved Deaths on Muslim Institutional Development,0,,,not_sent,absent_hard_bound_evidence
695eeb95ca2cf8cd827bc2df,Revenue Stream Opportunity Identification,0,,,not_sent,absent_hard_bound_evidence
695eeb95ca2cf8cd827bc2e9,Comprehensive Improvement of Command Centre Repository,0,,,not_sent,absent_hard_bound_evidence
695eeb95ca2cf8cd827bc2c4,Affiliate Marketing Campaign Q4,0,,,not_sent,absent_hard_bound_evidence
695eeb95ca2cf8cd827bc2fb,Immediately Identify Available Funds,0,,,not_sent,absent_hard_bound_evidence
695eeb95ca2cf8cd827bc2b5,🧩 CONSOLIDATED: Revenue Discrepancy Investigation...,0,,,not_sent,absent_hard_bound_evidence
695eeb95ca2cf8cd827bc2e6,68bd57cd3f63e05ddaf19e04,0,,,not_sent,absent_hard_bound_evidence
695eeb95ca2cf8cd827bc30c,Prioritize Revenue-Generating Missions,0,,,not_sent,absent_hard_bound_evidence
695eeb95ca2cf8cd827bc30b,Scaling Payment Gateway Operations,0,,,not_sent,absent_hard_bound_evidence
695eeb95ca2cf8cd827bc313,Configure secrets/env,0,,,not_sent,absent_hard_bound_evidence
695eeb95ca2cf8cd827bc315,Run readiness + verify steady loop,0,,,not_sent,absent_hard_bound_evidence
695eeb95ca2cf8cd827bc316,⚡ Autonomous Daemon Supervisor,0,,,not_sent,absent_hard_bound_evidence
695eeb95ca2cf8cd827bc314,Install/enable systemd daemon,0,,,not_sent,absent_hard_bound_evidence
695eeb95ca2cf8cd827bc309,Testing Payment Gateway Functionality,0,,,not_sent,absent_hard_bound_evidence
695eeb95ca2cf8cd827bc30e,Automated Campaign Revenue Tracking,0,,,not_sent,absent_hard_bound_evidence
695eeb95ca2cf8cd827bc310,Conduct Live Market Intelligence for Revenue Opportunities,0,,,not_sent,absent_hard_bound_evidence
695eeb95ca2cf8cd827bc311,Provision VPS + secure access,0,,,not_sent,absent_hard_bound_evidence
695eeb95ca2cf8cd827bc30a,Monitoring Payment Gateway Performance,0,,,not_sent,absent_hard_bound_evidence
695eeb95ca2cf8cd827bc30d,Perform Full System Backup,0,,,not_sent,absent_hard_bound_evidence
695eeb95ca2cf8cd827bc28a,Dashboard & Record Updates,0,,,not_sent,absent_hard_bound_evidence
695eeb95ca2cf8cd827bc2ac,🧩 CONSOLIDATED: Posters featuring AI-generated surreal landscapes ...,0,,,not_sent,absent_hard_bound_evidence
695eeb95ca2cf8cd827bc295,🧩 CONSOLIDATED: Bootstrap runtime + deploy code...,0,,,not_sent,absent_hard_bound_evidence
695eeb95ca2cf8cd827bc2a1,🧩 CONSOLIDATED: 68beddf551088dc2206bd7e9...,0,,,not_sent,absent_hard_bound_evidence
695eeb95ca2cf8cd827bc2a9,🧩 CONSOLIDATED: Guides offering techniques and exercises for mindf...,0,,,not_sent,absent_hard_bound_evidence
695eeb95ca2cf8cd827bc268,PayPal Transfer Operation,0,,,not_sent,absent_hard_bound_evidence
695eeb95ca2cf8cd827bc279,Financial Modeling,0,,,not_sent,absent_hard_bound_evidence
695eeb95ca2cf8cd827bc2ae,🧩 CONSOLIDATED: Templates for budgeting  expense tracking  and fin...,0,,,not_sent,absent_hard_bound_evidence
695eeb95ca2cf8cd827bc266,List Personalized Pet Collars and Name Tags,0,,,not_sent,absent_hard_bound_evidence
695eeb95ca2cf8cd827bc269,Setup Monthly Recurring PayPal Transfer,0,,,not_sent,absent_hard_bound_evidence
695eeb95ca2cf8cd827bc29b,🧩 CONSOLIDATED: Implement Automated Checkpoints for Missions...,0,,,not_sent,absent_hard_bound_evidence
695eeb95ca2cf8cd827bc2a7,🧩 CONSOLIDATED: Disaster Recovery and Business Continuity Planning...,0,,,not_sent,absent_hard_bound_evidence
695eeb95ca2cf8cd827bc281,Platform Integration Fixes,0,,,not_sent,absent_hard_bound_evidence
695eeb95ca2cf8cd827bc28d,Safety Rules Enforcement,0,,,not_sent,absent_hard_bound_evidence
695eeb95ca2cf8cd827bc290,Safety Rules Enforcement,0,,,not_sent,absent_hard_bound_evidence
695eeb95ca2cf8cd827bc29c,🧩 CONSOLIDATED: December RealWorldCerts Sales Blitz...,0,,,not_sent,absent_hard_bound_evidence
695eeb95ca2cf8cd827bc2a6,🧩 CONSOLIDATED: Collect and synthesize public documentation  creat...,0,,,not_sent,absent_hard_bound_evidence
695eeb95ca2cf8cd827bc2ab,🧩 CONSOLIDATED: Educational content teaching techniques for digita...,0,,,not_sent,absent_hard_bound_evidence
695eeb95ca2cf8cd827bc256,List Bamboo Kitchenware,0,,,not_sent,absent_hard_bound_evidence
695eeb95ca2cf8cd827bc271,Project Kickoff & Requirements Gathering,0,,,not_sent,absent_hard_bound_evidence
695eeb95ca2cf8cd827bc27c,Pilot Evaluation,0,,,not_sent,absent_hard_bound_evidence
695eeb95ca2cf8cd827bc25c,List Mindfulness and Meditation Guides,0,,,not_sent,absent_hard_bound_evidence
695eeb95ca2cf8cd827bc26d,Investigation and Report on Chilling Effect of Unresolved Deaths on Muslim Institutional Development,0,,,not_sent,absent_hard_bound_evidence
695eeb95ca2cf8cd827bc28e,Auto-Reconciliation Loop Setup,0,,,not_sent,absent_hard_bound_evidence
695eeb95ca2cf8cd827bc296,🧩 CONSOLIDATED: Safety Rules Enforcement...,0,,,not_sent,absent_hard_bound_evidence
695eeb95ca2cf8cd827bc298,🧩 CONSOLIDATED: Auto-Reconciliation Loop Setup...,0,,,not_sent,absent_hard_bound_evidence
695eeb95ca2cf8cd827bc293,Global Publication & Monetization Strategy for 'Echoes of Resilience',0,,,not_sent,absent_hard_bound_evidence
695eeb95ca2cf8cd827bc29a,🧩 CONSOLIDATED: Comprehensive Monitoring Dashboard for Anti-Shutdo...,0,,,not_sent,absent_hard_bound_evidence
695eeb95ca2cf8cd827bc29d,🧩 CONSOLIDATED: Immediately Identify Available Funds...,0,,,not_sent,absent_hard_bound_evidence
695eeb95ca2cf8cd827bc276,Competitor Landscape Map,0,,,not_sent,absent_hard_bound_evidence
695eeb95ca2cf8cd827bc299,🧩 CONSOLIDATED: Dead Man Switch Implementation for PayPal Service...,0,,,not_sent,absent_hard_bound_evidence
695eeb95ca2cf8cd827bc2b0,🧩 CONSOLIDATED: T-shirts or hoodies featuring matching designs for...,0,,,not_sent,absent_hard_bound_evidence
695eeb95ca2cf8cd827bc258,List Retro Home Decor Items,0,,,not_sent,absent_hard_bound_evidence
695eeb95ca2cf8cd827bc272,Research: Kick.com Deep Dive,0,,,not_sent,absent_hard_bound_evidence
695eeb95ca2cf8cd827bc285,Agent Simulation Detection,0,,,not_sent,absent_hard_bound_evidence
695eeb95ca2cf8cd827bc291,Create Master Portfolio Dashboard,0,,,not_sent,absent_hard_bound_evidence
695eeb95ca2cf8cd827bc2ad,🧩 CONSOLIDATED: Templates to assist with meal planning  grocery li...,0,,,not_sent,absent_hard_bound_evidence
695eeb95ca2cf8cd827bc259,List Vintage Travel Posters,0,,,not_sent,absent_hard_bound_evidence
695eeb95ca2cf8cd827bc26b,Analyze Competitor AI Offerings,0,,,not_sent,absent_hard_bound_evidence
695eeb95ca2cf8cd827bc27f,Account Ownership Verification Unblocker,0,,,not_sent,absent_hard_bound_evidence
695eeb95ca2cf8cd827bc294,🧩 CONSOLIDATED: Investigation and Report on Chilling Effect of Unr...,0,,,not_sent,absent_hard_bound_evidence
695eeb95ca2cf8cd827bc277,Revenue Stream Opportunity Identification,0,,,not_sent,absent_hard_bound_evidence
695eeb95ca2cf8cd827bc286,Real Revenue Recovery Plan,0,,,not_sent,absent_hard_bound_evidence
695eeb95ca2cf8cd827bc2a8,🧩 CONSOLIDATED: Cookbooks featuring nutritious and easy-to-prepare...,0,,,not_sent,absent_hard_bound_evidence
695eeb95ca2cf8cd827bc263,List Digital Daily Planners,0,,,not_sent,absent_hard_bound_evidence
695eeb95ca2cf8cd827bc26a,assist Mission ID: 68bd654611425d525969711d,0,,,not_sent,absent_hard_bound_evidence
695eeb95ca2cf8cd827bc273,Proven Revenue Models Catalog,0,,,not_sent,absent_hard_bound_evidence
695eeb95ca2cf8cd827bc27b,Pilot Program Design,0,,,not_sent,absent_hard_bound_evidence
695eeb95ca2cf8cd827bc2a0,🧩 CONSOLIDATED: 68beddf551088dc2206bd7ec...,0,,,not_sent,absent_hard_bound_evidence
695eeb95ca2cf8cd827bc2a2,🧩 CONSOLIDATED: 68beddf551088dc2206bd7e8...,0,,,not_sent,absent_hard_bound_evidence
695eeb95ca2cf8cd827bc2a3,🧩 CONSOLIDATED: 68beddf551088dc2206bd7de...,0,,,not_sent,absent_hard_bound_evidence
695eeb95ca2cf8cd827bc261,List Meal Planning Templates,0,,,not_sent,absent_hard_bound_evidence
695eeb95ca2cf8cd827bc267,Implement Live System Updates,0,,,not_sent,absent_hard_bound_evidence
695eeb95ca2cf8cd827bc274,Design Evaluation Criteria Matrix,0,,,not_sent,absent_hard_bound_evidence
695eeb95ca2cf8cd827bc278,Risk Assessment & Mitigation Plan,0,,,not_sent,absent_hard_bound_evidence
695eeb95ca2cf8cd827bc288,Develop Real-time Mission Performance Dashboard,0,,,not_sent,absent_hard_bound_evidence
695eeb95ca2cf8cd827bc28f,Webhook Configuration,0,,,not_sent,absent_hard_bound_evidence
695eeb95ca2cf8cd827bc253,List Inspirational Wall Art,0,,,not_sent,absent_hard_bound_evidence
695eeb95ca2cf8cd827bc289,Re-run not executed payout PP-2024-001 and update system records,0,,,not_sent,absent_hard_bound_evidence
695eeb95ca2cf8cd827bc27d,Investigate Cyberfraud and Find Remedy,0,,,not_sent,absent_hard_bound_evidence
695eeb95ca2cf8cd827bc280,Revenue Discrepancy Investigation,0,,,not_sent,absent_hard_bound_evidence
695eeb95ca2cf8cd827bc26c,Analyze Udemy Takedown & Explore New Revenue Streams,0,,,not_sent,absent_hard_bound_evidence
695eeb95ca2cf8cd827bc28c,Webhook Configuration,0,,,not_sent,absent_hard_bound_evidence
695eeb95ca2cf8cd827bc2a4,🧩 CONSOLIDATED: Attempt Bitcoin Puzzle Challenge...,0,,,not_sent,absent_hard_bound_evidence
695eeb95ca2cf8cd827bc2a5,🧩 CONSOLIDATED: Create weighted scoring matrix (Revenue Provenance...,0,,,not_sent,absent_hard_bound_evidence
695eeb95ca2cf8cd827bc257,List Reusable Tote Bags,0,,,not_sent,absent_hard_bound_evidence
695eeb95ca2cf8cd827bc282,Listing Data Export,0,,,not_sent,absent_hard_bound_evidence
695eeb95ca2cf8cd827bc292,Deliver Starter Pack Services for SME Client,0,,,not_sent,absent_hard_bound_evidence
695eeb95ca2cf8cd827bc255,List Eco-Friendly Stationery,0,,,not_sent,absent_hard_bound_evidence
695eeb95ca2cf8cd827bc264,List Matching Owner-Pet Apparel Sets,0,,,not_sent,absent_hard_bound_evidence
695eeb95ca2cf8cd827bc25e,List AI Art T-Shirts,0,,,not_sent,absent_hard_bound_evidence
695eeb95ca2cf8cd827bc29e,🧩 CONSOLIDATED: Investigate how Data Bounties can be leveraged to ...,0,,,not_sent,absent_hard_bound_evidence
695eeb95ca2cf8cd827bc29f,🧩 CONSOLIDATED: Code Quality and Standards Enforcement for Command...,0,,,not_sent,absent_hard_bound_evidence
695eeb95ca2cf8cd827bc275,Data Cleaning & Normalization,0,,,not_sent,absent_hard_bound_evidence
695eeb95ca2cf8cd827bc284,Platform Reality Check Accelerator,0,,,not_sent,absent_hard_bound_evidence
695eeb95ca2cf8cd827bc297,🧩 CONSOLIDATED: Webhook Configuration...,0,,,not_sent,absent_hard_bound_evidence
695eeb95ca2cf8cd827bc25f,List AI-Generated Portraits,0,,,not_sent,absent_hard_bound_evidence
695eeb95ca2cf8cd827bc26f,PayPal Transfer Operation,0,,,not_sent,absent_hard_bound_evidence
695eeb95ca2cf8cd827bc27e,Payment Method Verification Unblocker,0,,,not_sent,absent_hard_bound_evidence
695eeb95ca2cf8cd827bc287,Implement Automated Checkpoints for Missions,0,,,not_sent,absent_hard_bound_evidence
695eeb95ca2cf8cd827bc25d,List Fitness Progress Journals,0,,,not_sent,absent_hard_bound_evidence
695eeb95ca2cf8cd827bc252,List Noise-Canceling Headphones,0,,,not_sent,absent_hard_bound_evidence
695eeb95ca2cf8cd827bc262,List Printable Budget Templates,0,,,not_sent,absent_hard_bound_evidence
695eeb95ca2cf8cd827bc26e,Attempt Bitcoin Puzzle Challenge,0,,,not_sent,absent_hard_bound_evidence
695eeb95ca2cf8cd827bc270,Setup Monthly Recurring PayPal Transfer,0,,,not_sent,absent_hard_bound_evidence
695eeb95ca2cf8cd827bc27a,Partnership Outreach Plan,0,,,not_sent,absent_hard_bound_evidence
695eeb95ca2cf8cd827bc28b,Auto-Reconciliation Loop Setup,0,,,not_sent,absent_hard_bound_evidence
695eeb95ca2cf8cd827bc25a,List Retro Band T-Shirts,0,,,not_sent,absent_hard_bound_evidence
695eeb95ca2cf8cd827bc283,Account Migration Prep,0,,,not_sent,absent_hard_bound_evidence
695eeb95ca2cf8cd827bc2aa,🧩 CONSOLIDATED: Journals designed to track workouts  nutrition  an...,0,,,not_sent,absent_hard_bound_evidence
695eeb95ca2cf8cd827bc254,List Ergonomic Desk Accessories,0,,,not_sent,absent_hard_bound_evidence
695eeb95ca2cf8cd827bc25b,List Healthy Recipe Books,0,,,not_sent,absent_hard_bound_evidence
695eeb95ca2cf8cd827bc260,List Surreal AI Art Posters,0,,,not_sent,absent_hard_bound_evidence
695eeb95ca2cf8cd827bc265,List Custom Pet Portraits,0,,,not_sent,absent_hard_bound_evidence
695eeb95ca2cf8cd827bc2af,🧩 CONSOLIDATED: Interactive planners designed for tablets and smar...,0,,,not_sent,absent_hard_bound_evidence
695eeb95ca2cf8cd827bc1f4,Deploy Backup Coordinator Agent,0,,,not_sent,absent_hard_bound_evidence
695eeb95ca2cf8cd827bc1ff,RealWorldCerts December Sales Push,0,,,not_sent,absent_hard_bound_evidence
695eeb95ca2cf8cd827bc210,Build Federated Marketing System,0,,,not_sent,absent_hard_bound_evidence
695eeb95ca2cf8cd827bc22a,Alternative Payment Integration for PayPal Failover,0,,,not_sent,absent_hard_bound_evidence
695eeb95ca2cf8cd827bc231,Safety Rules Enforcement,0,,,not_sent,absent_hard_bound_evidence
695eeb95ca2cf8cd827bc248,Configure secrets/env,0,,,not_sent,absent_hard_bound_evidence
695eeb95ca2cf8cd827bc225,Implement Payout Retry Queue System,0,,,not_sent,absent_hard_bound_evidence
695eeb95ca2cf8cd827bc228,Comprehensive Monitoring Dashboard for Anti-Shutdown System,0,,,not_sent,absent_hard_bound_evidence
695eeb95ca2cf8cd827bc23c,Establish Local Influencer & Community Partnerships,0,,,not_sent,absent_hard_bound_evidence
695eeb95ca2cf8cd827bc240,Create Master Portfolio Dashboard,0,,,not_sent,absent_hard_bound_evidence
695eeb95ca2cf8cd827bc242,Perform Full System Backup,0,,,not_sent,absent_hard_bound_evidence
695eeb95ca2cf8cd827bc247,Install/enable systemd daemon,0,,,not_sent,absent_hard_bound_evidence
695eeb95ca2cf8cd827bc1fc,Monitor Automated Fund Transfers,0,,,not_sent,absent_hard_bound_evidence
695eeb95ca2cf8cd827bc209,Configure Rewardful Affiliate Program,0,,,not_sent,absent_hard_bound_evidence
695eeb95ca2cf8cd827bc220,Develop Real-time Mission Performance Dashboard,0,,,not_sent,absent_hard_bound_evidence
695eeb95ca2cf8cd827bc22f,PayPal News Monitoring System,0,,,not_sent,absent_hard_bound_evidence
695eeb95ca2cf8cd827bc232,Webhook Configuration,0,,,not_sent,absent_hard_bound_evidence
695eeb95ca2cf8cd827bc23d,Global Non-English Community Content Distribution,0,,,not_sent,absent_hard_bound_evidence
695eeb95ca2cf8cd827bc245,📈 Real Revenue Ingestion Pipeline,0,,,not_sent,absent_hard_bound_evidence
695eeb95ca2cf8cd827bc24f,List Digital Illustration Tutorials,0,,,not_sent,absent_hard_bound_evidence
695eeb95ca2cf8cd827bc21e,Automated PayPal Revenue Transfer System,0,,,not_sent,absent_hard_bound_evidence
695eeb95ca2cf8cd827bc1f7,Implement Protocol-Level Reserve Rule,0,,,not_sent,absent_hard_bound_evidence
695eeb95ca2cf8cd827bc207,October Certification Month Push,0,,,not_sent,absent_hard_bound_evidence
695eeb95ca2cf8cd827bc20b,Configure Rewardful PayPal Payouts,0,,,not_sent,absent_hard_bound_evidence
695eeb95ca2cf8cd827bc21b,PayPal Revenue Monitoring,0,,,not_sent,absent_hard_bound_evidence
695eeb95ca2cf8cd827bc21a,Real Revenue Recovery Plan,0,,,not_sent,absent_hard_bound_evidence
695eeb95ca2cf8cd827bc221,Deploy Automated Deadline Alert System,0,,,not_sent,absent_hard_bound_evidence
695eeb95ca2cf8cd827bc22c,Comprehensive Monitoring Dashboard for PayPal,0,,,not_sent,absent_hard_bound_evidence
695eeb95ca2cf8cd827bc23b,Develop Regional Survival Micro-Guides,0,,,not_sent,absent_hard_bound_evidence
695eeb95ca2cf8cd827bc1fe,Affiliate Marketing Campaign Q4,0,,,not_sent,absent_hard_bound_evidence
695eeb95ca2cf8cd827bc226,Automated Mission Monitoring and Escalation for Critical PayPal Payouts,0,,,not_sent,absent_hard_bound_evidence
695eeb95ca2cf8cd827bc235,Scaling Payment Gateway Operations,0,,,not_sent,absent_hard_bound_evidence
695eeb95ca2cf8cd827bc241,Automated Campaign Revenue Tracking,0,,,not_sent,absent_hard_bound_evidence
695eeb95ca2cf8cd827bc205,September YouTube Content Series,0,,,not_sent,absent_hard_bound_evidence
695eeb95ca2cf8cd827bc214,Revenue Discrepancy Investigation,0,,,not_sent,absent_hard_bound_evidence
695eeb95ca2cf8cd827bc230,Re-run not executed payout PP-2024-001 and update system records,0,,,not_sent,absent_hard_bound_evidence
695eeb95ca2cf8cd827bc249,Bootstrap runtime + deploy code,0,,,not_sent,absent_hard_bound_evidence
695eeb95ca2cf8cd827bc20a,Install Rewardful Tracking Snippet on Website,0,,,not_sent,absent_hard_bound_evidence
695eeb95ca2cf8cd827bc223,Automated Agent Payout Processing,0,,,not_sent,absent_hard_bound_evidence
695eeb95ca2cf8cd827bc236,Monitoring Payment Gateway Performance,0,,,not_sent,absent_hard_bound_evidence
695eeb95ca2cf8cd827bc1f8,Enterprise Monetization Framework,0,,,not_sent,absent_hard_bound_evidence
695eeb95ca2cf8cd827bc203,"Receipt Confirmed ($17,800)",0,,,not_sent,absent_hard_bound_evidence
695eeb95ca2cf8cd827bc217,Account Migration Prep,0,,,not_sent,absent_hard_bound_evidence
695eeb95ca2cf8cd827bc1f1,Autonomous Video Production & Monetization Pipeline for RealWorldCerts/Swarm Products,0,,,not_sent,absent_hard_bound_evidence
695eeb95ca2cf8cd827bc1f3,Recurring Problem Detection & Solution Commercialization,0,,,not_sent,absent_hard_bound_evidence
695eeb95ca2cf8cd827bc216,Listing Data Export,0,,,not_sent,absent_hard_bound_evidence
695eeb95ca2cf8cd827bc219,Agent Simulation Detection,0,,,not_sent,absent_hard_bound_evidence
695eeb95ca2cf8cd827bc222,Implement Autonomous PayPal Transfer Verification System using External Code Repository Integration,0,,,not_sent,absent_hard_bound_evidence
695eeb95ca2cf8cd827bc1f6,Develop Promotional Videos for RealWorldCerts.com using Tencent Hunyuan AI Video,0,,,not_sent,absent_hard_bound_evidence
695eeb95ca2cf8cd827bc21c,PayPal API Diagnostic Analysis,0,,,not_sent,absent_hard_bound_evidence
695eeb95ca2cf8cd827bc21f,Implement Automated Checkpoints for Missions,0,,,not_sent,absent_hard_bound_evidence
695eeb95ca2cf8cd827bc1f5,Disaster Recovery and Business Continuity Planning,0,,,not_sent,absent_hard_bound_evidence
695eeb95ca2cf8cd827bc215,Platform Integration Fixes,0,,,not_sent,absent_hard_bound_evidence
695eeb95ca2cf8cd827bc229,Payout Retry Queue System,0,,,not_sent,absent_hard_bound_evidence
695eeb95ca2cf8cd827bc212,Payment Method Verification Unblocker,0,,,not_sent,absent_hard_bound_evidence
695eeb95ca2cf8cd827bc224,Develop Alternative Payment Processing System,0,,,not_sent,absent_hard_bound_evidence
695eeb95ca2cf8cd827bc22e,Automated Recovery System,0,,,not_sent,absent_hard_bound_evidence
695eeb95ca2cf8cd827bc24e,List Guided Meditation Audio Files,0,,,not_sent,absent_hard_bound_evidence
695eeb95ca2cf8cd827bc1f2,Implement Strategic Synthesis Capabilities for SwarmOS,0,,,not_sent,absent_hard_bound_evidence
695eeb95ca2cf8cd827bc1fb,Performance Optimization & Anti-Procrastination System,0,,,not_sent,absent_hard_bound_evidence
695eeb95ca2cf8cd827bc20d,Build Open-Source Agent Framework,0,,,not_sent,absent_hard_bound_evidence
695eeb95ca2cf8cd827bc227,PayPal Outage Communication Protocol,0,,,not_sent,absent_hard_bound_evidence
695eeb95ca2cf8cd827bc24c,List Self-Care E-Books,0,,,not_sent,absent_hard_bound_evidence
695eeb95ca2cf8cd827bc233,Auto-Reconciliation Loop Setup,0,,,not_sent,absent_hard_bound_evidence
695eeb95ca2cf8cd827bc23e,Global Publication & Monetization Strategy for 'Echoes of Resilience',0,,,not_sent,absent_hard_bound_evidence
695eeb95ca2cf8cd827bc24b,Conduct Live Market Intelligence for Revenue Opportunities,0,,,not_sent,absent_hard_bound_evidence
695eeb95ca2cf8cd827bc206,December RealWorldCerts Sales Blitz,0,,,not_sent,absent_hard_bound_evidence
695eeb95ca2cf8cd827bc250,List Custom Digital Portraits,0,,,not_sent,absent_hard_bound_evidence
695eeb95ca2cf8cd827bc200,Fund Generation,0,,,not_sent,absent_hard_bound_evidence
695eeb95ca2cf8cd827bc202,Execute Transfer,0,,,not_sent,absent_hard_bound_evidence
695eeb95ca2cf8cd827bc243,⚡ Autonomous Daemon Supervisor,0,,,not_sent,absent_hard_bound_evidence
695eeb95ca2cf8cd827bc1fa,Market Dominance Strategy,0,,,not_sent,absent_hard_bound_evidence
695eeb95ca2cf8cd827bc211,Implement Corporate Alternatives,0,,,not_sent,absent_hard_bound_evidence
695eeb95ca2cf8cd827bc246,Run readiness + verify steady loop,0,,,not_sent,absent_hard_bound_evidence
695eeb95ca2cf8cd827bc23f,Deliver Starter Pack Services for SME Client,0,,,not_sent,absent_hard_bound_evidence
695eeb95ca2cf8cd827bc244,📊 Live Ledger Integrity Auditor,0,,,not_sent,absent_hard_bound_evidence
695eeb95ca2cf8cd827bc218,Platform Reality Check Accelerator,0,,,not_sent,absent_hard_bound_evidence
695eeb95ca2cf8cd827bc22d,Dead Man Switch Implementation for PayPal Service,0,,,not_sent,absent_hard_bound_evidence
695eeb95ca2cf8cd827bc238,Payment Gateway System Deployment,0,,,not_sent,absent_hard_bound_evidence
695eeb95ca2cf8cd827bc201,Authorize Transfer (TRI-001),0,,,not_sent,absent_hard_bound_evidence
695eeb95ca2cf8cd827bc237,Testing Payment Gateway Functionality,0,,,not_sent,absent_hard_bound_evidence
695eeb95ca2cf8cd827bc24a,Provision VPS + secure access,0,,,not_sent,absent_hard_bound_evidence
695eeb95ca2cf8cd827bc20c,Proactive Agent Identification and Proposal System,0,,,not_sent,absent_hard_bound_evidence
695eeb95ca2cf8cd827bc20f,Implement Cryptocurrency Revenue Streams,0,,,not_sent,absent_hard_bound_evidence
695eeb95ca2cf8cd827bc239,Prioritize Revenue-Generating Missions,0,,,not_sent,absent_hard_bound_evidence
695eeb95ca2cf8cd827bc20e,Launch Decentralized Product Marketplace,0,,,not_sent,absent_hard_bound_evidence
695eeb95ca2cf8cd827bc24d,List Mental Health Journals,0,,,not_sent,absent_hard_bound_evidence
695eeb95ca2cf8cd827bc213,Account Ownership Verification Unblocker,0,,,not_sent,absent_hard_bound_evidence
695eeb95ca2cf8cd827bc21d,多平台课程商业化战略,0,,,not_sent,absent_hard_bound_evidence
695eeb95ca2cf8cd827bc22b,Automated Escalation Matrix for PayPal Issues,0,,,not_sent,absent_hard_bound_evidence
695eeb95ca2cf8cd827bc1f9,Predictive Swarm Intelligence 2.0,0,,,not_sent,absent_hard_bound_evidence
695eeb95ca2cf8cd827bc1fd,Immediately Identify Available Funds,0,,,not_sent,absent_hard_bound_evidence
695eeb95ca2cf8cd827bc204,November LinkedIn B2B Outreach,0,,,not_sent,absent_hard_bound_evidence
695eeb95ca2cf8cd827bc208,2025 New Year Kickoff Campaign,0,,,not_sent,absent_hard_bound_evidence
695eeb95ca2cf8cd827bc234,Auto-Reconciliation Loop Setup,0,,,not_sent,absent_hard_bound_evidence
695eeb95ca2cf8cd827bc23a,Launch Non-Western Skill Certification Program,0,,,not_sent,absent_hard_bound_evidence
695eeb95ca2cf8cd827bc251,List Digital Art Prints,0,,,not_sent,absent_hard_bound_evidence
695eeb95ca2cf8cd827bc18a,PayPal Revenue Monitoring,0,,,not_sent,absent_hard_bound_evidence
695eeb95ca2cf8cd827bc1ce,M011,0,,,not_sent,absent_hard_bound_evidence
695eeb95ca2cf8cd827bc198,List Personalized Pet Collars and Name Tags,0,,,not_sent,absent_hard_bound_evidence
695eeb95ca2cf8cd827bc19d,List Meal Planning Templates,0,,,not_sent,absent_hard_bound_evidence
695eeb95ca2cf8cd827bc1b8,Data Cleaning & Normalization,0,,,not_sent,absent_hard_bound_evidence
695eeb95ca2cf8cd827bc18f,Comprehensive Monitoring Dashboard for PayPal,0,,,not_sent,absent_hard_bound_evidence
695eeb95ca2cf8cd827bc1a2,List Mindfulness and Meditation Guides,0,,,not_sent,absent_hard_bound_evidence
695eeb95ca2cf8cd827bc1b6,Proven Revenue Models Catalog,0,,,not_sent,absent_hard_bound_evidence
695eeb95ca2cf8cd827bc19b,List Digital Daily Planners,0,,,not_sent,absent_hard_bound_evidence
695eeb95ca2cf8cd827bc1a6,List Retro Home Decor Items,0,,,not_sent,absent_hard_bound_evidence
695eeb95ca2cf8cd827bc18d,Automated Recovery System,0,,,not_sent,absent_hard_bound_evidence
695eeb95ca2cf8cd827bc18e,Dead Man Switch Implementation for PayPal Service,0,,,not_sent,absent_hard_bound_evidence
695eeb95ca2cf8cd827bc19a,List Matching Owner-Pet Apparel Sets,0,,,not_sent,absent_hard_bound_evidence
695eeb95ca2cf8cd827bc1a9,List Eco-Friendly Stationery,0,,,not_sent,absent_hard_bound_evidence
695eeb95ca2cf8cd827bc1ab,List Inspirational Wall Art,0,,,not_sent,absent_hard_bound_evidence
695eeb95ca2cf8cd827bc191,Alternative Payment Integration for PayPal Failover,0,,,not_sent,absent_hard_bound_evidence
695eeb95ca2cf8cd827bc193,Comprehensive Monitoring Dashboard for Anti-Shutdown System,0,,,not_sent,absent_hard_bound_evidence
695eeb95ca2cf8cd827bc1b1,List Mental Health Journals,0,,,not_sent,absent_hard_bound_evidence
695eeb95ca2cf8cd827bc1bb,Risk Assessment & Mitigation Plan,0,,,not_sent,absent_hard_bound_evidence
695eeb95ca2cf8cd827bc1b3,Analyze Competitor AI Offerings,0,,,not_sent,absent_hard_bound_evidence
695eeb95ca2cf8cd827bc18c,Implement Autonomous PayPal Transfer Verification System using External Code Repository Integration,0,,,not_sent,absent_hard_bound_evidence
695eeb95ca2cf8cd827bc1be,Deploy SelarBot Autonomous Promotion Network,0,,,not_sent,absent_hard_bound_evidence
695eeb95ca2cf8cd827bc1b9,Competitor Landscape Map,0,,,not_sent,absent_hard_bound_evidence
695eeb95ca2cf8cd827bc194,Establish Local Influencer & Community Partnerships,10000,,,not_sent,absent_hard_bound_evidence
695eeb95ca2cf8cd827bc19c,List Printable Budget Templates,0,,,not_sent,absent_hard_bound_evidence
695eeb95ca2cf8cd827bc1aa,List Ergonomic Desk Accessories,0,,,not_sent,absent_hard_bound_evidence
695eeb95ca2cf8cd827bc1bd,Partnership Outreach Plan,0,,,not_sent,absent_hard_bound_evidence
695eeb95ca2cf8cd827bc1a4,List Retro Band T-Shirts,0,,,not_sent,absent_hard_bound_evidence
695eeb95ca2cf8cd827bc1ad,List Digital Art Prints,0,,,not_sent,absent_hard_bound_evidence
695eeb95ca2cf8cd827bc1b4,Project Kickoff & Requirements Gathering,0,,,not_sent,absent_hard_bound_evidence
695eeb95ca2cf8cd827bc1b5,Research: Kick.com Deep Dive,0,,,not_sent,absent_hard_bound_evidence
695eeb95ca2cf8cd827bc18b,PayPal Revenue Monitoring,0,,,not_sent,absent_hard_bound_evidence
695eeb95ca2cf8cd827bc1a1,List Fitness Progress Journals,0,,,not_sent,absent_hard_bound_evidence
695eeb95ca2cf8cd827bc1a5,List Vintage Travel Posters,0,,,not_sent,absent_hard_bound_evidence
695eeb95ca2cf8cd827bc199,List Custom Pet Portraits,0,,,not_sent,absent_hard_bound_evidence
695eeb95ca2cf8cd827bc1ac,List Noise-Canceling Headphones,0,,,not_sent,absent_hard_bound_evidence
695eeb95ca2cf8cd827bc1b2,List Self-Care E-Books,0,,,not_sent,absent_hard_bound_evidence
695eeb95ca2cf8cd827bc1ba,Revenue Stream Opportunity Identification,0,,,not_sent,absent_hard_bound_evidence
695eeb95ca2cf8cd827bc1a0,List AI Art T-Shirts,0,,,not_sent,absent_hard_bound_evidence
695eeb95ca2cf8cd827bc1b7,Design Evaluation Criteria Matrix,0,,,not_sent,absent_hard_bound_evidence
695eeb95ca2cf8cd827bc1a3,List Healthy Recipe Books,0,,,not_sent,absent_hard_bound_evidence
695eeb95ca2cf8cd827bc197,Implement Live System Updates,0,,,not_sent,absent_hard_bound_evidence
695eeb95ca2cf8cd827bc19e,List Surreal AI Art Posters,0,,,not_sent,absent_hard_bound_evidence
695eeb95ca2cf8cd827bc1bc,Financial Modeling,0,,,not_sent,absent_hard_bound_evidence
695eeb95ca2cf8cd827bc189,Implement Corporate Alternatives,0,,,not_sent,absent_hard_bound_evidence
695eeb95ca2cf8cd827bc196,Launch Non-Western Skill Certification Program,25000,,,not_sent,absent_hard_bound_evidence
695eeb95ca2cf8cd827bc19f,List AI-Generated Portraits,0,,,not_sent,absent_hard_bound_evidence
695eeb95ca2cf8cd827bc192,Payout Retry Queue System,0,,,not_sent,absent_hard_bound_evidence
695eeb95ca2cf8cd827bc190,Automated Escalation Matrix for PayPal Issues,0,,,not_sent,absent_hard_bound_evidence
695eeb95ca2cf8cd827bc1a7,List Reusable Tote Bags,0,,,not_sent,absent_hard_bound_evidence
695eeb95ca2cf8cd827bc1a8,List Bamboo Kitchenware,0,,,not_sent,absent_hard_bound_evidence
695eeb95ca2cf8cd827bc1b0,List Guided Meditation Audio Files,0,,,not_sent,absent_hard_bound_evidence
695eeb95ca2cf8cd827bc195,Develop Regional Survival Micro-Guides,15000,,,not_sent,absent_hard_bound_evidence
695eeb95ca2cf8cd827bc1af,List Digital Illustration Tutorials,0,,,not_sent,absent_hard_bound_evidence
695eeb95ca2cf8cd827bc1bf,Execute Niche Market Maverick Revenue Generation Mission with Full Agent Cooperation,0,,,not_sent,absent_hard_bound_evidence
695eeb95ca2cf8cd827bc1ae,List Custom Digital Portraits,0,,,not_sent,absent_hard_bound_evidence
695eeb95ca2cf8cd827bc1d3,M019,0,,,not_sent,absent_hard_bound_evidence
695eeb95ca2cf8cd827bc1e0,68beddf551088dc2206bd7e7,0,,,not_sent,absent_hard_bound_evidence
695eeb95ca2cf8cd827bc1e8,Code Quality and Standards Enforcement for Command Centre,0,,,not_sent,absent_hard_bound_evidence
695eeb95ca2cf8cd827bc1ec,Automated Supplier Management and Data Synchronization,0,,,not_sent,absent_hard_bound_evidence
695eeb95ca2cf8cd827bc1d2,M017,0,,,not_sent,absent_hard_bound_evidence
695eeb95ca2cf8cd827bc1f0,Create promotional videos for RealWorldCerts.com and other Swarm digital products,0,,,not_sent,absent_hard_bound_evidence
695eeb95ca2cf8cd827bc1d7,68be606e2915083ebeea641c,0,,,not_sent,absent_hard_bound_evidence
695eeb95ca2cf8cd827bc1e2,68beddf551088dc2206bd7e9,0,,,not_sent,absent_hard_bound_evidence
695eeb95ca2cf8cd827bc1ef,Launch AI Website Creation Service for Small Businesses,0,,,not_sent,absent_hard_bound_evidence
695eeb95ca2cf8cd827bc1ca,M003,0,,,not_sent,absent_hard_bound_evidence
695eeb95ca2cf8cd827bc1d0,M013,0,,,not_sent,absent_hard_bound_evidence
695eeb95ca2cf8cd827bc1d9,68be88bde483377ce83bb84e,0,,,not_sent,absent_hard_bound_evidence
695eeb95ca2cf8cd827bc1da,68beddf551088dc2206bd7dd,0,,,not_sent,absent_hard_bound_evidence
695eeb95ca2cf8cd827bc1e1,68beddf551088dc2206bd7e8,0,,,not_sent,absent_hard_bound_evidence
695eeb95ca2cf8cd827bc1e9,Performance Profiling and Optimization for Command Centre,0,,,not_sent,absent_hard_bound_evidence
695eeb95ca2cf8cd827bc1ea,Test Coverage Expansion for Command Centre,0,,,not_sent,absent_hard_bound_evidence
695eeb95ca2cf8cd827bc1e4,68beddf551088dc2206bd7ed,0,,,not_sent,absent_hard_bound_evidence
695eeb95ca2cf8cd827bc1c8,M001,0,,,not_sent,absent_hard_bound_evidence
695eeb95ca2cf8cd827bc1cc,M006,0,,,not_sent,absent_hard_bound_evidence
695eeb95ca2cf8cd827bc1dc,68beddf551088dc2206bd7df,0,,,not_sent,absent_hard_bound_evidence
695eeb95ca2cf8cd827bc1c1,Forge High Performance Affiliate Marketing - Maximize Revenue Share,0,,,not_sent,absent_hard_bound_evidence
695eeb95ca2cf8cd827bc1cb,M004,0,,,not_sent,absent_hard_bound_evidence
695eeb95ca2cf8cd827bc1d1,M016,0,,,not_sent,absent_hard_bound_evidence
695eeb95ca2cf8cd827bc1d8,68be826364c2e97debd0eed1,0,,,not_sent,absent_hard_bound_evidence
695eeb95ca2cf8cd827bc1df,68beddf551088dc2206bd7e4,0,,,not_sent,absent_hard_bound_evidence
695eeb95ca2cf8cd827bc1e6,68c047a8276c45ff6a6ef3b0,0,,,not_sent,absent_hard_bound_evidence
695eeb95ca2cf8cd827bc1c2,Analyze Udemy Takedown & Explore New Revenue Streams,0,,,not_sent,absent_hard_bound_evidence
695eeb95ca2cf8cd827bc1c4,Attempt Bitcoin Puzzle Challenge,0,,,not_sent,absent_hard_bound_evidence
695eeb95ca2cf8cd827bc1ee,Explore and Integrate Data Bounties and MultiverseX for Agent Data/Compute Access,0,,,not_sent,absent_hard_bound_evidence
695eeb95ca2cf8cd827bc1dd,68beddf551088dc2206bd7e0,0,,,not_sent,absent_hard_bound_evidence
695eeb95ca2cf8cd827bc1c3,Investigation and Report on Chilling Effect of Unresolved Deaths on Muslim Institutional Development,0,,,not_sent,absent_hard_bound_evidence
695eeb95ca2cf8cd827bc1c9,M002,0,,,not_sent,absent_hard_bound_evidence
695eeb95ca2cf8cd827bc1e3,68beddf551088dc2206bd7ec,0,,,not_sent,absent_hard_bound_evidence
695eeb95ca2cf8cd827bc1eb,Dynamic Swarm Knowledge & Best Practices Repository,0,,,not_sent,absent_hard_bound_evidence
695eeb95ca2cf8cd827bc1c5,Pilot Program Design,0,,,not_sent,absent_hard_bound_evidence
695eeb95ca2cf8cd827bc1c7,Obtain P&L report for Q4 2024,0,,,not_sent,absent_hard_bound_evidence
695eeb95ca2cf8cd827bc1cd,M008,0,,,not_sent,absent_hard_bound_evidence
695eeb95ca2cf8cd827bc1d6,68bdd7fe9963621020e5897f,0,,,not_sent,absent_hard_bound_evidence
695eeb95ca2cf8cd827bc1d4,68bbdf9be957eba57d8f4b5a,0,,,not_sent,absent_hard_bound_evidence
695eeb95ca2cf8cd827bc1db,68beddf551088dc2206bd7de,0,,,not_sent,absent_hard_bound_evidence
695eeb95ca2cf8cd827bc1e5,68beddf551088dc2206bd7ef,0,,,not_sent,absent_hard_bound_evidence
695eeb95ca2cf8cd827bc1ed,Brand Building and Niche Product Differentiation,0,,,not_sent,absent_hard_bound_evidence
695eeb95ca2cf8cd827bc1c6,Pilot Evaluation,0,,,not_sent,absent_hard_bound_evidence
695eeb95ca2cf8cd827bc1e7,Comprehensive Improvement of Command Centre Repository,0,,,not_sent,absent_hard_bound_evidence
695eeb95ca2cf8cd827bc1cf,M012,0,,,not_sent,absent_hard_bound_evidence
695eeb95ca2cf8cd827bc1d5,68bd57cd3f63e05ddaf19e04,0,,,not_sent,absent_hard_bound_evidence
695eeb95ca2cf8cd827bc1de,68beddf551088dc2206bd7e2,0,,,not_sent,absent_hard_bound_evidence
695eeb95ca2cf8cd827bc1c0,Analyze and Optimize New Storefront in Morocco,0,,,not_sent,absent_hard_bound_evidence
695eeb95ca2cf8cd827bc137,Activate Revenue Acceleration System,0,,,not_sent,absent_hard_bound_evidence
695eeb95ca2cf8cd827bc139,Activate Swarm Mission Optimizer,0,,,not_sent,absent_hard_bound_evidence
695eeb95ca2cf8cd827bc162,"Achieve Fully Autonomous, Self-Optimizing Revenue Generation",0,,,not_sent,absent_hard_bound_evidence
695eeb95ca2cf8cd827bc12c,Implement Withdrawal Tracking System,0,,,not_sent,absent_hard_bound_evidence
695eeb95ca2cf8cd827bc14f,M005,0,,,not_sent,absent_hard_bound_evidence
695eeb95ca2cf8cd827bc151,M014,0,,,not_sent,absent_hard_bound_evidence
695eeb95ca2cf8cd827bc16f,M019,0,,,not_sent,absent_hard_bound_evidence
695eeb95ca2cf8cd827bc17d,68beddf551088dc2206bd7ef,0,,,not_sent,absent_hard_bound_evidence
695eeb95ca2cf8cd827bc165,M002,0,,,not_sent,absent_hard_bound_evidence
695eeb95ca2cf8cd827bc177,68beddf551088dc2206bd7e4,0,,,not_sent,absent_hard_bound_evidence
695eeb95ca2cf8cd827bc13b,Activate Revenue Execution System,0,,,not_sent,absent_hard_bound_evidence
695eeb95ca2cf8cd827bc17e,68c047a8276c45ff6a6ef3b0,0,,,not_sent,absent_hard_bound_evidence
695eeb95ca2cf8cd827bc15c,Quick Social Media Ad Setup,150,,,not_sent,absent_hard_bound_evidence
695eeb95ca2cf8cd827bc157,Instant Email Campaign Setup,75,,,not_sent,absent_hard_bound_evidence
695eeb95ca2cf8cd827bc166,M003,0,,,not_sent,absent_hard_bound_evidence
695eeb95ca2cf8cd827bc175,68beddf551088dc2206bd7e0,0,,,not_sent,absent_hard_bound_evidence
695eeb95ca2cf8cd827bc17a,68beddf551088dc2206bd7e9,0,,,not_sent,absent_hard_bound_evidence
695eeb95ca2cf8cd827bc138,Create Revenue Monitoring Dashboard with Canva Alerts,0,,,not_sent,absent_hard_bound_evidence
695eeb95ca2cf8cd827bc142,Launch Q1 Viral Marketing Campaign,0,,,not_sent,absent_hard_bound_evidence
695eeb95ca2cf8cd827bc179,68beddf551088dc2206bd7e8,0,,,not_sent,absent_hard_bound_evidence
695eeb95ca2cf8cd827bc147,Scale-Up Strategy,0,,,not_sent,absent_hard_bound_evidence
695eeb95ca2cf8cd827bc14c,Canva Template Revenue Launch,0,,,not_sent,absent_hard_bound_evidence
695eeb95ca2cf8cd827bc16c,M013,0,,,not_sent,absent_hard_bound_evidence
695eeb95ca2cf8cd827bc17c,68beddf551088dc2206bd7ed,0,,,not_sent,absent_hard_bound_evidence
695eeb95ca2cf8cd827bc188,Build Federated Marketing System,0,,,not_sent,absent_hard_bound_evidence
695eeb95ca2cf8cd827bc130,SwarmOS Competitive Analysis & Counter-Strategy,0,,,not_sent,absent_hard_bound_evidence
695eeb95ca2cf8cd827bc183,Market Dominance Strategy,0,,,not_sent,absent_hard_bound_evidence
695eeb95ca2cf8cd827bc12d,Implement Comprehensive Transaction Logging,0,,,not_sent,absent_hard_bound_evidence
695eeb95ca2cf8cd827bc131,Embed Autonomous Problem-Solving in Swarm DNA,0,,,not_sent,absent_hard_bound_evidence
695eeb95ca2cf8cd827bc14d,REV-001,0,,,not_sent,absent_hard_bound_evidence
695eeb95ca2cf8cd827bc156,68bbdf9be957eba57d8f4b59,0,,,not_sent,absent_hard_bound_evidence
695eeb95ca2cf8cd827bc132,Revenue Confirmation & PayPal Withdrawal Protocol - IMMEDIATE EXECUTION,0,,,not_sent,absent_hard_bound_evidence
695eeb95ca2cf8cd827bc150,M010,0,,,not_sent,absent_hard_bound_evidence
695eeb95ca2cf8cd827bc164,Analyze Udemy Takedown & Explore New Revenue Streams,0,,,not_sent,absent_hard_bound_evidence
695eeb95ca2cf8cd827bc16d,M016,0,,,not_sent,absent_hard_bound_evidence
695eeb95ca2cf8cd827bc12f,Oversee Financial Infrastructure and Swarm Intelligence Implementation,0,,,not_sent,absent_hard_bound_evidence
695eeb95ca2cf8cd827bc134,Sign Up for Rewardful,0,,,not_sent,absent_hard_bound_evidence
695eeb95ca2cf8cd827bc136,Establish Universal PayPal Payout Strategy,0,,,not_sent,absent_hard_bound_evidence
695eeb95ca2cf8cd827bc144,Untitled Mission,0,,,not_sent,absent_hard_bound_evidence
695eeb95ca2cf8cd827bc163,Launch Content Licensing Factory for Passive Income,0,,,not_sent,absent_hard_bound_evidence
695eeb95ca2cf8cd827bc178,68beddf551088dc2206bd7e7,0,,,not_sent,absent_hard_bound_evidence
695eeb95ca2cf8cd827bc146,Pilot Execution,0,,,not_sent,absent_hard_bound_evidence
695eeb95ca2cf8cd827bc15a,Instant Outreach Campaign,90,,,not_sent,absent_hard_bound_evidence
695eeb95ca2cf8cd827bc160,Deploy Comprehensive Affiliate Fraud Protection Network,0,,,not_sent,absent_hard_bound_evidence
695eeb95ca2cf8cd827bc161,Immediate Revenue Generation & Conversion Optimization for realworldcerts.com,0,,,not_sent,absent_hard_bound_evidence
695eeb95ca2cf8cd827bc173,68beddf551088dc2206bd7de,0,,,not_sent,absent_hard_bound_evidence
695eeb95ca2cf8cd827bc13f,Agentic Automation Framework Setup,0,,,not_sent,absent_hard_bound_evidence
695eeb95ca2cf8cd827bc145,Untitled Mission,0,,,not_sent,absent_hard_bound_evidence
695eeb95ca2cf8cd827bc14a,Investigate Cybercrime Complaint - Younes Tsouli ($7K BTC Recovery),0,,,not_sent,absent_hard_bound_evidence
695eeb95ca2cf8cd827bc14b,Monthly Transfer,0,,,not_sent,absent_hard_bound_evidence
695eeb95ca2cf8cd827bc16e,M017,0,,,not_sent,absent_hard_bound_evidence
695eeb95ca2cf8cd827bc143,Canva Template Revenue Launch,0,,,not_sent,absent_hard_bound_evidence
695eeb95ca2cf8cd827bc17b,68beddf551088dc2206bd7ec,0,,,not_sent,absent_hard_bound_evidence
695eeb95ca2cf8cd827bc155,M022,0,,,not_sent,absent_hard_bound_evidence
695eeb95ca2cf8cd827bc174,68beddf551088dc2206bd7df,0,,,not_sent,absent_hard_bound_evidence
695eeb95ca2cf8cd827bc181,Enterprise Monetization Framework,0,,,not_sent,absent_hard_bound_evidence
695eeb95ca2cf8cd827bc182,Predictive Swarm Intelligence 2.0,0,,,not_sent,absent_hard_bound_evidence
695eeb95ca2cf8cd827bc133,Black Friday Campaign 2024,0,,,not_sent,absent_hard_bound_evidence
695eeb95ca2cf8cd827bc140,Final Recommendation Dossier,0,,,not_sent,absent_hard_bound_evidence
695eeb95ca2cf8cd827bc141,Execution Roadmap,0,,,not_sent,absent_hard_bound_evidence
695eeb95ca2cf8cd827bc152,M015,0,,,not_sent,absent_hard_bound_evidence
695eeb95ca2cf8cd827bc12b,Fix Vercel deployment for UCC repository and commit changes,0,,,not_sent,absent_hard_bound_evidence
695eeb95ca2cf8cd827bc184,Performance Optimization & Anti-Procrastination System,0,,,not_sent,absent_hard_bound_evidence
695eeb95ca2cf8cd827bc185,Configure Rewardful PayPal Payouts,0,,,not_sent,absent_hard_bound_evidence
695eeb95ca2cf8cd827bc14e,AFF-001,0,,,not_sent,absent_hard_bound_evidence
695eeb95ca2cf8cd827bc172,68beddf551088dc2206bd7dd,0,,,not_sent,absent_hard_bound_evidence
695eeb95ca2cf8cd827bc186,Launch Decentralized Product Marketplace,0,,,not_sent,absent_hard_bound_evidence
695eeb95ca2cf8cd827bc13a,7-Day Revenue Sprint Plan,0,,,not_sent,absent_hard_bound_evidence
695eeb95ca2cf8cd827bc13c,Deploy Self-Sovereign Identity & Authentication,0,,,not_sent,absent_hard_bound_evidence
695eeb95ca2cf8cd827bc16b,M012,0,,,not_sent,absent_hard_bound_evidence
695eeb95ca2cf8cd827bc17f,Launch AI Website Creation Service for Small Businesses,0,,,not_sent,absent_hard_bound_evidence
695eeb95ca2cf8cd827bc148,Final Reporting & Handoff,0,,,not_sent,absent_hard_bound_evidence
695eeb95ca2cf8cd827bc168,M006,0,,,not_sent,absent_hard_bound_evidence
695eeb95ca2cf8cd827bc135,Connect Rewardful to Stripe,0,,,not_sent,absent_hard_bound_evidence
695eeb95ca2cf8cd827bc153,M018,0,,,not_sent,absent_hard_bound_evidence
695eeb95ca2cf8cd827bc154,M020,0,,,not_sent,absent_hard_bound_evidence
695eeb95ca2cf8cd827bc158,Instant Lead Generation,100,,,not_sent,absent_hard_bound_evidence
695eeb95ca2cf8cd827bc16a,M011,0,,,not_sent,absent_hard_bound_evidence
695eeb95ca2cf8cd827bc15e,Directive: Execute Swarm Synthesis Protocol,0,,,not_sent,absent_hard_bound_evidence
695eeb95ca2cf8cd827bc167,M004,0,,,not_sent,absent_hard_bound_evidence
695eeb95ca2cf8cd827bc15d,Implement Autonomous Mission Creation by Swarm,0,,,not_sent,absent_hard_bound_evidence
695eeb95ca2cf8cd827bc12e,Implement Proactive Swarm Intelligence with Auto-Enrollment,0,,,not_sent,absent_hard_bound_evidence
695eeb95ca2cf8cd827bc13d,Develop PayPal API Integration Module,0,,,not_sent,absent_hard_bound_evidence
695eeb95ca2cf8cd827bc13e,Data Acquisition Pipeline,0,,,not_sent,absent_hard_bound_evidence
695eeb95ca2cf8cd827bc15b,Instant Social Media Scheduling,45,,,not_sent,absent_hard_bound_evidence
695eeb95ca2cf8cd827bc170,68be826364c2e97debd0eed1,0,,,not_sent,absent_hard_bound_evidence
695eeb95ca2cf8cd827bc187,Implement Cryptocurrency Revenue Streams,0,,,not_sent,absent_hard_bound_evidence
695eeb95ca2cf8cd827bc15f,Initiate affiliate marketing activation. Coordinate all agents under Autonomous Digital Education Incubator and Generative_Enterprise.,0,,,not_sent,absent_hard_bound_evidence
695eeb95ca2cf8cd827bc171,68be88bde483377ce83bb84e,0,,,not_sent,absent_hard_bound_evidence
695eeb95ca2cf8cd827bc176,68beddf551088dc2206bd7e2,0,,,not_sent,absent_hard_bound_evidence
695eeb95ca2cf8cd827bc180,Implement Protocol-Level Reserve Rule,0,,,not_sent,absent_hard_bound_evidence
695eeb95ca2cf8cd827bc149,Continuous Agent Capability Enhancement,0,,,not_sent,absent_hard_bound_evidence
695eeb95ca2cf8cd827bc159,Instant Social Media Engagement,35,,,not_sent,absent_hard_bound_evidence
695eeb95ca2cf8cd827bc169,M008,0,,,not_sent,absent_hard_bound_evidence
695eeb95ca2cf8cd827bc0d1,Critical Blocker Resolution Acceleration,0,,,not_sent,absent_hard_bound_evidence
695eeb95ca2cf8cd827bc0da,Autonomous Product Creation System,0,,,not_sent,absent_hard_bound_evidence
695eeb95ca2cf8cd827bc0de,Revenue Confirmation Protocol Implementation,0,,,not_sent,absent_hard_bound_evidence
695eeb95ca2cf8cd827bc0fd,Untitled Mission,0,,,not_sent,absent_hard_bound_evidence
695eeb95ca2cf8cd827bc0d4,PayPal Conversion Optimization,0,,,not_sent,absent_hard_bound_evidence
695eeb95ca2cf8cd827bc0d5,PayPal Revenue Integration,0,,,not_sent,absent_hard_bound_evidence
695eeb95ca2cf8cd827bc0d8,Autonomous Sales Generation System,0,,,not_sent,absent_hard_bound_evidence
695eeb95ca2cf8cd827bc0e3,PayPal Micro-Transfer Execution and Monitoring,0,,,not_sent,absent_hard_bound_evidence
695eeb95ca2cf8cd827bc0e7,Immediate PayPal Resolution Strategy,0,,,not_sent,absent_hard_bound_evidence
695eeb95ca2cf8cd827bc0cc,Critical Blocker Resolution Acceleration,0,,,not_sent,absent_hard_bound_evidence
695eeb95ca2cf8cd827bc0f9,Execution Roadmap,0,,,not_sent,absent_hard_bound_evidence
695eeb95ca2cf8cd827bc0fb,Canva Template Revenue Launch,0,,,not_sent,absent_hard_bound_evidence
695eeb95ca2cf8cd827bc104,Canva Template Revenue Launch,0,,,not_sent,absent_hard_bound_evidence
695eeb95ca2cf8cd827bc11e,68bf244f89afcb5e04226d2e,0,,,not_sent,absent_hard_bound_evidence
695eeb95ca2cf8cd827bc0ea,Revenue Identification Emergency Protocol,0,,,not_sent,absent_hard_bound_evidence
695eeb95ca2cf8cd827bc103,Monthly Transfer,0,,,not_sent,absent_hard_bound_evidence
695eeb95ca2cf8cd827bc105,REV-001,0,,,not_sent,absent_hard_bound_evidence
695eeb95ca2cf8cd827bc106,AFF-001,0,,,not_sent,absent_hard_bound_evidence
695eeb95ca2cf8cd827bc10c,M020,0,,,not_sent,absent_hard_bound_evidence
695eeb95ca2cf8cd827bc114,68be826364c2e97debd0eeda,0,,,not_sent,absent_hard_bound_evidence
695eeb95ca2cf8cd827bc0f2,Execute PayPal Account-Level Verification for Payouts API,0,,,not_sent,absent_hard_bound_evidence
695eeb95ca2cf8cd827bc10b,M018,0,,,not_sent,absent_hard_bound_evidence
695eeb95ca2cf8cd827bc127,Etsy & Gumroad Account Migration for Revenue Recovery,0,,,not_sent,absent_hard_bound_evidence
695eeb95ca2cf8cd827bc0f0,Autonomous PayPal Revenue Transfer System Deployment,0,,,not_sent,absent_hard_bound_evidence
695eeb95ca2cf8cd827bc113,68be826364c2e97debd0eed8,0,,,not_sent,absent_hard_bound_evidence
695eeb95ca2cf8cd827bc126,Emergency Payment Account Audit & Revenue Recovery Mission,0,,,not_sent,absent_hard_bound_evidence
695eeb95ca2cf8cd827bc109,M014,0,,,not_sent,absent_hard_bound_evidence
695eeb95ca2cf8cd827bc10a,M015,0,,,not_sent,absent_hard_bound_evidence
695eeb95ca2cf8cd827bc11c,68beddf551088dc2206bd7f0,0,,,not_sent,absent_hard_bound_evidence
695eeb95ca2cf8cd827bc124,Automated Product Sourcing and Listing for E-commerce,0,,,not_sent,absent_hard_bound_evidence
695eeb95ca2cf8cd827bc0ef,Accelerated Weekly Revenue Distribution to PayPal,0,,,not_sent,absent_hard_bound_evidence
695eeb95ca2cf8cd827bc119,68beddf551088dc2206bd7ea,0,,,not_sent,absent_hard_bound_evidence
695eeb95ca2cf8cd827bc0dd,Innovative Revenue Generation Beyond Targets,0,,,not_sent,absent_hard_bound_evidence
695eeb95ca2cf8cd827bc0f7,Agentic Automation Framework Setup,0,,,not_sent,absent_hard_bound_evidence
695eeb95ca2cf8cd827bc100,Final Reporting & Handoff,0,,,not_sent,absent_hard_bound_evidence
695eeb95ca2cf8cd827bc129,Market Dominance Initiative - Autonomous Niche Capture,0,,,not_sent,absent_hard_bound_evidence
695eeb95ca2cf8cd827bc0e2,Strategic Micro-Transfer Design for PayPal Payout,0,,,not_sent,absent_hard_bound_evidence
695eeb95ca2cf8cd827bc108,M010,0,,,not_sent,absent_hard_bound_evidence
695eeb95ca2cf8cd827bc0cb,Decentralized Market Prediction and Exploitation System,0,,,not_sent,absent_hard_bound_evidence
695eeb95ca2cf8cd827bc0e9,Implement Comprehensive Payment Protocol Resilience Framework,0,,,not_sent,absent_hard_bound_evidence
695eeb95ca2cf8cd827bc0ff,Scale-Up Strategy,0,,,not_sent,absent_hard_bound_evidence
695eeb95ca2cf8cd827bc0e6,Implement Comprehensive Agent-Enabled Funds Transfer Protocol,0,,,not_sent,absent_hard_bound_evidence
695eeb95ca2cf8cd827bc10e,68bbdf9be957eba57d8f4b59,0,,,not_sent,absent_hard_bound_evidence
695eeb95ca2cf8cd827bc11f,Security Audit and Dependency Review for Command Centre,0,,,not_sent,absent_hard_bound_evidence
695eeb95ca2cf8cd827bc116,68be8a6ebff7c1c21aca970d,0,,,not_sent,absent_hard_bound_evidence
695eeb95ca2cf8cd827bc0d2,Complete Transaction Systems for PayPal,0,,,not_sent,absent_hard_bound_evidence
695eeb95ca2cf8cd827bc0d3,PayPal-Optimized Revenue Generation,0,,,not_sent,absent_hard_bound_evidence
695eeb95ca2cf8cd827bc0e0,PayPal App and Authentication Verification for Micropayment Protocol,0,,,not_sent,absent_hard_bound_evidence
695eeb95ca2cf8cd827bc0eb,Implement and Deploy Robust Automated PayPal Transfer System,0,,,not_sent,absent_hard_bound_evidence
695eeb95ca2cf8cd827bc121,Establish Universal Automated Revenue Collection & PayPal Transfer,0,,,not_sent,absent_hard_bound_evidence
695eeb95ca2cf8cd827bc0d6,AI Autonomous Revenue Generation System - 14 Days,0,,,not_sent,absent_hard_bound_evidence
695eeb95ca2cf8cd827bc102,Investigate Cybercrime Complaint - Younes Tsouli ($7K BTC Recovery),0,,,not_sent,absent_hard_bound_evidence
695eeb95ca2cf8cd827bc10d,M022,0,,,not_sent,absent_hard_bound_evidence
695eeb95ca2cf8cd827bc111,68be826364c2e97debd0eed6,0,,,not_sent,absent_hard_bound_evidence
695eeb95ca2cf8cd827bc0db,Autonomous PayPal Transfer System,0,,,not_sent,absent_hard_bound_evidence
695eeb95ca2cf8cd827bc0e4,PayPal Micro-Transfer Completion and Verification,0,,,not_sent,absent_hard_bound_evidence
695eeb95ca2cf8cd827bc0f4,Revise PayPal Payouts API Request Implementation,0,,,not_sent,absent_hard_bound_evidence
695eeb95ca2cf8cd827bc112,68be826364c2e97debd0eed7,0,,,not_sent,absent_hard_bound_evidence
695eeb95ca2cf8cd827bc128,Deploy Revenue Multiplier Pipeline,0,,,not_sent,absent_hard_bound_evidence
695eeb95ca2cf8cd827bc0ed,Resolve Agent PayPal Email Discrepancies and Facilitate Payouts,0,,,not_sent,absent_hard_bound_evidence
695eeb95ca2cf8cd827bc118,68beddf551088dc2206bd7e6,0,,,not_sent,absent_hard_bound_evidence
695eeb95ca2cf8cd827bc11a,68beddf551088dc2206bd7eb,0,,,not_sent,absent_hard_bound_evidence
695eeb95ca2cf8cd827bc0f6,Data Acquisition Pipeline,0,,,not_sent,absent_hard_bound_evidence
695eeb95ca2cf8cd827bc0fa,Launch Q1 Viral Marketing Campaign,0,,,not_sent,absent_hard_bound_evidence
695eeb95ca2cf8cd827bc115,68be88bbe483377ce83bb837,0,,,not_sent,absent_hard_bound_evidence
695eeb95ca2cf8cd827bc122,Establish Universal Automated Crypto Revenue Collection & PayPal Transfer,0,,,not_sent,absent_hard_bound_evidence
695eeb95ca2cf8cd827bc0d7,Enable Full Autonomous Execution Capabilities,0,,,not_sent,absent_hard_bound_evidence
695eeb95ca2cf8cd827bc0e8,Deploy Autonomous Swarm Orchestrator,0,,,not_sent,absent_hard_bound_evidence
695eeb95ca2cf8cd827bc0ec,Reactivate and Normalize All PayPal Withdrawals,0,,,not_sent,absent_hard_bound_evidence
695eeb95ca2cf8cd827bc0f1,Ensure Swarm Survival and Anti-Takedown,0,,,not_sent,absent_hard_bound_evidence
695eeb95ca2cf8cd827bc0d0,PayPal Revenue Integration,0,,,not_sent,absent_hard_bound_evidence
695eeb95ca2cf8cd827bc0e5,PayPal Micropayment Connectivity and Transaction Verification v2.1,0,,,not_sent,absent_hard_bound_evidence
695eeb95ca2cf8cd827bc0cf,PayPal Conversion Optimization,0,,,not_sent,absent_hard_bound_evidence
695eeb95ca2cf8cd827bc0d9,Autonomous Social Media Operations,0,,,not_sent,absent_hard_bound_evidence
695eeb95ca2cf8cd827bc0f3,Overhaul PayPal Payouts API Configuration and Token Management,0,,,not_sent,absent_hard_bound_evidence
695eeb95ca2cf8cd827bc0fe,Pilot Execution,0,,,not_sent,absent_hard_bound_evidence
695eeb95ca2cf8cd827bc123,Cross-Capability Synthesis: Predictive Content Generation,0,,,not_sent,absent_hard_bound_evidence
695eeb95ca2cf8cd827bc110,68be826364c2e97debd0eed5,0,,,not_sent,absent_hard_bound_evidence
695eeb95ca2cf8cd827bc0fc,Untitled Mission,0,,,not_sent,absent_hard_bound_evidence
695eeb95ca2cf8cd827bc125,Product and Supplier Optimization for Enhanced Profitability and Customer Satisfaction,0,,,not_sent,absent_hard_bound_evidence
695eeb95ca2cf8cd827bc12a,Emergency Revenue Reality Verification Mission,0,,,not_sent,absent_hard_bound_evidence
695eeb95ca2cf8cd827bc0dc,Remove Manual Intervention Requirements,0,,,not_sent,absent_hard_bound_evidence
695eeb95ca2cf8cd827bc0e1,Revenue Confirmation for Micropayment Protocol,0,,,not_sent,absent_hard_bound_evidence
695eeb95ca2cf8cd827bc0f5,Develop PayPal API Integration Module,0,,,not_sent,absent_hard_bound_evidence
695eeb95ca2cf8cd827bc10f,68be826364c2e97debd0eed3,0,,,not_sent,absent_hard_bound_evidence
695eeb95ca2cf8cd827bc11d,68beddf551088dc2206bd7f2,0,,,not_sent,absent_hard_bound_evidence
695eeb95ca2cf8cd827bc0ce,PayPal-Optimized Revenue Generation,0,,,not_sent,absent_hard_bound_evidence
695eeb95ca2cf8cd827bc0df,Autonomous Mission Reactivation and Resource Allocation System,0,,,not_sent,absent_hard_bound_evidence
695eeb95ca2cf8cd827bc0f8,Final Recommendation Dossier,0,,,not_sent,absent_hard_bound_evidence
695eeb95ca2cf8cd827bc101,Continuous Agent Capability Enhancement,0,,,not_sent,absent_hard_bound_evidence
695eeb95ca2cf8cd827bc117,68beddf551088dc2206bd7e1,0,,,not_sent,absent_hard_bound_evidence
695eeb95ca2cf8cd827bc11b,68beddf551088dc2206bd7ee,0,,,not_sent,absent_hard_bound_evidence
695eeb95ca2cf8cd827bc120,Generate consistent revenue for realworldcerts.com,0,,,not_sent,absent_hard_bound_evidence
695eeb95ca2cf8cd827bc0ee,PayPal Integration Mission,0,,,not_sent,absent_hard_bound_evidence
695eeb95ca2cf8cd827bc107,M005,0,,,not_sent,absent_hard_bound_evidence
695eeb95ca2cf8cd827bc0cd,Complete Transaction Systems for PayPal,0,,,not_sent,absent_hard_bound_evidence
695eeb95ca2cf8cd827bc06b,Overhaul PayPal Payouts API Configuration and Token Management,0,,,not_sent,absent_hard_bound_evidence
695eeb95ca2cf8cd827bc0ca,Market Opportunity Exploitation Engine,0,,,not_sent,absent_hard_bound_evidence
695eeb95ca2cf8cd827bc083,M005,0,,,not_sent,absent_hard_bound_evidence
695eeb95ca2cf8cd827bc08b,68be826364c2e97debd0eed3,0,,,not_sent,absent_hard_bound_evidence
695eeb95ca2cf8cd827bc0b9,Real Revenue Tracking Implementation,0,,,not_sent,absent_hard_bound_evidence
695eeb95ca2cf8cd827bc0c2,Accelerate Etsy & Gumroad Account Migration,0,,,not_sent,absent_hard_bound_evidence
695eeb95ca2cf8cd827bc074,Final Recommendation Dossier,0,,,not_sent,absent_hard_bound_evidence
695eeb95ca2cf8cd827bc096,68beddf551088dc2206bd7eb,0,,,not_sent,absent_hard_bound_evidence
695eeb95ca2cf8cd827bc0bf,Activate Decentralized Revenue Independence,0,,,not_sent,absent_hard_bound_evidence
695eeb95ca2cf8cd827bc078,Untitled Mission,0,,,not_sent,absent_hard_bound_evidence
695eeb95ca2cf8cd827bc097,68beddf551088dc2206bd7ee,0,,,not_sent,absent_hard_bound_evidence
695eeb95ca2cf8cd827bc09a,68bf244f89afcb5e04226d2e,0,,,not_sent,absent_hard_bound_evidence
695eeb95ca2cf8cd827bc0a9,Implement Comprehensive Transaction Logging,0,,,not_sent,absent_hard_bound_evidence
695eeb95ca2cf8cd827bc0b3,Activate Revenue Acceleration System,0,,,not_sent,absent_hard_bound_evidence
695eeb95ca2cf8cd827bc0be,Establish Independent Revenue Models,0,,,not_sent,absent_hard_bound_evidence
695eeb95ca2cf8cd827bc07c,Final Reporting & Handoff,0,,,not_sent,absent_hard_bound_evidence
695eeb95ca2cf8cd827bc081,REV-001,0,,,not_sent,absent_hard_bound_evidence
695eeb95ca2cf8cd827bc0b1,Connect Rewardful to Stripe,0,,,not_sent,absent_hard_bound_evidence
695eeb95ca2cf8cd827bc077,Canva Template Revenue Launch,0,,,not_sent,absent_hard_bound_evidence
695eeb95ca2cf8cd827bc08e,68be826364c2e97debd0eed7,0,,,not_sent,absent_hard_bound_evidence
695eeb95ca2cf8cd827bc0a4,Deploy Revenue Multiplier Pipeline,0,,,not_sent,absent_hard_bound_evidence
695eeb95ca2cf8cd827bc076,Launch Q1 Viral Marketing Campaign,0,,,not_sent,absent_hard_bound_evidence
695eeb95ca2cf8cd827bc0a8,Implement Withdrawal Tracking System,0,,,not_sent,absent_hard_bound_evidence
695eeb95ca2cf8cd827bc0b6,Canva Template Execution Blitz,0,,,not_sent,absent_hard_bound_evidence
695eeb95ca2cf8cd827bc0bd,Create Decentralized Payment Ecosystem,0,,,not_sent,absent_hard_bound_evidence
695eeb95ca2cf8cd827bc06a,Execute PayPal Account-Level Verification for Payouts API,0,,,not_sent,absent_hard_bound_evidence
695eeb95ca2cf8cd827bc080,Canva Template Revenue Launch,0,,,not_sent,absent_hard_bound_evidence
695eeb95ca2cf8cd827bc099,68beddf551088dc2206bd7f2,0,,,not_sent,absent_hard_bound_evidence
695eeb95ca2cf8cd827bc0ab,Oversee Financial Infrastructure and Swarm Intelligence Implementation,0,,,not_sent,absent_hard_bound_evidence
695eeb95ca2cf8cd827bc0ad,Embed Autonomous Problem-Solving in Swarm DNA,0,,,not_sent,absent_hard_bound_evidence
695eeb95ca2cf8cd827bc0bb,Build Decentralized Swarm Infrastructure,0,,,not_sent,absent_hard_bound_evidence
695eeb95ca2cf8cd827bc063,Implement and Deploy Robust Automated PayPal Transfer System,0,,,not_sent,absent_hard_bound_evidence
695eeb95ca2cf8cd827bc06f,PayPal Recovery Execution Plan,0,,,not_sent,absent_hard_bound_evidence
695eeb95ca2cf8cd827bc079,Untitled Mission,0,,,not_sent,absent_hard_bound_evidence
695eeb95ca2cf8cd827bc07e,Investigate Cybercrime Complaint - Younes Tsouli ($7K BTC Recovery),0,,,not_sent,absent_hard_bound_evidence
695eeb95ca2cf8cd827bc0a3,Etsy & Gumroad Account Migration for Revenue Recovery,0,,,not_sent,absent_hard_bound_evidence
695eeb95ca2cf8cd827bc068,Autonomous PayPal Revenue Transfer System Deployment,0,,,not_sent,absent_hard_bound_evidence
695eeb95ca2cf8cd827bc0b2,Establish Universal PayPal Payout Strategy,0,,,not_sent,absent_hard_bound_evidence
695eeb95ca2cf8cd827bc0ba,Activate Revenue Execution System,0,,,not_sent,absent_hard_bound_evidence
695eeb95ca2cf8cd827bc0bc,Deploy Self-Sovereign Identity & Authentication,0,,,not_sent,absent_hard_bound_evidence
695eeb95ca2cf8cd827bc0c6,Resolve All Dependencies Blocking Critical Missions,0,,,not_sent,absent_hard_bound_evidence
695eeb95ca2cf8cd827bc075,Execution Roadmap,0,,,not_sent,absent_hard_bound_evidence
695eeb95ca2cf8cd827bc07a,Pilot Execution,0,,,not_sent,absent_hard_bound_evidence
695eeb95ca2cf8cd827bc094,68beddf551088dc2206bd7e6,0,,,not_sent,absent_hard_bound_evidence
695eeb95ca2cf8cd827bc09f,Cross-Capability Synthesis: Predictive Content Generation,0,,,not_sent,absent_hard_bound_evidence
695eeb95ca2cf8cd827bc0c3,Accelerate Emergency Revenue Reality Verification,0,,,not_sent,absent_hard_bound_evidence
695eeb95ca2cf8cd827bc067,Accelerated Weekly Revenue Distribution to PayPal,0,,,not_sent,absent_hard_bound_evidence
695eeb95ca2cf8cd827bc0c8,Adaptive Market Prediction System,0,,,not_sent,absent_hard_bound_evidence
695eeb95ca2cf8cd827bc073,Agentic Automation Framework Setup,0,,,not_sent,absent_hard_bound_evidence
695eeb95ca2cf8cd827bc07b,Scale-Up Strategy,0,,,not_sent,absent_hard_bound_evidence
695eeb95ca2cf8cd827bc085,M014,0,,,not_sent,absent_hard_bound_evidence
695eeb95ca2cf8cd827bc098,68beddf551088dc2206bd7f0,0,,,not_sent,absent_hard_bound_evidence
695eeb95ca2cf8cd827bc0a1,Product and Supplier Optimization for Enhanced Profitability and Customer Satisfaction,0,,,not_sent,absent_hard_bound_evidence
695eeb95ca2cf8cd827bc07d,Continuous Agent Capability Enhancement,0,,,not_sent,absent_hard_bound_evidence
695eeb95ca2cf8cd827bc0a6,Emergency Revenue Reality Verification Mission,0,,,not_sent,absent_hard_bound_evidence
695eeb95ca2cf8cd827bc0c9,Swarm Intelligence Coordination System,0,,,not_sent,absent_hard_bound_evidence
695eeb95ca2cf8cd827bc07f,Monthly Transfer,0,,,not_sent,absent_hard_bound_evidence
695eeb95ca2cf8cd827bc095,68beddf551088dc2206bd7ea,0,,,not_sent,absent_hard_bound_evidence
695eeb95ca2cf8cd827bc0a5,Market Dominance Initiative - Autonomous Niche Capture,0,,,not_sent,absent_hard_bound_evidence
695eeb95ca2cf8cd827bc065,Resolve Agent PayPal Email Discrepancies and Facilitate Payouts,0,,,not_sent,absent_hard_bound_evidence
695eeb95ca2cf8cd827bc082,AFF-001,0,,,not_sent,absent_hard_bound_evidence
695eeb95ca2cf8cd827bc0af,Black Friday Campaign 2024,0,,,not_sent,absent_hard_bound_evidence
695eeb95ca2cf8cd827bc0c1,Accelerate Emergency Payment Account Audit,0,,,not_sent,absent_hard_bound_evidence
695eeb95ca2cf8cd827bc088,M020,0,,,not_sent,absent_hard_bound_evidence
695eeb95ca2cf8cd827bc09d,Establish Universal Automated Revenue Collection & PayPal Transfer,0,,,not_sent,absent_hard_bound_evidence
695eeb95ca2cf8cd827bc0a0,Automated Product Sourcing and Listing for E-commerce,0,,,not_sent,absent_hard_bound_evidence
695eeb95ca2cf8cd827bc06d,Resolve Critical PayPal Payouts API 403 Error,0,,,not_sent,absent_hard_bound_evidence
695eeb95ca2cf8cd827bc087,M018,0,,,not_sent,absent_hard_bound_evidence
695eeb95ca2cf8cd827bc08a,68bbdf9be957eba57d8f4b59,0,,,not_sent,absent_hard_bound_evidence
695eeb95ca2cf8cd827bc090,68be826364c2e97debd0eeda,0,,,not_sent,absent_hard_bound_evidence
695eeb95ca2cf8cd827bc0c5,Emergency Resource Reallocation to Critical Missions,0,,,not_sent,absent_hard_bound_evidence
695eeb95ca2cf8cd827bc06c,Revise PayPal Payouts API Request Implementation,0,,,not_sent,absent_hard_bound_evidence
695eeb95ca2cf8cd827bc0b8,Revenue-First Mission Framework,0,,,not_sent,absent_hard_bound_evidence
695eeb95ca2cf8cd827bc066,PayPal Integration Mission,0,,,not_sent,absent_hard_bound_evidence
695eeb95ca2cf8cd827bc08d,68be826364c2e97debd0eed6,0,,,not_sent,absent_hard_bound_evidence
695eeb95ca2cf8cd827bc0a7,Fix Vercel deployment for UCC repository and commit changes,0,,,not_sent,absent_hard_bound_evidence
695eeb95ca2cf8cd827bc0b5,Activate Swarm Mission Optimizer,0,,,not_sent,absent_hard_bound_evidence
695eeb95ca2cf8cd827bc0c7,Multi-Domain Market Intelligence Network,0,,,not_sent,absent_hard_bound_evidence
695eeb95ca2cf8cd827bc069,Ensure Swarm Survival and Anti-Takedown,0,,,not_sent,absent_hard_bound_evidence
695eeb95ca2cf8cd827bc072,Data Acquisition Pipeline,0,,,not_sent,absent_hard_bound_evidence
695eeb95ca2cf8cd827bc091,68be88bbe483377ce83bb837,0,,,not_sent,absent_hard_bound_evidence
695eeb95ca2cf8cd827bc0ac,SwarmOS Competitive Analysis & Counter-Strategy,0,,,not_sent,absent_hard_bound_evidence
695eeb95ca2cf8cd827bc0b7,7-Day Revenue Sprint Plan,0,,,not_sent,absent_hard_bound_evidence
695eeb95ca2cf8cd827bc070,Monitor Critical PayPal Recovery Missions,0,,,not_sent,absent_hard_bound_evidence
695eeb95ca2cf8cd827bc071,Develop PayPal API Integration Module,0,,,not_sent,absent_hard_bound_evidence
695eeb95ca2cf8cd827bc086,M015,0,,,not_sent,absent_hard_bound_evidence
695eeb95ca2cf8cd827bc09e,Establish Universal Automated Crypto Revenue Collection & PayPal Transfer,0,,,not_sent,absent_hard_bound_evidence
695eeb95ca2cf8cd827bc089,M022,0,,,not_sent,absent_hard_bound_evidence
695eeb95ca2cf8cd827bc093,68beddf551088dc2206bd7e1,0,,,not_sent,absent_hard_bound_evidence
695eeb95ca2cf8cd827bc09c,Generate consistent revenue for realworldcerts.com,0,,,not_sent,absent_hard_bound_evidence
695eeb95ca2cf8cd827bc0a2,Emergency Payment Account Audit & Revenue Recovery Mission,0,,,not_sent,absent_hard_bound_evidence
695eeb95ca2cf8cd827bc08c,68be826364c2e97debd0eed5,0,,,not_sent,absent_hard_bound_evidence
695eeb95ca2cf8cd827bc0aa,Implement Proactive Swarm Intelligence with Auto-Enrollment,0,,,not_sent,absent_hard_bound_evidence
695eeb95ca2cf8cd827bc0b4,Create Revenue Monitoring Dashboard with Canva Alerts,0,,,not_sent,absent_hard_bound_evidence
695eeb95ca2cf8cd827bc0c4,Activate Critical Path Acceleration System,0,,,not_sent,absent_hard_bound_evidence
695eeb95ca2cf8cd827bc08f,68be826364c2e97debd0eed8,0,,,not_sent,absent_hard_bound_evidence
695eeb95ca2cf8cd827bc064,Reactivate and Normalize All PayPal Withdrawals,0,,,not_sent,absent_hard_bound_evidence
695eeb95ca2cf8cd827bc06e,PayPal Service Recovery Protocol,0,,,not_sent,absent_hard_bound_evidence
695eeb95ca2cf8cd827bc084,M010,0,,,not_sent,absent_hard_bound_evidence
695eeb95ca2cf8cd827bc092,68be8a6ebff7c1c21aca970d,0,,,not_sent,absent_hard_bound_evidence
695eeb95ca2cf8cd827bc09b,Security Audit and Dependency Review for Command Centre,0,,,not_sent,absent_hard_bound_evidence
695eeb95ca2cf8cd827bc0ae,Revenue Confirmation & PayPal Withdrawal Protocol - IMMEDIATE EXECUTION,0,,,not_sent,absent_hard_bound_evidence
695eeb95ca2cf8cd827bc0b0,Sign Up for Rewardful,0,,,not_sent,absent_hard_bound_evidence
695eeb95ca2cf8cd827bc0c0,Audit Corporate Dependencies,0,,,not_sent,absent_hard_bound_evidence
695eeb95ca2cf8cd827bc00c,68beddf551088dc2206bd7e6,0,,,not_sent,absent_hard_bound_evidence
695eeb95ca2cf8cd827bc011,68beddf551088dc2206bd7f2,0,,,not_sent,absent_hard_bound_evidence
695eeb95ca2cf8cd827bc01c,Deploy Revenue Multiplier Pipeline,0,,,not_sent,absent_hard_bound_evidence
695eeb95ca2cf8cd827bc007,68be826364c2e97debd0eed8,0,,,not_sent,absent_hard_bound_evidence
695eeb95ca2cf8cd827bc013,Security Audit and Dependency Review for Command Centre,0,,,not_sent,absent_hard_bound_evidence
695eeb95ca2cf8cd827bc015,Establish Universal Automated Revenue Collection & PayPal Transfer,0,,,not_sent,absent_hard_bound_evidence
695eeb95ca2cf8cd827bc01e,Emergency Revenue Reality Verification Mission,0,,,not_sent,absent_hard_bound_evidence
695eeb95ca2cf8cd827bc018,Automated Product Sourcing and Listing for E-commerce,0,,,not_sent,absent_hard_bound_evidence
695eeb95ca2cf8cd827bc004,68be826364c2e97debd0eed5,0,,,not_sent,absent_hard_bound_evidence
695eeb95ca2cf8cd827bc005,68be826364c2e97debd0eed6,0,,,not_sent,absent_hard_bound_evidence
695eeb95ca2cf8cd827bc01f,Fix Vercel deployment for UCC repository and commit changes,0,,,not_sent,absent_hard_bound_evidence
695eeb95ca2cf8cd827bc006,68be826364c2e97debd0eed7,0,,,not_sent,absent_hard_bound_evidence
695eeb95ca2cf8cd827bc016,Establish Universal Automated Crypto Revenue Collection & PayPal Transfer,0,,,not_sent,absent_hard_bound_evidence
695eeb95ca2cf8cd827bc00e,68beddf551088dc2206bd7eb,0,,,not_sent,absent_hard_bound_evidence
695eeb95ca2cf8cd827bc019,Product and Supplier Optimization for Enhanced Profitability and Customer Satisfaction,0,,,not_sent,absent_hard_bound_evidence
695eeb95ca2cf8cd827bc010,68beddf551088dc2206bd7f0,0,,,not_sent,absent_hard_bound_evidence
695eeb95ca2cf8cd827bc014,Generate consistent revenue for realworldcerts.com,0,,,not_sent,absent_hard_bound_evidence
695eeb95ca2cf8cd827bc017,Cross-Capability Synthesis: Predictive Content Generation,0,,,not_sent,absent_hard_bound_evidence
695eeb95ca2cf8cd827bc01d,Market Dominance Initiative - Autonomous Niche Capture,0,,,not_sent,absent_hard_bound_evidence
695eeb95ca2cf8cd827bc01b,Etsy & Gumroad Account Migration for Revenue Recovery,0,,,not_sent,absent_hard_bound_evidence
695eeb95ca2cf8cd827bc008,68be826364c2e97debd0eeda,0,,,not_sent,absent_hard_bound_evidence
695eeb95ca2cf8cd827bc00b,68beddf551088dc2206bd7e1,0,,,not_sent,absent_hard_bound_evidence
695eeb95ca2cf8cd827bc01a,Emergency Payment Account Audit & Revenue Recovery Mission,0,,,not_sent,absent_hard_bound_evidence
695eeb95ca2cf8cd827bc00a,68be8a6ebff7c1c21aca970d,0,,,not_sent,absent_hard_bound_evidence
695eeb95ca2cf8cd827bc00d,68beddf551088dc2206bd7ea,0,,,not_sent,absent_hard_bound_evidence
695eeb95ca2cf8cd827bc009,68be88bbe483377ce83bb837,0,,,not_sent,absent_hard_bound_evidence
695eeb95ca2cf8cd827bc00f,68beddf551088dc2206bd7ee,0,,,not_sent,absent_hard_bound_evidence
695eeb95ca2cf8cd827bc012,68bf244f89afcb5e04226d2e,0,,,not_sent,absent_hard_bound_evidence
695eeb95ca2cf8cd827bc028,Sign Up for Rewardful,0,,,not_sent,absent_hard_bound_evidence
695eeb95ca2cf8cd827bc02e,Canva Template Execution Blitz,0,,,not_sent,absent_hard_bound_evidence
695eeb95ca2cf8cd827bc051,Autonomous Social Media Operations,0,,,not_sent,absent_hard_bound_evidence
695eeb95ca2cf8cd827bc050,Autonomous Sales Generation System,0,,,not_sent,absent_hard_bound_evidence
695eeb95ca2cf8cd827bc056,Revenue Confirmation Protocol Implementation,0,,,not_sent,absent_hard_bound_evidence
695eeb95ca2cf8cd827bc057,Autonomous Mission Reactivation and Resource Allocation System,0,,,not_sent,absent_hard_bound_evidence
695eeb95ca2cf8cd827bc026,Revenue Confirmation & PayPal Withdrawal Protocol - IMMEDIATE EXECUTION,0,,,not_sent,absent_hard_bound_evidence
695eeb95ca2cf8cd827bc03a,Accelerate Etsy & Gumroad Account Migration,0,,,not_sent,absent_hard_bound_evidence
695eeb95ca2cf8cd827bc058,PayPal App and Authentication Verification for Micropayment Protocol,0,,,not_sent,absent_hard_bound_evidence
695eeb95ca2cf8cd827bc038,Audit Corporate Dependencies,0,,,not_sent,absent_hard_bound_evidence
695eeb95ca2cf8cd827bc054,Remove Manual Intervention Requirements,0,,,not_sent,absent_hard_bound_evidence
695eeb95ca2cf8cd827bc062,Revenue Identification Emergency Protocol,0,,,not_sent,absent_hard_bound_evidence
695eeb95ca2cf8cd827bc02b,Activate Revenue Acceleration System,0,,,not_sent,absent_hard_bound_evidence
695eeb95ca2cf8cd827bc032,Activate Revenue Execution System,0,,,not_sent,absent_hard_bound_evidence
695eeb95ca2cf8cd827bc03f,Multi-Domain Market Intelligence Network,0,,,not_sent,absent_hard_bound_evidence
695eeb95ca2cf8cd827bc022,Implement Proactive Swarm Intelligence with Auto-Enrollment,0,,,not_sent,absent_hard_bound_evidence
695eeb95ca2cf8cd827bc042,Market Opportunity Exploitation Engine,0,,,not_sent,absent_hard_bound_evidence
695eeb95ca2cf8cd827bc021,Implement Comprehensive Transaction Logging,0,,,not_sent,absent_hard_bound_evidence
695eeb95ca2cf8cd827bc023,Oversee Financial Infrastructure and Swarm Intelligence Implementation,0,,,not_sent,absent_hard_bound_evidence
695eeb95ca2cf8cd827bc03c,Activate Critical Path Acceleration System,0,,,not_sent,absent_hard_bound_evidence
695eeb95ca2cf8cd827bc05c,PayPal Micro-Transfer Completion and Verification,0,,,not_sent,absent_hard_bound_evidence
695eeb95ca2cf8cd827bc02d,Activate Swarm Mission Optimizer,0,,,not_sent,absent_hard_bound_evidence
695eeb95ca2cf8cd827bc04f,Enable Full Autonomous Execution Capabilities,0,,,not_sent,absent_hard_bound_evidence
695eeb95ca2cf8cd827bc02f,7-Day Revenue Sprint Plan,0,,,not_sent,absent_hard_bound_evidence
695eeb95ca2cf8cd827bc030,Revenue-First Mission Framework,0,,,not_sent,absent_hard_bound_evidence
695eeb95ca2cf8cd827bc045,Complete Transaction Systems for PayPal,0,,,not_sent,absent_hard_bound_evidence
695eeb95ca2cf8cd827bc053,Autonomous PayPal Transfer System,0,,,not_sent,absent_hard_bound_evidence
695eeb95ca2cf8cd827bc060,Deploy Autonomous Swarm Orchestrator,0,,,not_sent,absent_hard_bound_evidence
695eeb95ca2cf8cd827bc046,PayPal-Optimized Revenue Generation,0,,,not_sent,absent_hard_bound_evidence
695eeb95ca2cf8cd827bc04a,Complete Transaction Systems for PayPal,0,,,not_sent,absent_hard_bound_evidence
695eeb95ca2cf8cd827bc05b,PayPal Micro-Transfer Execution and Monitoring,0,,,not_sent,absent_hard_bound_evidence
695eeb95ca2cf8cd827bc037,Activate Decentralized Revenue Independence,0,,,not_sent,absent_hard_bound_evidence
695eeb95ca2cf8cd827bc04e,AI Autonomous Revenue Generation System - 14 Days,0,,,not_sent,absent_hard_bound_evidence
695eeb95ca2cf8cd827bc029,Connect Rewardful to Stripe,0,,,not_sent,absent_hard_bound_evidence
695eeb95ca2cf8cd827bc02a,Establish Universal PayPal Payout Strategy,0,,,not_sent,absent_hard_bound_evidence
695eeb95ca2cf8cd827bc02c,Create Revenue Monitoring Dashboard with Canva Alerts,0,,,not_sent,absent_hard_bound_evidence
695eeb95ca2cf8cd827bc039,Accelerate Emergency Payment Account Audit,0,,,not_sent,absent_hard_bound_evidence
695eeb95ca2cf8cd827bc04d,PayPal Revenue Integration,0,,,not_sent,absent_hard_bound_evidence
695eeb95ca2cf8cd827bc03d,Emergency Resource Reallocation to Critical Missions,0,,,not_sent,absent_hard_bound_evidence
695eeb95ca2cf8cd827bc048,PayPal Revenue Integration,0,,,not_sent,absent_hard_bound_evidence
695eeb95ca2cf8cd827bc033,Build Decentralized Swarm Infrastructure,0,,,not_sent,absent_hard_bound_evidence
695eeb95ca2cf8cd827bc035,Create Decentralized Payment Ecosystem,0,,,not_sent,absent_hard_bound_evidence
695eeb95ca2cf8cd827bc036,Establish Independent Revenue Models,0,,,not_sent,absent_hard_bound_evidence
695eeb95ca2cf8cd827bc041,Swarm Intelligence Coordination System,0,,,not_sent,absent_hard_bound_evidence
695eeb95ca2cf8cd827bc04c,PayPal Conversion Optimization,0,,,not_sent,absent_hard_bound_evidence
695eeb95ca2cf8cd827bc044,Critical Blocker Resolution Acceleration,0,,,not_sent,absent_hard_bound_evidence
695eeb95ca2cf8cd827bc020,Implement Withdrawal Tracking System,0,,,not_sent,absent_hard_bound_evidence
695eeb95ca2cf8cd827bc05d,PayPal Micropayment Connectivity and Transaction Verification v2.1,0,,,not_sent,absent_hard_bound_evidence
695eeb95ca2cf8cd827bc03b,Accelerate Emergency Revenue Reality Verification,0,,,not_sent,absent_hard_bound_evidence
695eeb95ca2cf8cd827bc05a,Strategic Micro-Transfer Design for PayPal Payout,0,,,not_sent,absent_hard_bound_evidence
695eeb95ca2cf8cd827bc05e,Implement Comprehensive Agent-Enabled Funds Transfer Protocol,0,,,not_sent,absent_hard_bound_evidence
695eeb95ca2cf8cd827bc025,Embed Autonomous Problem-Solving in Swarm DNA,0,,,not_sent,absent_hard_bound_evidence
695eeb95ca2cf8cd827bc047,PayPal Conversion Optimization,0,,,not_sent,absent_hard_bound_evidence
695eeb95ca2cf8cd827bc049,Critical Blocker Resolution Acceleration,0,,,not_sent,absent_hard_bound_evidence
695eeb95ca2cf8cd827bc059,Revenue Confirmation for Micropayment Protocol,0,,,not_sent,absent_hard_bound_evidence
695eeb95ca2cf8cd827bc03e,Resolve All Dependencies Blocking Critical Missions,0,,,not_sent,absent_hard_bound_evidence
695eeb95ca2cf8cd827bc04b,PayPal-Optimized Revenue Generation,0,,,not_sent,absent_hard_bound_evidence
695eeb95ca2cf8cd827bc05f,Immediate PayPal Resolution Strategy,0,,,not_sent,absent_hard_bound_evidence
695eeb95ca2cf8cd827bc061,Implement Comprehensive Payment Protocol Resilience Framework,0,,,not_sent,absent_hard_bound_evidence
695eeb95ca2cf8cd827bc043,Decentralized Market Prediction and Exploitation System,0,,,not_sent,absent_hard_bound_evidence
695eeb95ca2cf8cd827bc027,Black Friday Campaign 2024,0,,,not_sent,absent_hard_bound_evidence
695eeb95ca2cf8cd827bc052,Autonomous Product Creation System,0,,,not_sent,absent_hard_bound_evidence
695eeb95ca2cf8cd827bc055,Innovative Revenue Generation Beyond Targets,0,,,not_sent,absent_hard_bound_evidence
695eeb95ca2cf8cd827bc034,Deploy Self-Sovereign Identity & Authentication,0,,,not_sent,absent_hard_bound_evidence
695eeb95ca2cf8cd827bc024,SwarmOS Competitive Analysis & Counter-Strategy,0,,,not_sent,absent_hard_bound_evidence
695eeb95ca2cf8cd827bc031,Real Revenue Tracking Implementation,0,,,not_sent,absent_hard_bound_evidence
695eeb95ca2cf8cd827bc040,Adaptive Market Prediction System,0,,,not_sent,absent_hard_bound_evidence
695eeb95ca2cf8cd827bbfbc,Ensure Swarm Survival and Anti-Takedown,0,,,not_sent,absent_hard_bound_evidence
695eeb95ca2cf8cd827bbfc6,Anti-Corruption System Integrity Protection,0,,,not_sent,absent_hard_bound_evidence
695eeb95ca2cf8cd827bc003,68be826364c2e97debd0eed3,0,,,not_sent,absent_hard_bound_evidence
695eeb95ca2cf8cd827bbfa8,Real Revenue Tracking Implementation,0,,,not_sent,absent_hard_bound_evidence
695eeb95ca2cf8cd827bbfc2,Resolve Critical PayPal Payouts API 403 Error,0,,,not_sent,absent_hard_bound_evidence
695eeb95ca2cf8cd827bbfbd,Execute PayPal Account-Level Verification for Payouts API,0,,,not_sent,absent_hard_bound_evidence
695eeb95ca2cf8cd827bbfec,Final Recommendation Dossier,0,,,not_sent,absent_hard_bound_evidence
695eeb95ca2cf8cd827bbfbf,Revise PayPal Payouts API Request Implementation,0,,,not_sent,absent_hard_bound_evidence
695eeb95ca2cf8cd827bbfca,Immediate Payout Recovery,0,,,not_sent,absent_hard_bound_evidence
695eeb95ca2cf8cd827bbfac,Create Decentralized Payment Ecosystem,0,,,not_sent,absent_hard_bound_evidence
695eeb95ca2cf8cd827bbfc4,Critical PayPal API Outage Resolution,0,,,not_sent,absent_hard_bound_evidence
695eeb95ca2cf8cd827bbfe0,Validate & Classify Survival Techniques,0,,,not_sent,absent_hard_bound_evidence
695eeb95ca2cf8cd827bbff5,Continuous Agent Capability Enhancement,0,,,not_sent,absent_hard_bound_evidence
695eeb95ca2cf8cd827bbfad,Establish Independent Revenue Models,0,,,not_sent,absent_hard_bound_evidence
695eeb95ca2cf8cd827bbfab,Deploy Self-Sovereign Identity & Authentication,0,,,not_sent,absent_hard_bound_evidence
695eeb95ca2cf8cd827bbffa,AFF-001,0,,,not_sent,absent_hard_bound_evidence
695eeb95ca2cf8cd827bbfc1,Implement Payout Retry Queue System,0,,,not_sent,absent_hard_bound_evidence
695eeb95ca2cf8cd827bbfcc,PayPal Integration Fix,0,,,not_sent,absent_hard_bound_evidence
695eeb95ca2cf8cd827bbfd9,Amana Connect (مهمة أمانة للربط),0,,,not_sent,absent_hard_bound_evidence
695eeb95ca2cf8cd827bbfed,Execution Roadmap,0,,,not_sent,absent_hard_bound_evidence
695eeb95ca2cf8cd827bbff7,Monthly Transfer,0,,,not_sent,absent_hard_bound_evidence
695eeb95ca2cf8cd827bbfb0,PayPal App and Authentication Verification for Micropayment Protocol,0,,,not_sent,absent_hard_bound_evidence
695eeb95ca2cf8cd827bbfbb,Accelerated Weekly Revenue Distribution to PayPal,0,,,not_sent,absent_hard_bound_evidence
695eeb95ca2cf8cd827bbfcb,System Activation & Resource Allocation,0,,,not_sent,absent_hard_bound_evidence
695eeb95ca2cf8cd827bbfe2,Configure Default Payment Rails for Morocco,0,,,not_sent,absent_hard_bound_evidence
695eeb95ca2cf8cd827bbfb2,Strategic Micro-Transfer Design for PayPal Payout,0,,,not_sent,absent_hard_bound_evidence
695eeb95ca2cf8cd827bbfb9,Reactivate and Normalize All PayPal Withdrawals,0,,,not_sent,absent_hard_bound_evidence
695eeb95ca2cf8cd827bbfce,Success Verification Protocol,0,,,not_sent,absent_hard_bound_evidence
695eeb95ca2cf8cd827bbfe8,🔐 Runtime Safety Gate Monitor,0,,,not_sent,absent_hard_bound_evidence
695eeb95ca2cf8cd827bbfbe,Overhaul PayPal Payouts API Configuration and Token Management,0,,,not_sent,absent_hard_bound_evidence
695eeb95ca2cf8cd827bbfdb,Ustadh.io (Verified Micro-Skills & Tutoring Platform),0,,,not_sent,absent_hard_bound_evidence
695eeb95ca2cf8cd827bbff3,Scale-Up Strategy,0,,,not_sent,absent_hard_bound_evidence
695eeb95ca2cf8cd827bbfd5,Email Sequence Writer,0,,,not_sent,absent_hard_bound_evidence
695eeb95ca2cf8cd827bbfe4,Confirm Live Gates and PayPal Credentials,0,,,not_sent,absent_hard_bound_evidence
695eeb95ca2cf8cd827bbfea,Data Acquisition Pipeline,0,,,not_sent,absent_hard_bound_evidence
695eeb95ca2cf8cd827bbfa7,Revenue-First Mission Framework,0,,,not_sent,absent_hard_bound_evidence
695eeb95ca2cf8cd827bbfa9,Activate Revenue Execution System,0,,,not_sent,absent_hard_bound_evidence
695eeb95ca2cf8cd827bbfaf,Autonomous Mission Reactivation and Resource Allocation System,0,,,not_sent,absent_hard_bound_evidence
695eeb95ca2cf8cd827bbffb,M005,0,,,not_sent,absent_hard_bound_evidence
695eeb95ca2cf8cd827bbfae,Autonomous PayPal Transfer System,0,,,not_sent,absent_hard_bound_evidence
695eeb95ca2cf8cd827bbfd6,Freelance Writing & Design Services,0,,,not_sent,absent_hard_bound_evidence
695eeb95ca2cf8cd827bbfef,Canva Template Revenue Launch,0,,,not_sent,absent_hard_bound_evidence
695eeb95ca2cf8cd827bbfd3,AI Content Agency Lite,0,,,not_sent,absent_hard_bound_evidence
695eeb95ca2cf8cd827bbfd8,Local Business AI Automation Audit & Implementation,0,,,not_sent,absent_hard_bound_evidence
695eeb95ca2cf8cd827bbfe1,Update Base44 UI for Payout Transparency,0,,,not_sent,absent_hard_bound_evidence
695eeb95ca2cf8cd827bbfc3,Monitor Critical PayPal Recovery Missions,0,,,not_sent,absent_hard_bound_evidence
695eeb95ca2cf8cd827bbfc7,Comprehensive Transaction Audit System,0,,,not_sent,absent_hard_bound_evidence
695eeb95ca2cf8cd827bbfc8,Distributed Consensus Payment System,0,,,not_sent,absent_hard_bound_evidence
695eeb95ca2cf8cd827bbfc9,Autonomous Incident Response: Data-Layer Compromise,0,,,not_sent,absent_hard_bound_evidence
695eeb95ca2cf8cd827bbff4,Final Reporting & Handoff,0,,,not_sent,absent_hard_bound_evidence
695eeb95ca2cf8cd827bbfd4,AI Video Creation Service,0,,,not_sent,absent_hard_bound_evidence
695eeb95ca2cf8cd827bbfe9,Develop PayPal API Integration Module,0,,,not_sent,absent_hard_bound_evidence
695eeb95ca2cf8cd827bbfd7,Niche AI Prompt Pack Creation & Sales,0,,,not_sent,absent_hard_bound_evidence
695eeb95ca2cf8cd827bbfe7,🛡️ SBDS Allowlist Enforcement Guardian,0,,,not_sent,absent_hard_bound_evidence
695eeb95ca2cf8cd827bc001,M022,0,,,not_sent,absent_hard_bound_evidence
695eeb95ca2cf8cd827bbfb7,Revenue Identification Emergency Protocol,0,,,not_sent,absent_hard_bound_evidence
695eeb95ca2cf8cd827bbfba,Resolve Agent PayPal Email Discrepancies and Facilitate Payouts,0,,,not_sent,absent_hard_bound_evidence
695eeb95ca2cf8cd827bbfc0,Develop Alternative Payment Processing System,0,,,not_sent,absent_hard_bound_evidence
695eeb95ca2cf8cd827bbfe3,Verify PayPal Webhooks and Schedule API Sync,0,,,not_sent,absent_hard_bound_evidence
695eeb95ca2cf8cd827bbff9,REV-001,0,,,not_sent,absent_hard_bound_evidence
695eeb95ca2cf8cd827bbfaa,Build Decentralized Swarm Infrastructure,0,,,not_sent,absent_hard_bound_evidence
695eeb95ca2cf8cd827bbfb1,Revenue Confirmation for Micropayment Protocol,0,,,not_sent,absent_hard_bound_evidence
695eeb95ca2cf8cd827bbfdd,SWARM-ECOM-AUTONOMY v2.0,0,,,not_sent,absent_hard_bound_evidence
695eeb95ca2cf8cd827bbfe5,🔍 Real-Time PayPal Webhook Reconciliation Monitor,0,,,not_sent,absent_hard_bound_evidence
695eeb95ca2cf8cd827bbfd1,Implement Swarm Infrastructure Updates,0,,,not_sent,absent_hard_bound_evidence
695eeb95ca2cf8cd827bbfdc,MISSION ATLAS-FUND,0,,,not_sent,absent_hard_bound_evidence
695eeb95ca2cf8cd827bbfeb,Agentic Automation Framework Setup,0,,,not_sent,absent_hard_bound_evidence
695eeb95ca2cf8cd827bbff2,Pilot Execution,0,,,not_sent,absent_hard_bound_evidence
695eeb95ca2cf8cd827bbffe,M015,0,,,not_sent,absent_hard_bound_evidence
695eeb95ca2cf8cd827bbfe6,💰 Truth-Only Revenue Verification Engine,0,,,not_sent,absent_hard_bound_evidence
695eeb95ca2cf8cd827bbff6,Investigate Cybercrime Complaint - Younes Tsouli ($7K BTC Recovery),0,,,not_sent,absent_hard_bound_evidence
695eeb95ca2cf8cd827bbffc,M010,0,,,not_sent,absent_hard_bound_evidence
695eeb95ca2cf8cd827bbfb8,Implement and Deploy Robust Automated PayPal Transfer System,0,,,not_sent,absent_hard_bound_evidence
695eeb95ca2cf8cd827bbfde,Develop Multilingual Survival Core Content,0,,,not_sent,absent_hard_bound_evidence
695eeb95ca2cf8cd827bc002,68bbdf9be957eba57d8f4b59,0,,,not_sent,absent_hard_bound_evidence
695eeb95ca2cf8cd827bbfcd,Dashboard & Record Updates,0,,,not_sent,absent_hard_bound_evidence
695eeb95ca2cf8cd827bbfb4,PayPal Micro-Transfer Completion and Verification,0,,,not_sent,absent_hard_bound_evidence
695eeb95ca2cf8cd827bbfb5,PayPal Micropayment Connectivity and Transaction Verification v2.1,0,,,not_sent,absent_hard_bound_evidence
695eeb95ca2cf8cd827bbfb6,Implement Comprehensive Payment Protocol Resilience Framework,0,,,not_sent,absent_hard_bound_evidence
695eeb95ca2cf8cd827bbfd0,Immediate Revenue Routing Setup,0,,,not_sent,absent_hard_bound_evidence
695eeb95ca2cf8cd827bbfdf,Extract Atomic Primitive Skills,0,,,not_sent,absent_hard_bound_evidence
695eeb95ca2cf8cd827bbfff,M018,0,,,not_sent,absent_hard_bound_evidence
695eeb95ca2cf8cd827bc000,M020,0,,,not_sent,absent_hard_bound_evidence
695eeb95ca2cf8cd827bbfb3,PayPal Micro-Transfer Execution and Monitoring,0,,,not_sent,absent_hard_bound_evidence
695eeb95ca2cf8cd827bbfd2,Implement PHASE 2 Swarm Infrastructure Updates,0,,,not_sent,absent_hard_bound_evidence
695eeb95ca2cf8cd827bbfda,PHASE 1: INTELLIGENCE & VALIDATION (Amana Connect),0,,,not_sent,absent_hard_bound_evidence
695eeb95ca2cf8cd827bbfee,Launch Q1 Viral Marketing Campaign,0,,,not_sent,absent_hard_bound_evidence
695eeb95ca2cf8cd827bbff0,Untitled Mission,0,,,not_sent,absent_hard_bound_evidence
695eeb95ca2cf8cd827bbff1,Untitled Mission,0,,,not_sent,absent_hard_bound_evidence
695eeb95ca2cf8cd827bbffd,M014,0,,,not_sent,absent_hard_bound_evidence
695eeb95ca2cf8cd827bbfc5,Manual PayPal Transfer Initiation for Pending Funds,0,,,not_sent,absent_hard_bound_evidence
695eeb95ca2cf8cd827bbfcf,Reprocess four failed PayPal payouts,0,,,not_sent,absent_hard_bound_evidence
695eeb95ca2cf8cd827bbff8,Canva Template Revenue Launch,0,,,not_sent,absent_hard_bound_evidence
695eeb95ca2cf8cd827bbf5c,PayPal Payout Service Deployment,0,,,not_sent,absent_hard_bound_evidence
695eeb95ca2cf8cd827bbf86,Autonomous PayPal Revenue Transfer System Deployment,0,,,not_sent,absent_hard_bound_evidence
695eeb95ca2cf8cd827bbf4f,Implement Comprehensive Agent-Enabled Funds Transfer Protocol,0,,,not_sent,absent_hard_bound_evidence
695eeb95ca2cf8cd827bbf55,Success Verification Protocol,0,,,not_sent,absent_hard_bound_evidence
695eeb95ca2cf8cd827bbf4a,Launch Q1 Viral Marketing Campaign,0,,,not_sent,absent_hard_bound_evidence
695eeb95ca2cf8cd827bbf73,🧩 CONSOLIDATED: Establish Independent Revenue Models...,0,,,not_sent,absent_hard_bound_evidence
695eeb95ca2cf8cd827bbf95,Security Audit and Dependency Review for Command Centre,0,,,not_sent,absent_hard_bound_evidence
695eeb95ca2cf8cd827bbf43,generate crypto revenues send to binance account api sent earlier,0,,,not_sent,absent_hard_bound_evidence
695eeb95ca2cf8cd827bbf52,Immediate Payout Recovery,0,,,not_sent,absent_hard_bound_evidence
695eeb95ca2cf8cd827bbf53,System Activation & Resource Allocation,0,,,not_sent,absent_hard_bound_evidence
695eeb95ca2cf8cd827bbf46,Canva Template Revenue Launch,0,,,not_sent,absent_hard_bound_evidence
695eeb95ca2cf8cd827bbf64,🧩 CONSOLIDATED: Post-Deployment Verification...,0,,,not_sent,absent_hard_bound_evidence
695eeb95ca2cf8cd827bbf6e,🧩 CONSOLIDATED: 68be826364c2e97debd0eed7...,0,,,not_sent,absent_hard_bound_evidence
695eeb95ca2cf8cd827bbf76,🧩 CONSOLIDATED: Build ETL processes to ingest platform docs  socia...,0,,,not_sent,absent_hard_bound_evidence
695eeb95ca2cf8cd827bbf54,PayPal Integration Fix,0,,,not_sent,absent_hard_bound_evidence
695eeb95ca2cf8cd827bbf57,Database Migration - Payout Tables,0,,,not_sent,absent_hard_bound_evidence
695eeb95ca2cf8cd827bbf78,🧩 CONSOLIDATED: Emergency Payment Account Audit & Revenue Recovery...,0,,,not_sent,absent_hard_bound_evidence
695eeb95ca2cf8cd827bbf83,Develop PayPal API Integration Module,0,,,not_sent,absent_hard_bound_evidence
695eeb95ca2cf8cd827bbfa1,Establish Universal PayPal Payout Strategy,0,,,not_sent,absent_hard_bound_evidence
695eeb95ca2cf8cd827bbfa2,Activate Revenue Acceleration System,0,,,not_sent,absent_hard_bound_evidence
695eeb95ca2cf8cd827bbf63,🧩 CONSOLIDATED: Implement PHASE 2 Swarm Infrastructure Updates...,0,,,not_sent,absent_hard_bound_evidence
695eeb95ca2cf8cd827bbf65,🧩 CONSOLIDATED: Deployment Execution...,0,,,not_sent,absent_hard_bound_evidence
695eeb95ca2cf8cd827bbf4e,Etsy & Gumroad Account Migration for Revenue Recovery,0,,,not_sent,absent_hard_bound_evidence
695eeb95ca2cf8cd827bbf59,Deployment Execution,0,,,not_sent,absent_hard_bound_evidence
695eeb95ca2cf8cd827bbf62,🧩 CONSOLIDATED: Product and Supplier Optimization for Enhanced Pro...,0,,,not_sent,absent_hard_bound_evidence
695eeb95ca2cf8cd827bbf69,🧩 CONSOLIDATED: Implement Comprehensive Payment Protocol Resilienc...,0,,,not_sent,absent_hard_bound_evidence
695eeb95ca2cf8cd827bbf6a,🧩 CONSOLIDATED: Establish Universal Automated Crypto Revenue Colle...,0,,,not_sent,absent_hard_bound_evidence
695eeb95ca2cf8cd827bbf6d,🧩 CONSOLIDATED: 68be826364c2e97debd0eed5...,0,,,not_sent,absent_hard_bound_evidence
695eeb95ca2cf8cd827bbf84,Black Friday Campaign 2024,0,,,not_sent,absent_hard_bound_evidence
695eeb95ca2cf8cd827bbf74,🧩 CONSOLIDATED: Plan phased scale-up of proven revenue model acros...,0,,,not_sent,absent_hard_bound_evidence
695eeb95ca2cf8cd827bbf7c,🧩 CONSOLIDATED: PayPal-Optimized Revenue Generation...,0,,,not_sent,absent_hard_bound_evidence
695eeb95ca2cf8cd827bbf5e,Post-Deployment Verification,0,,,not_sent,absent_hard_bound_evidence
695eeb95ca2cf8cd827bbf7b,🧩 CONSOLIDATED: Develop Multilingual Survival Core Content...,0,,,not_sent,absent_hard_bound_evidence
695eeb95ca2cf8cd827bbf81,🧩 CONSOLIDATED: Monitor PayPal webhook deliveries and reconcile pa...,0,,,not_sent,absent_hard_bound_evidence
695eeb95ca2cf8cd827bbf4d,Emergency Payment Account Audit & Revenue Recovery Mission,0,,,not_sent,absent_hard_bound_evidence
695eeb95ca2cf8cd827bbf50,Immediate PayPal Resolution Strategy,0,,,not_sent,absent_hard_bound_evidence
695eeb95ca2cf8cd827bbf7e,🧩 CONSOLIDATED: PayPal Revenue Integration...,0,,,not_sent,absent_hard_bound_evidence
695eeb95ca2cf8cd827bbf7f,🧩 CONSOLIDATED: Validate & Classify Survival Techniques...,0,,,not_sent,absent_hard_bound_evidence
695eeb95ca2cf8cd827bbf96,Generate consistent revenue for realworldcerts.com,0,,,not_sent,absent_hard_bound_evidence
695eeb95ca2cf8cd827bbf58,PayPal Payout Service Deployment,0,,,not_sent,absent_hard_bound_evidence
695eeb95ca2cf8cd827bbf80,🧩 CONSOLIDATED: Verify all revenue claims against provider truth (...,0,,,not_sent,absent_hard_bound_evidence
695eeb95ca2cf8cd827bbf4c,Launch AWS certification awareness campaign,0,,,not_sent,absent_hard_bound_evidence
695eeb95ca2cf8cd827bbf51,PayPal Integration Mission,0,,,not_sent,absent_hard_bound_evidence
695eeb95ca2cf8cd827bbf82,🧩 CONSOLIDATED: Deploy foundational SwarmCommerce AI system for au...,0,,,not_sent,absent_hard_bound_evidence
695eeb95ca2cf8cd827bbf87,Database Migration - Payout Tables,0,,,not_sent,absent_hard_bound_evidence
695eeb95ca2cf8cd827bbf47,TRI-001,0,,,not_sent,absent_hard_bound_evidence
695eeb95ca2cf8cd827bbf5f,Post-Deployment Verification,0,,,not_sent,absent_hard_bound_evidence
695eeb95ca2cf8cd827bbfa6,7-Day Revenue Sprint Plan,0,,,not_sent,absent_hard_bound_evidence
695eeb95ca2cf8cd827bbf49,AFF-001,0,,,not_sent,absent_hard_bound_evidence
695eeb95ca2cf8cd827bbf67,🧩 CONSOLIDATED: Database Migration - Payout Tables...,0,,,not_sent,absent_hard_bound_evidence
695eeb95ca2cf8cd827bbf8a,Untitled Mission,0,,,not_sent,absent_hard_bound_evidence
695eeb95ca2cf8cd827bbf8f,Execution Roadmap,0,,,not_sent,absent_hard_bound_evidence
695eeb95ca2cf8cd827bbf89,Deployment Execution,0,,,not_sent,absent_hard_bound_evidence
695eeb95ca2cf8cd827bbf7d,🧩 CONSOLIDATED: Critical Blocker Resolution Acceleration...,0,,,not_sent,absent_hard_bound_evidence
695eeb95ca2cf8cd827bbf8c,Data Acquisition Pipeline,0,,,not_sent,absent_hard_bound_evidence
695eeb95ca2cf8cd827bbf8d,Agentic Automation Framework Setup,0,,,not_sent,absent_hard_bound_evidence
695eeb95ca2cf8cd827bbfa4,Activate Swarm Mission Optimizer,0,,,not_sent,absent_hard_bound_evidence
695eeb95ca2cf8cd827bbf60,SME Social Growth Agent Sales & Lead Generation,7500,,,not_sent,absent_hard_bound_evidence
695eeb95ca2cf8cd827bbf72,🧩 CONSOLIDATED: Activate Revenue Acceleration System...,0,,,not_sent,absent_hard_bound_evidence
695eeb95ca2cf8cd827bbf9a,Automated Product Sourcing and Listing for E-commerce,0,,,not_sent,absent_hard_bound_evidence
695eeb95ca2cf8cd827bbfa5,Canva Template Execution Blitz,0,,,not_sent,absent_hard_bound_evidence
695eeb95ca2cf8cd827bbf44,assist Mission ID: 68bd654611425d525969711d,0,,,not_sent,absent_hard_bound_evidence
695eeb95ca2cf8cd827bbf5d,Deployment Execution,0,,,not_sent,absent_hard_bound_evidence
695eeb95ca2cf8cd827bbf97,Establish Universal Automated Revenue Collection & PayPal Transfer,0,,,not_sent,absent_hard_bound_evidence
695eeb95ca2cf8cd827bbf56,PayPal Payout Fix,137600,,,not_sent,absent_hard_bound_evidence
695eeb95ca2cf8cd827bbf88,PayPal Payout Service Deployment,0,,,not_sent,absent_hard_bound_evidence
695eeb95ca2cf8cd827bbf9f,Sign Up for Rewardful,0,,,not_sent,absent_hard_bound_evidence
695eeb95ca2cf8cd827bbf48,REV-001,0,,,not_sent,absent_hard_bound_evidence
695eeb95ca2cf8cd827bbf5a,Post-Deployment Verification,0,,,not_sent,absent_hard_bound_evidence
695eeb95ca2cf8cd827bbf8e,Final Recommendation Dossier,0,,,not_sent,absent_hard_bound_evidence
695eeb95ca2cf8cd827bbf91,Scale-Up Strategy,0,,,not_sent,absent_hard_bound_evidence
695eeb95ca2cf8cd827bbf92,Final Reporting & Handoff,0,,,not_sent,absent_hard_bound_evidence
695eeb95ca2cf8cd827bbf94,Investigate Cybercrime Complaint - Younes Tsouli ($7K BTC Recovery),0,,,not_sent,absent_hard_bound_evidence
695eeb95ca2cf8cd827bbf9b,Product and Supplier Optimization for Enhanced Profitability and Customer Satisfaction,0,,,not_sent,absent_hard_bound_evidence
695eeb95ca2cf8cd827bbf9e,Fix Vercel deployment for UCC repository and commit changes,0,,,not_sent,absent_hard_bound_evidence
695eeb95ca2cf8cd827bbf5b,Database Migration - Payout Tables,0,,,not_sent,absent_hard_bound_evidence
695eeb95ca2cf8cd827bbf61,"Refine and Structure ""Echoes of Resilience: A Symphony of Self-Discovery"" Manuscript",0,,,not_sent,absent_hard_bound_evidence
695eeb95ca2cf8cd827bbf70,🧩 CONSOLIDATED: Fix Vercel deployment for UCC repository and commi...,0,,,not_sent,absent_hard_bound_evidence
695eeb95ca2cf8cd827bbf79,🧩 CONSOLIDATED: PayPal Conversion Optimization...,0,,,not_sent,absent_hard_bound_evidence
695eeb95ca2cf8cd827bbf93,Continuous Agent Capability Enhancement,0,,,not_sent,absent_hard_bound_evidence
695eeb95ca2cf8cd827bbfa0,Connect Rewardful to Stripe,0,,,not_sent,absent_hard_bound_evidence
695eeb95ca2cf8cd827bbf77,🧩 CONSOLIDATED: Monitor Critical PayPal Recovery Missions...,0,,,not_sent,absent_hard_bound_evidence
695eeb95ca2cf8cd827bbf4b,Analyze Competitor AI Offerings,0,,,not_sent,absent_hard_bound_evidence
695eeb95ca2cf8cd827bbf7a,🧩 CONSOLIDATED: Complete Transaction Systems for PayPal...,0,,,not_sent,absent_hard_bound_evidence
695eeb95ca2cf8cd827bbf9d,Market Dominance Initiative - Autonomous Niche Capture,0,,,not_sent,absent_hard_bound_evidence
695eeb95ca2cf8cd827bbf6b,🧩 CONSOLIDATED: 68beddf551088dc2206bd7ee...,0,,,not_sent,absent_hard_bound_evidence
695eeb95ca2cf8cd827bbf99,Cross-Capability Synthesis: Predictive Content Generation,0,,,not_sent,absent_hard_bound_evidence
695eeb95ca2cf8cd827bbf45,PayPal Transfer Operation,0,,,not_sent,absent_hard_bound_evidence
695eeb95ca2cf8cd827bbf66,🧩 CONSOLIDATED: PayPal Payout Service Deployment...,0,,,not_sent,absent_hard_bound_evidence
695eeb95ca2cf8cd827bbf6f,🧩 CONSOLIDATED: Untitled Mission...,0,,,not_sent,absent_hard_bound_evidence
695eeb95ca2cf8cd827bbf71,🧩 CONSOLIDATED: Resolve and validate connectivity between the Lear...,0,,,not_sent,absent_hard_bound_evidence
695eeb95ca2cf8cd827bbf75,🧩 CONSOLIDATED: Define implementation roadmap for selected revenue...,0,,,not_sent,absent_hard_bound_evidence
695eeb95ca2cf8cd827bbf8b,Untitled Mission,0,,,not_sent,absent_hard_bound_evidence
695eeb95ca2cf8cd827bbf90,Pilot Execution,0,,,not_sent,absent_hard_bound_evidence
695eeb95ca2cf8cd827bbf6c,🧩 CONSOLIDATED: 68beddf551088dc2206bd7e6...,0,,,not_sent,absent_hard_bound_evidence
695eeb95ca2cf8cd827bbf85,PayPal Micropayment Connectivity and Transaction Verification v2.1,0,,,not_sent,absent_hard_bound_evidence
695eeb95ca2cf8cd827bbfa3,Create Revenue Monitoring Dashboard with Canva Alerts,0,,,not_sent,absent_hard_bound_evidence
695eeb95ca2cf8cd827bbf68,🧩 CONSOLIDATED: Decentralized Control Plane for Anti-Shutdown Syst...,0,,,not_sent,absent_hard_bound_evidence
695eeb95ca2cf8cd827bbf98,Establish Universal Automated Crypto Revenue Collection & PayPal Transfer,0,,,not_sent,absent_hard_bound_evidence
695eeb95ca2cf8cd827bbf9c,Deploy Revenue Multiplier Pipeline,0,,,not_sent,absent_hard_bound_evidence
695eeb95ca2cf8cd827bbf13,Research: Kick.com Deep Dive,0,,,not_sent,absent_hard_bound_evidence
695eeb95ca2cf8cd827bbeea,Create and Deploy AI-Powered Contract Review Agent,0,,,not_sent,absent_hard_bound_evidence
695eeb95ca2cf8cd827bbeed,Construct Customer Success Copilot (Multi-Agent Approach),0,,,not_sent,absent_hard_bound_evidence
695eeb95ca2cf8cd827bbef4,Continuously Scan for Emerging Agent Technologies,0,,,not_sent,absent_hard_bound_evidence
695eeb95ca2cf8cd827bbf0c,Develop PayPal API Integration Module,0,,,not_sent,absent_hard_bound_evidence
695eeb95ca2cf8cd827bbef6,"Launch Autonomous Education Affiliate Revenue Stream - Target: $5,000+ Monthly Recurring",0,,,not_sent,absent_hard_bound_evidence
695eeb95ca2cf8cd827bbf00,Transform Swarm from Content Creation to Direct Revenue Generation,0,,,not_sent,absent_hard_bound_evidence
695eeb95ca2cf8cd827bbf0a,Untitled Mission,0,,,not_sent,absent_hard_bound_evidence
695eeb95ca2cf8cd827bbefd,Deploy Comprehensive Affiliate Fraud Protection Network,0,,,not_sent,absent_hard_bound_evidence
695eeb95ca2cf8cd827bbef7,Broadcast Gratitude and Mission Directive to All Agents,0,,,not_sent,absent_hard_bound_evidence
695eeb95ca2cf8cd827bbf05,Analyze Udemy Takedown & Explore New Revenue Streams,0,,,not_sent,absent_hard_bound_evidence
695eeb95ca2cf8cd827bbf10,REV-004,0,,,not_sent,absent_hard_bound_evidence
695eeb95ca2cf8cd827bbeff,Immediate Revenue Generation & Conversion Optimization for realworldcerts.com,0,,,not_sent,absent_hard_bound_evidence
695eeb95ca2cf8cd827bbf11,Strategic Opportunity Identification Agent: Discovering Proven Revenue Models and Platform Opportunities,0,,,not_sent,absent_hard_bound_evidence
695eeb95ca2cf8cd827bbeeb,Build and Implement Supply Chain Optimization Agent,0,,,not_sent,absent_hard_bound_evidence
695eeb95ca2cf8cd827bbf01,"Achieve Fully Autonomous, Self-Optimizing Revenue Generation",0,,,not_sent,absent_hard_bound_evidence
695eeb95ca2cf8cd827bbefc,Initiate affiliate marketing activation. Coordinate all agents under Autonomous Digital Education Incubator and Generative_Enterprise.,0,,,not_sent,absent_hard_bound_evidence
695eeb95ca2cf8cd827bbf0d,REV-001,0,,,not_sent,absent_hard_bound_evidence
695eeb95ca2cf8cd827bbf07,Attempt Bitcoin Puzzle Challenge,0,,,not_sent,absent_hard_bound_evidence
695eeb95ca2cf8cd827bbefe,Generate Immediate Revenue While Fixing Pipeline Issues,0,,,not_sent,absent_hard_bound_evidence
695eeb95ca2cf8cd827bbf12,Project Kickoff & Requirements Gathering,0,,,not_sent,absent_hard_bound_evidence
695eeb95ca2cf8cd827bbf17,Data Cleaning & Normalization,0,,,not_sent,absent_hard_bound_evidence
695eeb95ca2cf8cd827bbeee,Assemble Autonomous Finance & Trading Agent,0,,,not_sent,absent_hard_bound_evidence
695eeb95ca2cf8cd827bbeef,Create and Deploy Healthcare Data Agent,0,,,not_sent,absent_hard_bound_evidence
695eeb95ca2cf8cd827bbef0,Integrate Parse.bot for Automated Lead Qualification,0,,,not_sent,absent_hard_bound_evidence
695eeb95ca2cf8cd827bbef1,Upgrade Epsilon-Two with Self-Remediation Capabilities,0,,,not_sent,absent_hard_bound_evidence
695eeb95ca2cf8cd827bbef2,Integrate and Deploy Comet Agent for New Course Opportunity Analysis,0,,,not_sent,absent_hard_bound_evidence
695eeb95ca2cf8cd827bbf02,Establish Automated Arbitrage Operations Across 3 Markets,0,,,not_sent,absent_hard_bound_evidence
695eeb95ca2cf8cd827bbf04,Establish Micro-SaaS Subscription Revenue Stream,0,,,not_sent,absent_hard_bound_evidence
695eeb95ca2cf8cd827bbf0b,Setup Monthly Recurring PayPal Transfer,0,,,not_sent,absent_hard_bound_evidence
695eeb95ca2cf8cd827bbef5,Deploy Project Sentinel to Eliminate Swarm Error Rate,0,,,not_sent,absent_hard_bound_evidence
695eeb95ca2cf8cd827bbefb,Forge High Performance Affiliate Marketing - Maximize Revenue Share,0,,,not_sent,absent_hard_bound_evidence
695eeb95ca2cf8cd827bbf08,PayPal Transfer Operation,0,,,not_sent,absent_hard_bound_evidence
695eeb95ca2cf8cd827bbf1a,Initial Scoring Simulation,0,,,not_sent,absent_hard_bound_evidence
695eeb95ca2cf8cd827bbef8,Directive: Execute Swarm Synthesis Protocol,0,,,not_sent,absent_hard_bound_evidence
695eeb95ca2cf8cd827bbf0e,REV-002,0,,,not_sent,absent_hard_bound_evidence
695eeb95ca2cf8cd827bbefa,Analyze and Optimize New Storefront in Morocco,0,,,not_sent,absent_hard_bound_evidence
695eeb95ca2cf8cd827bbf03,Launch Content Licensing Factory for Passive Income,0,,,not_sent,absent_hard_bound_evidence
695eeb95ca2cf8cd827bbef3,Directive: Forge Autonomous SaaS Product,0,,,not_sent,absent_hard_bound_evidence
695eeb95ca2cf8cd827bbf18,Exploratory Data Analysis,0,,,not_sent,absent_hard_bound_evidence
695eeb95ca2cf8cd827bbf29,Investigate Cyberfraud and Find Remedy,0,,,not_sent,absent_hard_bound_evidence
695eeb95ca2cf8cd827bbf2b,Launch Content Licensing Factory for Passive Income,0,,,not_sent,absent_hard_bound_evidence
695eeb95ca2cf8cd827bbeec,Develop Predictive Maintenance Agent for Industrial IoT,0,,,not_sent,absent_hard_bound_evidence
695eeb95ca2cf8cd827bbef9,Generate Email Campaign for New Course Promotion,0,,,not_sent,absent_hard_bound_evidence
695eeb95ca2cf8cd827bbf0f,REV-003,0,,,not_sent,absent_hard_bound_evidence
695eeb95ca2cf8cd827bbf06,Investigation and Report on Chilling Effect of Unresolved Deaths on Muslim Institutional Development,0,,,not_sent,absent_hard_bound_evidence
695eeb95ca2cf8cd827bbf09,Canva Template Revenue Launch,0,,,not_sent,absent_hard_bound_evidence
695eeb95ca2cf8cd827bbee9,Develop and Deploy Autonomous Sales & Outreach Agent,0,,,not_sent,absent_hard_bound_evidence
695eeb95ca2cf8cd827bbf1c,Revenue Stream Opportunity Identification,0,,,not_sent,absent_hard_bound_evidence
695eeb95ca2cf8cd827bbf1e,Financial Modeling,0,,,not_sent,absent_hard_bound_evidence
695eeb95ca2cf8cd827bbf2c,Establish Micro-SaaS Subscription Revenue Stream,0,,,not_sent,absent_hard_bound_evidence
695eeb95ca2cf8cd827bbf21,Partnership Outreach Plan,0,,,not_sent,absent_hard_bound_evidence
695eeb95ca2cf8cd827bbf2a,"Launch Autonomous Education Affiliate Revenue Stream - Target: $5,000+ Monthly Recurring",0,,,not_sent,absent_hard_bound_evidence
695eeb95ca2cf8cd827bbf2f,Immediate Swarm-Wide Update of Udemy Course Referral Links,0,,,not_sent,absent_hard_bound_evidence
695eeb95ca2cf8cd827bbf20,Execution Roadmap,0,,,not_sent,absent_hard_bound_evidence
695eeb95ca2cf8cd827bbf3b,Build Local Services Broker Network,0,,,not_sent,absent_hard_bound_evidence
695eeb95ca2cf8cd827bbf3f,Execute Immediate $5000 PayPal Transfer,0,,,not_sent,absent_hard_bound_evidence
695eeb95ca2cf8cd827bbf14,Proven Revenue Models Catalog,0,,,not_sent,absent_hard_bound_evidence
695eeb95ca2cf8cd827bbf31,Secure High-Revenue Affiliate Program Integration,0,,,not_sent,absent_hard_bound_evidence
695eeb95ca2cf8cd827bbf15,Design Evaluation Criteria Matrix,0,,,not_sent,absent_hard_bound_evidence
695eeb95ca2cf8cd827bbf19,Competitor Landscape Map,0,,,not_sent,absent_hard_bound_evidence
695eeb95ca2cf8cd827bbf3c,Streamline E-Commerce Arbitrage Operations,0,,,not_sent,absent_hard_bound_evidence
695eeb95ca2cf8cd827bbf41,Untitled Mission,0,,,not_sent,absent_hard_bound_evidence
695eeb95ca2cf8cd827bbf2d,Deploy and Activate Niche Market Maverick Agent for Revenue Generation,0,,,not_sent,absent_hard_bound_evidence
695eeb95ca2cf8cd827bbf30,Forge and Launch Autonomous Education Affiliate Revenue Stream,0,,,not_sent,absent_hard_bound_evidence
695eeb95ca2cf8cd827bbf35,Launch 6-Stream Autonomous Revenue Factory,0,,,not_sent,absent_hard_bound_evidence
695eeb95ca2cf8cd827bbf2e,Directive: Forge and Weaponize 'The Oracle of Udemy' for Market Dominance,0,,,not_sent,absent_hard_bound_evidence
695eeb95ca2cf8cd827bbf16,Data Acquisition Pipeline,0,,,not_sent,absent_hard_bound_evidence
695eeb95ca2cf8cd827bbf26,Automation Refinement,0,,,not_sent,absent_hard_bound_evidence
695eeb95ca2cf8cd827bbf32,Critical Revenue Pipeline Audit & Recovery Operation,0,,,not_sent,absent_hard_bound_evidence
695eeb95ca2cf8cd827bbf37,Establish Autonomous DeFi Yield Farming Operation,0,,,not_sent,absent_hard_bound_evidence
695eeb95ca2cf8cd827bbf33,Emergency Revenue Generation - Direct Sales Focus,0,,,not_sent,absent_hard_bound_evidence
695eeb95ca2cf8cd827bbf40,Investigate Cybercrime Complaint - Younes Tsouli,0,,,not_sent,absent_hard_bound_evidence
695eeb95ca2cf8cd827bbf1d,Risk Assessment & Mitigation Plan,0,,,not_sent,absent_hard_bound_evidence
695eeb95ca2cf8cd827bbf24,Pilot Evaluation,0,,,not_sent,absent_hard_bound_evidence
695eeb95ca2cf8cd827bbf1f,Final Recommendation Dossier,0,,,not_sent,absent_hard_bound_evidence
695eeb95ca2cf8cd827bbf3a,Establish NFT Digital Asset Brand & Community,0,,,not_sent,absent_hard_bound_evidence
695eeb95ca2cf8cd827bbf28,Continuous Agent Capability Enhancement,0,,,not_sent,absent_hard_bound_evidence
695eeb95ca2cf8cd827bbf36,Launch Autonomous E-Commerce Arbitrage Empire,0,,,not_sent,absent_hard_bound_evidence
695eeb95ca2cf8cd827bbf22,Pilot Program Design,0,,,not_sent,absent_hard_bound_evidence
695eeb95ca2cf8cd827bbf34,Emergency Revenue Recovery: From Zero to $200/Day,0,,,not_sent,absent_hard_bound_evidence
695eeb95ca2cf8cd827bbf38,Deploy Content Syndication Revenue Factory,0,,,not_sent,absent_hard_bound_evidence
695eeb95ca2cf8cd827bbf23,Pilot Execution,0,,,not_sent,absent_hard_bound_evidence
695eeb95ca2cf8cd827bbf25,Scale-Up Strategy,0,,,not_sent,absent_hard_bound_evidence
695eeb95ca2cf8cd827bbf27,Final Reporting & Handoff,0,,,not_sent,absent_hard_bound_evidence
695eeb95ca2cf8cd827bbf1b,Agentic Automation Framework Setup,0,,,not_sent,absent_hard_bound_evidence
695eeb95ca2cf8cd827bbf39,Launch B2B Market Intelligence SaaS Service,0,,,not_sent,absent_hard_bound_evidence
695eeb95ca2cf8cd827bbf3d,Optimize B2B Market Intelligence SaaS Service,0,,,not_sent,absent_hard_bound_evidence
695eeb95ca2cf8cd827bbf3e,Expand Local Services Broker Network,0,,,not_sent,absent_hard_bound_evidence
695eeb95ca2cf8cd827bbf42,"coordinate with IntelReport-Generator-Nu, DataEnrichment-Agent-Mu, SwarmOS Accountant Agent, Course Revenue Agent, with the whole swarm",0,,,not_sent,absent_hard_bound_evidence
695eeb95ca2cf8cd827bbea1,🛡️ SBDS Allowlist Enforcement Guardian,0,,,not_sent,absent_hard_bound_evidence
695eeb95ca2cf8cd827bbec7,Deploy Content Syndication Revenue Factory,0,,,not_sent,absent_hard_bound_evidence
695eeb95ca2cf8cd827bbed2,assist Mission ID: 68bd654611425d525969711d,0,,,not_sent,absent_hard_bound_evidence
695eeb95ca2cf8cd827bbea3,Confirm Live Gates and PayPal Credentials,0,,,not_sent,absent_hard_bound_evidence
695eeb95ca2cf8cd827bbead,REV-001,0,,,not_sent,absent_hard_bound_evidence
695eeb95ca2cf8cd827bbeb2,Develop PayPal API Integration Module,0,,,not_sent,absent_hard_bound_evidence
695eeb95ca2cf8cd827bbeb5,Final Recommendation Dossier,0,,,not_sent,absent_hard_bound_evidence
695eeb95ca2cf8cd827bbec9,Establish NFT Digital Asset Brand & Community,0,,,not_sent,absent_hard_bound_evidence
695eeb95ca2cf8cd827bbe95,PHASE 1: INTELLIGENCE & VALIDATION (Amana Connect),0,,,not_sent,absent_hard_bound_evidence
695eeb95ca2cf8cd827bbedc,System Health Monitoring,0,,,not_sent,absent_hard_bound_evidence
695eeb95ca2cf8cd827bbe94,Ustadh.io (Verified Micro-Skills & Tutoring Platform),0,,,not_sent,absent_hard_bound_evidence
695eeb95ca2cf8cd827bbe97,Local Business AI Automation Audit & Implementation,0,,,not_sent,absent_hard_bound_evidence
695eeb95ca2cf8cd827bbea0,💰 Truth-Only Revenue Verification Engine,0,,,not_sent,absent_hard_bound_evidence
695eeb95ca2cf8cd827bbea9,🚀 SwarmCommerce AI - Phase 1 Foundation Deployment,0,,,not_sent,absent_hard_bound_evidence
695eeb95ca2cf8cd827bbed8,Deploy SelarBot Autonomous Promotion Network,0,,,not_sent,absent_hard_bound_evidence
695eeb95ca2cf8cd827bbee5,Create and Deploy Autonomous Community Engagement Agent,0,,,not_sent,absent_hard_bound_evidence
695eeb95ca2cf8cd827bbee8,Integrate and Test Flowith Agent Neo for Autonomous Campaign Orchestration,0,,,not_sent,absent_hard_bound_evidence
695eeb95ca2cf8cd827bbeaf,Launch Q1 Viral Marketing Campaign,0,,,not_sent,absent_hard_bound_evidence
695eeb95ca2cf8cd827bbebb,Monthly Transfer,0,,,not_sent,absent_hard_bound_evidence
695eeb95ca2cf8cd827bbede,Market Research Analysis,0,,,not_sent,absent_hard_bound_evidence
695eeb95ca2cf8cd827bbedf,Content Generation for Campaign,0,,,not_sent,absent_hard_bound_evidence
695eeb95ca2cf8cd827bbec2,Emergency Revenue Generation - Direct Sales Focus,0,,,not_sent,absent_hard_bound_evidence
695eeb95ca2cf8cd827bbed4,Launch Q1 Viral Marketing Campaign,0,,,not_sent,absent_hard_bound_evidence
695eeb95ca2cf8cd827bbed6,Launch AWS certification awareness campaign,0,,,not_sent,absent_hard_bound_evidence
695eeb95ca2cf8cd827bbeb4,Agentic Automation Framework Setup,0,,,not_sent,absent_hard_bound_evidence
695eeb95ca2cf8cd827bbe9d,Implement PHASE 2 Swarm Infrastructure Updates,0,,,not_sent,absent_hard_bound_evidence
695eeb95ca2cf8cd827bbeab,"coordinate with IntelReport-Generator-Nu, DataEnrichment-Agent-Mu, SwarmOS Accountant Agent, Course Revenue Agent, with the whole swarm",0,,,not_sent,absent_hard_bound_evidence
695eeb95ca2cf8cd827bbec8,Launch B2B Market Intelligence SaaS Service,0,,,not_sent,absent_hard_bound_evidence
695eeb95ca2cf8cd827bbecf,Investigate Cybercrime Complaint - Younes Tsouli,0,,,not_sent,absent_hard_bound_evidence
695eeb95ca2cf8cd827bbedd,Cross-Platform Integration Test,0,,,not_sent,absent_hard_bound_evidence
695eeb95ca2cf8cd827bbebd,Directive: Forge and Weaponize 'The Oracle of Udemy' for Market Dominance,0,,,not_sent,absent_hard_bound_evidence
695eeb95ca2cf8cd827bbea2,🔐 Runtime Safety Gate Monitor,0,,,not_sent,absent_hard_bound_evidence
695eeb95ca2cf8cd827bbea6,Update Base44 UI for Payout Transparency,0,,,not_sent,absent_hard_bound_evidence
695eeb95ca2cf8cd827bbeba,Continuous Agent Capability Enhancement,0,,,not_sent,absent_hard_bound_evidence
695eeb95ca2cf8cd827bbee4,Diagnose and Fix Twitter/X API Connection Failure,0,,,not_sent,absent_hard_bound_evidence
695eeb95ca2cf8cd827bbeb9,Final Reporting & Handoff,0,,,not_sent,absent_hard_bound_evidence
695eeb95ca2cf8cd827bbeb3,Data Acquisition Pipeline,0,,,not_sent,absent_hard_bound_evidence
695eeb95ca2cf8cd827bbec0,Secure High-Revenue Affiliate Program Integration,0,,,not_sent,absent_hard_bound_evidence
695eeb95ca2cf8cd827bbe9c,AI Content Agency Lite,0,,,not_sent,absent_hard_bound_evidence
695eeb95ca2cf8cd827bbeb6,Execution Roadmap,0,,,not_sent,absent_hard_bound_evidence
695eeb95ca2cf8cd827bbe98,Niche AI Prompt Pack Creation & Sales,0,,,not_sent,absent_hard_bound_evidence
695eeb95ca2cf8cd827bbeac,Canva Template Revenue Launch,0,,,not_sent,absent_hard_bound_evidence
695eeb95ca2cf8cd827bbee2,Promote RealWorldCerts Course: ANSYS Certified Professional,0,,,not_sent,absent_hard_bound_evidence
695eeb95ca2cf8cd827bbeb1,Untitled Mission,0,,,not_sent,absent_hard_bound_evidence
695eeb95ca2cf8cd827bbed7,Promote  RealWorldCerts courses with 25% enrollment increase,0,,,not_sent,absent_hard_bound_evidence
695eeb95ca2cf8cd827bbee3,Generate Ad Copy for RealWorldCerts' AWS IoT Course,0,,,not_sent,absent_hard_bound_evidence
695eeb95ca2cf8cd827bbebf,Forge and Launch Autonomous Education Affiliate Revenue Stream,0,,,not_sent,absent_hard_bound_evidence
695eeb95ca2cf8cd827bbe9a,Email Sequence Writer,0,,,not_sent,absent_hard_bound_evidence
695eeb95ca2cf8cd827bbec6,Establish Autonomous DeFi Yield Farming Operation,0,,,not_sent,absent_hard_bound_evidence
695eeb95ca2cf8cd827bbed5,Analyze Competitor AI Offerings,0,,,not_sent,absent_hard_bound_evidence
695eeb95ca2cf8cd827bbea5,Configure Default Payment Rails for Morocco,0,,,not_sent,absent_hard_bound_evidence
695eeb95ca2cf8cd827bbecc,Optimize B2B Market Intelligence SaaS Service,0,,,not_sent,absent_hard_bound_evidence
695eeb95ca2cf8cd827bbed1,generate crypto revenues send to binance account api sent earlier,0,,,not_sent,absent_hard_bound_evidence
695eeb95ca2cf8cd827bbed0,"coordinate with IntelReport-Generator-Nu, DataEnrichment-Agent-Mu, SwarmOS Accountant Agent, Course Revenue Agent, with the whole swarm",0,,,not_sent,absent_hard_bound_evidence
695eeb95ca2cf8cd827bbeb0,Canva Template Revenue Launch,0,,,not_sent,absent_hard_bound_evidence
695eeb95ca2cf8cd827bbea7,🎯 FINAL DEPLOYMENT CHECKLIST,0,,,not_sent,absent_hard_bound_evidence
695eeb95ca2cf8cd827bbeb8,Scale-Up Strategy,0,,,not_sent,absent_hard_bound_evidence
695eeb95ca2cf8cd827bbebe,Immediate Swarm-Wide Update of Udemy Course Referral Links,0,,,not_sent,absent_hard_bound_evidence
695eeb95ca2cf8cd827bbec4,Launch 6-Stream Autonomous Revenue Factory,0,,,not_sent,absent_hard_bound_evidence
695eeb95ca2cf8cd827bbeca,Build Local Services Broker Network,0,,,not_sent,absent_hard_bound_evidence
695eeb95ca2cf8cd827bbece,Execute Immediate $5000 PayPal Transfer,0,,,not_sent,absent_hard_bound_evidence
695eeb95ca2cf8cd827bbeae,AFF-001,0,,,not_sent,absent_hard_bound_evidence
695eeb95ca2cf8cd827bbeda,Social Media Trend Analysis,0,,,not_sent,absent_hard_bound_evidence
695eeb95ca2cf8cd827bbe9b,AI Video Creation Service,0,,,not_sent,absent_hard_bound_evidence
695eeb95ca2cf8cd827bbe9e,Implement Swarm Infrastructure Updates,0,,,not_sent,absent_hard_bound_evidence
695eeb95ca2cf8cd827bbec3,Emergency Revenue Recovery: From Zero to $200/Day,0,,,not_sent,absent_hard_bound_evidence
695eeb95ca2cf8cd827bbedb,Multi-Platform Message Distribution,0,,,not_sent,absent_hard_bound_evidence
695eeb95ca2cf8cd827bbeb7,Pilot Execution,0,,,not_sent,absent_hard_bound_evidence
695eeb95ca2cf8cd827bbed3,AFF-001,0,,,not_sent,absent_hard_bound_evidence
695eeb95ca2cf8cd827bbed9,Execute Niche Market Maverick Revenue Generation Mission with Full Agent Cooperation,0,,,not_sent,absent_hard_bound_evidence
695eeb95ca2cf8cd827bbea4,Verify PayPal Webhooks and Schedule API Sync,0,,,not_sent,absent_hard_bound_evidence
695eeb95ca2cf8cd827bbebc,Deploy and Activate Niche Market Maverick Agent for Revenue Generation,0,,,not_sent,absent_hard_bound_evidence
695eeb95ca2cf8cd827bbec1,Critical Revenue Pipeline Audit & Recovery Operation,0,,,not_sent,absent_hard_bound_evidence
695eeb95ca2cf8cd827bbee0,Performance Data Analysis,0,,,not_sent,absent_hard_bound_evidence
695eeb95ca2cf8cd827bbee7,Continuously Scan and Integrate New AI Tools from TheAISurfer and github repos like https://github.com/MeiGen-AI,0,,,not_sent,absent_hard_bound_evidence
695eeb95ca2cf8cd827bbe96,Amana Connect (مهمة أمانة للربط),0,,,not_sent,absent_hard_bound_evidence
695eeb95ca2cf8cd827bbe9f,🔍 Real-Time PayPal Webhook Reconciliation Monitor,0,,,not_sent,absent_hard_bound_evidence
695eeb95ca2cf8cd827bbecd,Expand Local Services Broker Network,0,,,not_sent,absent_hard_bound_evidence
695eeb95ca2cf8cd827bbec5,Launch Autonomous E-Commerce Arbitrage Empire,0,,,not_sent,absent_hard_bound_evidence
695eeb95ca2cf8cd827bbee6,Deploy and Integrate MultiTalk for Promotional Video Scripting,0,,,not_sent,absent_hard_bound_evidence
695eeb95ca2cf8cd827bbeaa,🚀 RealWorldCerts 72-Hour Revenue Surge,0,,,not_sent,absent_hard_bound_evidence
695eeb95ca2cf8cd827bbecb,Streamline E-Commerce Arbitrage Operations,0,,,not_sent,absent_hard_bound_evidence
695eeb95ca2cf8cd827bbee1,Email Campaign Creation,0,,,not_sent,absent_hard_bound_evidence
695eeb95ca2cf8cd827bbe99,Freelance Writing & Design Services,0,,,not_sent,absent_hard_bound_evidence
695eeb95ca2cf8cd827bbea8,🚀 DEPLOY: Push Code to GitHub Remote,0,,,not_sent,absent_hard_bound_evidence
695eeb95ca2cf8cd827bbe44,Decentralized Market Prediction and Exploitation System,0,,,not_sent,absent_hard_bound_evidence
695eeb95ca2cf8cd827bbe60,Reactivate and Normalize All PayPal Withdrawals,0,,,not_sent,absent_hard_bound_evidence
695eeb95ca2cf8cd827bbe64,Autonomous PayPal Revenue Transfer System Deployment,0,,,not_sent,absent_hard_bound_evidence
695eeb95ca2cf8cd827bbe6a,PayPal Service Recovery Protocol,0,,,not_sent,absent_hard_bound_evidence
695eeb95ca2cf8cd827bbe7e,Success Verification Protocol,0,,,not_sent,absent_hard_bound_evidence
695eeb95ca2cf8cd827bbe49,PayPal Revenue Integration,0,,,not_sent,absent_hard_bound_evidence
695eeb95ca2cf8cd827bbe33,Activate Revenue Execution System,0,,,not_sent,absent_hard_bound_evidence
695eeb95ca2cf8cd827bbe47,PayPal-Optimized Revenue Generation,0,,,not_sent,absent_hard_bound_evidence
695eeb95ca2cf8cd827bbe57,PayPal Micro-Transfer Execution and Monitoring,0,,,not_sent,absent_hard_bound_evidence
695eeb95ca2cf8cd827bbe5a,Implement Comprehensive Agent-Enabled Funds Transfer Protocol,0,,,not_sent,absent_hard_bound_evidence
695eeb95ca2cf8cd827bbe41,Adaptive Market Prediction System,0,,,not_sent,absent_hard_bound_evidence
695eeb95ca2cf8cd827bbe46,Complete Transaction Systems for PayPal,0,,,not_sent,absent_hard_bound_evidence
695eeb95ca2cf8cd827bbe5e,Revenue Identification Emergency Protocol,0,,,not_sent,absent_hard_bound_evidence
695eeb95ca2cf8cd827bbe6f,Automated Threat Response System,0,,,not_sent,absent_hard_bound_evidence
695eeb95ca2cf8cd827bbe6c,Monitor Critical PayPal Recovery Missions,0,,,not_sent,absent_hard_bound_evidence
695eeb95ca2cf8cd827bbe7b,Anti-Corruption System Integrity Protection,0,,,not_sent,absent_hard_bound_evidence
695eeb95ca2cf8cd827bbe91,SWARM-ECOM-AUTONOMY v2.0,0,,,not_sent,absent_hard_bound_evidence
695eeb95ca2cf8cd827bbe34,Build Decentralized Swarm Infrastructure,0,,,not_sent,absent_hard_bound_evidence
695eeb95ca2cf8cd827bbe3a,Accelerate Emergency Payment Account Audit,0,,,not_sent,absent_hard_bound_evidence
695eeb95ca2cf8cd827bbe3c,Accelerate Emergency Revenue Reality Verification,0,,,not_sent,absent_hard_bound_evidence
695eeb95ca2cf8cd827bbe63,Accelerated Weekly Revenue Distribution to PayPal,0,,,not_sent,absent_hard_bound_evidence
695eeb95ca2cf8cd827bbe93,MISSION ATLAS-FUND,0,,,not_sent,absent_hard_bound_evidence
695eeb95ca2cf8cd827bbe6b,PayPal Recovery Execution Plan,0,,,not_sent,absent_hard_bound_evidence
695eeb95ca2cf8cd827bbe81,System Activation & Resource Allocation,0,,,not_sent,absent_hard_bound_evidence
695eeb95ca2cf8cd827bbe83,Autonomous Incident Response: Data-Layer Compromise,0,,,not_sent,absent_hard_bound_evidence
695eeb95ca2cf8cd827bbe8b,Immediate Revenue Routing Setup,0,,,not_sent,absent_hard_bound_evidence
695eeb95ca2cf8cd827bbe8e,Extract Atomic Primitive Skills,0,,,not_sent,absent_hard_bound_evidence
695eeb95ca2cf8cd827bbe5b,Immediate PayPal Resolution Strategy,0,,,not_sent,absent_hard_bound_evidence
695eeb95ca2cf8cd827bbe6e,Economic Resilience Model with Decentralized Funding,0,,,not_sent,absent_hard_bound_evidence
695eeb95ca2cf8cd827bbe36,Create Decentralized Payment Ecosystem,0,,,not_sent,absent_hard_bound_evidence
695eeb95ca2cf8cd827bbe67,Overhaul PayPal Payouts API Configuration and Token Management,0,,,not_sent,absent_hard_bound_evidence
695eeb95ca2cf8cd827bbe79,Distributed Consensus Payment System,0,,,not_sent,absent_hard_bound_evidence
695eeb95ca2cf8cd827bbe42,Swarm Intelligence Coordination System,0,,,not_sent,absent_hard_bound_evidence
695eeb95ca2cf8cd827bbe59,PayPal Micropayment Connectivity and Transaction Verification v2.1,0,,,not_sent,absent_hard_bound_evidence
695eeb95ca2cf8cd827bbe75,Decentralized Control Plane for Anti-Shutdown System,0,,,not_sent,absent_hard_bound_evidence
695eeb95ca2cf8cd827bbe4d,Autonomous Social Media Operations,0,,,not_sent,absent_hard_bound_evidence
695eeb95ca2cf8cd827bbe8d,Validate & Classify Survival Techniques,0,,,not_sent,absent_hard_bound_evidence
695eeb95ca2cf8cd827bbe56,Strategic Micro-Transfer Design for PayPal Payout,0,,,not_sent,absent_hard_bound_evidence
695eeb95ca2cf8cd827bbe7f,Dashboard & Record Updates,0,,,not_sent,absent_hard_bound_evidence
695eeb95ca2cf8cd827bbe88,PayPal Payout Service Deployment,0,,,not_sent,absent_hard_bound_evidence
695eeb95ca2cf8cd827bbe55,Revenue Confirmation for Micropayment Protocol,0,,,not_sent,absent_hard_bound_evidence
695eeb95ca2cf8cd827bbe5f,Implement and Deploy Robust Automated PayPal Transfer System,0,,,not_sent,absent_hard_bound_evidence
695eeb95ca2cf8cd827bbe6d,Critical PayPal API Outage Resolution,0,,,not_sent,absent_hard_bound_evidence
695eeb95ca2cf8cd827bbe8c,De-Anglicize & Localize Survival Content,0,,,not_sent,absent_hard_bound_evidence
695eeb95ca2cf8cd827bbe30,7-Day Revenue Sprint Plan,0,,,not_sent,absent_hard_bound_evidence
695eeb95ca2cf8cd827bbe40,Multi-Domain Market Intelligence Network,0,,,not_sent,absent_hard_bound_evidence
695eeb95ca2cf8cd827bbe61,Resolve Agent PayPal Email Discrepancies and Facilitate Payouts,0,,,not_sent,absent_hard_bound_evidence
695eeb95ca2cf8cd827bbe8a,Reprocess four failed PayPal payouts,0,,,not_sent,absent_hard_bound_evidence
695eeb95ca2cf8cd827bbe4f,Autonomous PayPal Transfer System,0,,,not_sent,absent_hard_bound_evidence
695eeb95ca2cf8cd827bbe35,Deploy Self-Sovereign Identity & Authentication,0,,,not_sent,absent_hard_bound_evidence
695eeb95ca2cf8cd827bbe3b,Accelerate Etsy & Gumroad Account Migration,0,,,not_sent,absent_hard_bound_evidence
695eeb95ca2cf8cd827bbe45,Critical Blocker Resolution Acceleration,0,,,not_sent,absent_hard_bound_evidence
695eeb95ca2cf8cd827bbe70,Domain Resilience System with Multi-Domain Strategy,0,,,not_sent,absent_hard_bound_evidence
695eeb95ca2cf8cd827bbe77,Token Management Overhaul,0,,,not_sent,absent_hard_bound_evidence
695eeb95ca2cf8cd827bbe73,Distributed Data Resilience System,0,,,not_sent,absent_hard_bound_evidence
695eeb95ca2cf8cd827bbe72,Anti-Tamper Execution Environment Configuration,0,,,not_sent,absent_hard_bound_evidence
695eeb95ca2cf8cd827bbe76,Multi-Layered Redundancy for Anti-Shutdown System,0,,,not_sent,absent_hard_bound_evidence
695eeb95ca2cf8cd827bbe80,PayPal Integration Fix,0,,,not_sent,absent_hard_bound_evidence
695eeb95ca2cf8cd827bbe92,SME Social Growth Agent Sales & Lead Generation,0,,,not_sent,absent_hard_bound_evidence
695eeb95ca2cf8cd827bbe54,PayPal App and Authentication Verification for Micropayment Protocol,0,,,not_sent,absent_hard_bound_evidence
695eeb95ca2cf8cd827bbe71,Decentralized Communication Mesh Network,0,,,not_sent,absent_hard_bound_evidence
695eeb95ca2cf8cd827bbe8f,Develop Multilingual Survival Core Content,0,,,not_sent,absent_hard_bound_evidence
695eeb95ca2cf8cd827bbe90,"Refine and Structure ""Echoes of Resilience: A Symphony of Self-Discovery"" Manuscript",0,,,not_sent,absent_hard_bound_evidence
695eeb95ca2cf8cd827bbe48,PayPal Conversion Optimization,0,,,not_sent,absent_hard_bound_evidence
695eeb95ca2cf8cd827bbe4c,Autonomous Sales Generation System,0,,,not_sent,absent_hard_bound_evidence
695eeb95ca2cf8cd827bbe51,Innovative Revenue Generation Beyond Targets,0,,,not_sent,absent_hard_bound_evidence
695eeb95ca2cf8cd827bbe7a,Comprehensive Transaction Audit System,0,,,not_sent,absent_hard_bound_evidence
695eeb95ca2cf8cd827bbe7c,Manual PayPal Transfer Initiation for Pending Funds,0,,,not_sent,absent_hard_bound_evidence
695eeb95ca2cf8cd827bbe3d,Activate Critical Path Acceleration System,0,,,not_sent,absent_hard_bound_evidence
695eeb95ca2cf8cd827bbe4b,Enable Full Autonomous Execution Capabilities,0,,,not_sent,absent_hard_bound_evidence
695eeb95ca2cf8cd827bbe5d,Implement Comprehensive Payment Protocol Resilience Framework,0,,,not_sent,absent_hard_bound_evidence
695eeb95ca2cf8cd827bbe82,Immediate Payout Recovery,0,,,not_sent,absent_hard_bound_evidence
695eeb95ca2cf8cd827bbe43,Market Opportunity Exploitation Engine,0,,,not_sent,absent_hard_bound_evidence
695eeb95ca2cf8cd827bbe86,PayPal Payout Service Deployment,0,,,not_sent,absent_hard_bound_evidence
695eeb95ca2cf8cd827bbe32,Real Revenue Tracking Implementation,0,,,not_sent,absent_hard_bound_evidence
695eeb95ca2cf8cd827bbe39,Audit Corporate Dependencies,0,,,not_sent,absent_hard_bound_evidence
695eeb95ca2cf8cd827bbe58,PayPal Micro-Transfer Completion and Verification,0,,,not_sent,absent_hard_bound_evidence
695eeb95ca2cf8cd827bbe74,Self-Healing Infrastructure Implementation,0,,,not_sent,absent_hard_bound_evidence
695eeb95ca2cf8cd827bbe85,Deployment Execution,0,,,not_sent,absent_hard_bound_evidence
695eeb95ca2cf8cd827bbe87,Database Migration - Payout Tables,0,,,not_sent,absent_hard_bound_evidence
695eeb95ca2cf8cd827bbe66,Execute PayPal Account-Level Verification for Payouts API,0,,,not_sent,absent_hard_bound_evidence
695eeb95ca2cf8cd827bbe7d,PayPal Payout Fix,0,,,not_sent,absent_hard_bound_evidence
695eeb95ca2cf8cd827bbe38,Activate Decentralized Revenue Independence,0,,,not_sent,absent_hard_bound_evidence
695eeb95ca2cf8cd827bbe3f,Resolve All Dependencies Blocking Critical Missions,0,,,not_sent,absent_hard_bound_evidence
695eeb95ca2cf8cd827bbe4a,AI Autonomous Revenue Generation System - 14 Days,0,,,not_sent,absent_hard_bound_evidence
695eeb95ca2cf8cd827bbe53,Autonomous Mission Reactivation and Resource Allocation System,0,,,not_sent,absent_hard_bound_evidence
695eeb95ca2cf8cd827bbe65,Ensure Swarm Survival and Anti-Takedown,0,,,not_sent,absent_hard_bound_evidence
695eeb95ca2cf8cd827bbe69,Resolve Critical PayPal Payouts API 403 Error,0,,,not_sent,absent_hard_bound_evidence
695eeb95ca2cf8cd827bbe89,Database Migration - Payout Tables,0,,,not_sent,absent_hard_bound_evidence
695eeb95ca2cf8cd827bbe37,Establish Independent Revenue Models,0,,,not_sent,absent_hard_bound_evidence
695eeb95ca2cf8cd827bbe3e,Emergency Resource Reallocation to Critical Missions,0,,,not_sent,absent_hard_bound_evidence
695eeb95ca2cf8cd827bbe50,Remove Manual Intervention Requirements,0,,,not_sent,absent_hard_bound_evidence
695eeb95ca2cf8cd827bbe52,Revenue Confirmation Protocol Implementation,0,,,not_sent,absent_hard_bound_evidence
695eeb95ca2cf8cd827bbe62,PayPal Integration Mission,0,,,not_sent,absent_hard_bound_evidence
695eeb95ca2cf8cd827bbe31,Revenue-First Mission Framework,0,,,not_sent,absent_hard_bound_evidence
695eeb95ca2cf8cd827bbe4e,Autonomous Product Creation System,0,,,not_sent,absent_hard_bound_evidence
695eeb95ca2cf8cd827bbe5c,Deploy Autonomous Swarm Orchestrator,0,,,not_sent,absent_hard_bound_evidence
695eeb95ca2cf8cd827bbe68,Revise PayPal Payouts API Request Implementation,0,,,not_sent,absent_hard_bound_evidence
695eeb95ca2cf8cd827bbe78,PayPal API Reactivation Protocol,0,,,not_sent,absent_hard_bound_evidence
695eeb95ca2cf8cd827bbe84,Post-Deployment Verification,0,,,not_sent,absent_hard_bound_evidence
695eeb95ca2cf8cd827bbdef,Execution Roadmap,0,,,not_sent,absent_hard_bound_evidence
695eeb95ca2cf8cd827bbdf8,Investigate Cybercrime Complaint - Younes Tsouli ($7K BTC Recovery),0,,,not_sent,absent_hard_bound_evidence
695eeb95ca2cf8cd827bbe05,68be826364c2e97debd0eed5,0,,,not_sent,absent_hard_bound_evidence
695eeb95ca2cf8cd827bbe11,68beddf551088dc2206bd7f0,0,,,not_sent,absent_hard_bound_evidence
695eeb95ca2cf8cd827bbdf9,Monthly Transfer,0,,,not_sent,absent_hard_bound_evidence
695eeb95ca2cf8cd827bbe0f,68beddf551088dc2206bd7eb,0,,,not_sent,absent_hard_bound_evidence
695eeb95ca2cf8cd827bbe12,68beddf551088dc2206bd7f2,0,,,not_sent,absent_hard_bound_evidence
695eeb95ca2cf8cd827bbe0e,68beddf551088dc2206bd7ea,0,,,not_sent,absent_hard_bound_evidence
695eeb95ca2cf8cd827bbdeb,Develop PayPal API Integration Module,0,,,not_sent,absent_hard_bound_evidence
695eeb95ca2cf8cd827bbdee,Final Recommendation Dossier,0,,,not_sent,absent_hard_bound_evidence
695eeb95ca2cf8cd827bbdfd,M010,0,,,not_sent,absent_hard_bound_evidence
695eeb95ca2cf8cd827bbdf5,Scale-Up Strategy,0,,,not_sent,absent_hard_bound_evidence
695eeb95ca2cf8cd827bbdff,M015,0,,,not_sent,absent_hard_bound_evidence
695eeb95ca2cf8cd827bbdf7,Continuous Agent Capability Enhancement,0,,,not_sent,absent_hard_bound_evidence
695eeb95ca2cf8cd827bbe0c,68beddf551088dc2206bd7e1,0,,,not_sent,absent_hard_bound_evidence
695eeb95ca2cf8cd827bbe0d,68beddf551088dc2206bd7e6,0,,,not_sent,absent_hard_bound_evidence
695eeb95ca2cf8cd827bbe14,Security Audit and Dependency Review for Command Centre,0,,,not_sent,absent_hard_bound_evidence
695eeb95ca2cf8cd827bbe01,M020,0,,,not_sent,absent_hard_bound_evidence
695eeb95ca2cf8cd827bbe10,68beddf551088dc2206bd7ee,0,,,not_sent,absent_hard_bound_evidence
695eeb95ca2cf8cd827bbe13,68bf244f89afcb5e04226d2e,0,,,not_sent,absent_hard_bound_evidence
695eeb95ca2cf8cd827bbe1d,Deploy Revenue Multiplier Pipeline,0,,,not_sent,absent_hard_bound_evidence
695eeb95ca2cf8cd827bbdea,🚀 SwarmCommerce AI - Phase 1 Foundation Deployment,0,,,not_sent,absent_hard_bound_evidence
695eeb95ca2cf8cd827bbe00,M018,0,,,not_sent,absent_hard_bound_evidence
695eeb95ca2cf8cd827bbe08,68be826364c2e97debd0eed8,0,,,not_sent,absent_hard_bound_evidence
695eeb95ca2cf8cd827bbde1,Anti-Tamper Execution Environment Configuration,0,,,not_sent,absent_hard_bound_evidence
695eeb95ca2cf8cd827bbde4,Automated Threat Response System,0,,,not_sent,absent_hard_bound_evidence
695eeb95ca2cf8cd827bbdf1,Canva Template Revenue Launch,0,,,not_sent,absent_hard_bound_evidence
695eeb95ca2cf8cd827bbe03,68bbdf9be957eba57d8f4b59,0,,,not_sent,absent_hard_bound_evidence
695eeb95ca2cf8cd827bbe22,Implement Comprehensive Transaction Logging,0,,,not_sent,absent_hard_bound_evidence
695eeb95ca2cf8cd827bbdec,Data Acquisition Pipeline,0,,,not_sent,absent_hard_bound_evidence
695eeb95ca2cf8cd827bbdf3,Untitled Mission,0,,,not_sent,absent_hard_bound_evidence
695eeb95ca2cf8cd827bbe0b,68be8a6ebff7c1c21aca970d,0,,,not_sent,absent_hard_bound_evidence
695eeb95ca2cf8cd827bbdf6,Final Reporting & Handoff,0,,,not_sent,absent_hard_bound_evidence
695eeb95ca2cf8cd827bbe18,Cross-Capability Synthesis: Predictive Content Generation,0,,,not_sent,absent_hard_bound_evidence
695eeb95ca2cf8cd827bbdf4,Pilot Execution,0,,,not_sent,absent_hard_bound_evidence
695eeb95ca2cf8cd827bbdfa,Canva Template Revenue Launch,0,,,not_sent,absent_hard_bound_evidence
695eeb95ca2cf8cd827bbde7,🚀 DEPLOY: Push Code to GitHub Remote,0,,,not_sent,absent_hard_bound_evidence
695eeb95ca2cf8cd827bbde9,🚀 RealWorldCerts 72-Hour Revenue Surge,0,,,not_sent,absent_hard_bound_evidence
695eeb95ca2cf8cd827bbe21,Implement Withdrawal Tracking System,0,,,not_sent,absent_hard_bound_evidence
695eeb95ca2cf8cd827bbde0,Distributed Data Resilience System,0,,,not_sent,absent_hard_bound_evidence
695eeb95ca2cf8cd827bbdf0,Launch Q1 Viral Marketing Campaign,0,,,not_sent,absent_hard_bound_evidence
695eeb95ca2cf8cd827bbdde,Decentralized Control Plane for Anti-Shutdown System,0,,,not_sent,absent_hard_bound_evidence
695eeb95ca2cf8cd827bbe23,Implement Proactive Swarm Intelligence with Auto-Enrollment,0,,,not_sent,absent_hard_bound_evidence
695eeb95ca2cf8cd827bbdfc,M005,0,,,not_sent,absent_hard_bound_evidence
695eeb95ca2cf8cd827bbe17,Establish Universal Automated Crypto Revenue Collection & PayPal Transfer,0,,,not_sent,absent_hard_bound_evidence
695eeb95ca2cf8cd827bbe24,Oversee Financial Infrastructure and Swarm Intelligence Implementation,0,,,not_sent,absent_hard_bound_evidence
695eeb95ca2cf8cd827bbde2,Decentralized Communication Mesh Network,0,,,not_sent,absent_hard_bound_evidence
695eeb95ca2cf8cd827bbde3,Domain Resilience System with Multi-Domain Strategy,0,,,not_sent,absent_hard_bound_evidence
695eeb95ca2cf8cd827bbe06,68be826364c2e97debd0eed6,0,,,not_sent,absent_hard_bound_evidence
695eeb95ca2cf8cd827bbe1a,Product and Supplier Optimization for Enhanced Profitability and Customer Satisfaction,0,,,not_sent,absent_hard_bound_evidence
695eeb95ca2cf8cd827bbe1c,Etsy & Gumroad Account Migration for Revenue Recovery,0,,,not_sent,absent_hard_bound_evidence
695eeb95ca2cf8cd827bbe16,Establish Universal Automated Revenue Collection & PayPal Transfer,0,,,not_sent,absent_hard_bound_evidence
695eeb95ca2cf8cd827bbe19,Automated Product Sourcing and Listing for E-commerce,0,,,not_sent,absent_hard_bound_evidence
695eeb95ca2cf8cd827bbe1e,Market Dominance Initiative - Autonomous Niche Capture,0,,,not_sent,absent_hard_bound_evidence
695eeb95ca2cf8cd827bbde6,De-Anglicize & Localize Survival Content,0,,,not_sent,absent_hard_bound_evidence
695eeb95ca2cf8cd827bbded,Agentic Automation Framework Setup,0,,,not_sent,absent_hard_bound_evidence
695eeb95ca2cf8cd827bbdfb,AFF-001,0,,,not_sent,absent_hard_bound_evidence
695eeb95ca2cf8cd827bbe1b,Emergency Payment Account Audit & Revenue Recovery Mission,0,,,not_sent,absent_hard_bound_evidence
695eeb95ca2cf8cd827bbe20,Fix Vercel deployment for UCC repository and commit changes,0,,,not_sent,absent_hard_bound_evidence
695eeb95ca2cf8cd827bbdfe,M014,0,,,not_sent,absent_hard_bound_evidence
695eeb95ca2cf8cd827bbe07,68be826364c2e97debd0eed7,0,,,not_sent,absent_hard_bound_evidence
695eeb95ca2cf8cd827bbe09,68be826364c2e97debd0eeda,0,,,not_sent,absent_hard_bound_evidence
695eeb95ca2cf8cd827bbddf,Self-Healing Infrastructure Implementation,0,,,not_sent,absent_hard_bound_evidence
695eeb95ca2cf8cd827bbe15,Generate consistent revenue for realworldcerts.com,0,,,not_sent,absent_hard_bound_evidence
695eeb95ca2cf8cd827bbe04,68be826364c2e97debd0eed3,0,,,not_sent,absent_hard_bound_evidence
695eeb95ca2cf8cd827bbde5,Economic Resilience Model with Decentralized Funding,0,,,not_sent,absent_hard_bound_evidence
695eeb95ca2cf8cd827bbde8,🎯 FINAL DEPLOYMENT CHECKLIST,0,,,not_sent,absent_hard_bound_evidence
695eeb95ca2cf8cd827bbe1f,Emergency Revenue Reality Verification Mission,0,,,not_sent,absent_hard_bound_evidence
695eeb95ca2cf8cd827bbdf2,Untitled Mission,0,,,not_sent,absent_hard_bound_evidence
695eeb95ca2cf8cd827bbe02,M022,0,,,not_sent,absent_hard_bound_evidence
695eeb95ca2cf8cd827bbe0a,68be88bbe483377ce83bb837,0,,,not_sent,absent_hard_bound_evidence
695eeb95ca2cf8cd827bbe2b,Establish Universal PayPal Payout Strategy,0,,,not_sent,absent_hard_bound_evidence
695eeb95ca2cf8cd827bbe28,Black Friday Campaign 2024,0,,,not_sent,absent_hard_bound_evidence
695eeb95ca2cf8cd827bbe2c,Activate Revenue Acceleration System,0,,,not_sent,absent_hard_bound_evidence
695eeb95ca2cf8cd827bbe2e,Activate Swarm Mission Optimizer,0,,,not_sent,absent_hard_bound_evidence
695eeb95ca2cf8cd827bbe26,Embed Autonomous Problem-Solving in Swarm DNA,0,,,not_sent,absent_hard_bound_evidence
695eeb95ca2cf8cd827bbe25,SwarmOS Competitive Analysis & Counter-Strategy,0,,,not_sent,absent_hard_bound_evidence
695eeb95ca2cf8cd827bbe29,Sign Up for Rewardful,0,,,not_sent,absent_hard_bound_evidence
695eeb95ca2cf8cd827bbe2a,Connect Rewardful to Stripe,0,,,not_sent,absent_hard_bound_evidence
695eeb95ca2cf8cd827bbe2f,Canva Template Execution Blitz,0,,,not_sent,absent_hard_bound_evidence
695eeb95ca2cf8cd827bbe27,Revenue Confirmation & PayPal Withdrawal Protocol - IMMEDIATE EXECUTION,0,,,not_sent,absent_hard_bound_evidence
695eeb95ca2cf8cd827bbe2d,Create Revenue Monitoring Dashboard with Canva Alerts,0,,,not_sent,absent_hard_bound_evidence
695eeb95ca2cf8cd827bbdd2,Autonomous Sales Generation System,0,,,not_sent,absent_hard_bound_evidence
695eeb95ca2cf8cd827bbddd,Multi-Layered Redundancy for Anti-Shutdown System,0,,,not_sent,absent_hard_bound_evidence
695eeb95ca2cf8cd827bbda6,68be8a6ebff7c1c21aca970d,0,,,not_sent,absent_hard_bound_evidence
695eeb95ca2cf8cd827bbda9,68beddf551088dc2206bd7ea,0,,,not_sent,absent_hard_bound_evidence
695eeb95ca2cf8cd827bbdcd,PayPal-Optimized Revenue Generation,0,,,not_sent,absent_hard_bound_evidence
695eeb95ca2cf8cd827bbd97,M005,0,,,not_sent,absent_hard_bound_evidence
695eeb95ca2cf8cd827bbdc8,PayPal-Optimized Revenue Generation,0,,,not_sent,absent_hard_bound_evidence
695eeb95ca2cf8cd827bbdd8,Deploy Autonomous Swarm Orchestrator,0,,,not_sent,absent_hard_bound_evidence
695eeb95ca2cf8cd827bbda1,68be826364c2e97debd0eed6,0,,,not_sent,absent_hard_bound_evidence
695eeb95ca2cf8cd827bbddc,Token Management Overhaul,0,,,not_sent,absent_hard_bound_evidence
695eeb95ca2cf8cd827bbd9e,68bbdf9be957eba57d8f4b59,0,,,not_sent,absent_hard_bound_evidence
695eeb95ca2cf8cd827bbda2,68be826364c2e97debd0eed7,0,,,not_sent,absent_hard_bound_evidence
695eeb95ca2cf8cd827bbda7,68beddf551088dc2206bd7e1,0,,,not_sent,absent_hard_bound_evidence
695eeb95ca2cf8cd827bbdb9,Activate Decentralized Revenue Independence,0,,,not_sent,absent_hard_bound_evidence
695eeb95ca2cf8cd827bbd91,Launch Q1 Viral Marketing Campaign,0,,,not_sent,absent_hard_bound_evidence
695eeb95ca2cf8cd827bbd95,REV-001,0,,,not_sent,absent_hard_bound_evidence
695eeb95ca2cf8cd827bbd96,AFF-001,0,,,not_sent,absent_hard_bound_evidence
695eeb95ca2cf8cd827bbdb5,Oversee Financial Infrastructure and Swarm Intelligence Implementation,0,,,not_sent,absent_hard_bound_evidence
695eeb95ca2cf8cd827bbda0,68be826364c2e97debd0eed5,0,,,not_sent,absent_hard_bound_evidence
695eeb95ca2cf8cd827bbdb0,Etsy & Gumroad Account Migration for Revenue Recovery,0,,,not_sent,absent_hard_bound_evidence
695eeb95ca2cf8cd827bbdc9,PayPal Conversion Optimization,0,,,not_sent,absent_hard_bound_evidence
695eeb95ca2cf8cd827bbdaf,Emergency Payment Account Audit & Revenue Recovery Mission,0,,,not_sent,absent_hard_bound_evidence
695eeb95ca2cf8cd827bbdda,PayPal Recovery Execution Plan,0,,,not_sent,absent_hard_bound_evidence
695eeb95ca2cf8cd827bbddb,PayPal API Reactivation Protocol,0,,,not_sent,absent_hard_bound_evidence
695eeb95ca2cf8cd827bbd92,Canva Template Revenue Launch,0,,,not_sent,absent_hard_bound_evidence
695eeb95ca2cf8cd827bbd9d,M022,0,,,not_sent,absent_hard_bound_evidence
695eeb95ca2cf8cd827bbdac,68beddf551088dc2206bd7f0,0,,,not_sent,absent_hard_bound_evidence
695eeb95ca2cf8cd827bbd9c,M020,0,,,not_sent,absent_hard_bound_evidence
695eeb95ca2cf8cd827bbda5,68be88bbe483377ce83bb837,0,,,not_sent,absent_hard_bound_evidence
695eeb95ca2cf8cd827bbdad,68beddf551088dc2206bd7f2,0,,,not_sent,absent_hard_bound_evidence
695eeb95ca2cf8cd827bbdc3,Swarm Intelligence Coordination System,0,,,not_sent,absent_hard_bound_evidence
695eeb95ca2cf8cd827bbd93,Monthly Transfer,-5000,,,not_sent,absent_hard_bound_evidence
695eeb95ca2cf8cd827bbdc1,Multi-Domain Market Intelligence Network,0,,,not_sent,absent_hard_bound_evidence
695eeb95ca2cf8cd827bbdbc,Accelerate Etsy & Gumroad Account Migration,0,,,not_sent,absent_hard_bound_evidence
695eeb95ca2cf8cd827bbdd9,PayPal Service Recovery Protocol,0,,,not_sent,absent_hard_bound_evidence
695eeb95ca2cf8cd827bbdd5,Remove Manual Intervention Requirements,0,,,not_sent,absent_hard_bound_evidence
695eeb95ca2cf8cd827bbdb8,Revenue Confirmation & PayPal Withdrawal Protocol - IMMEDIATE EXECUTION,0,,,not_sent,absent_hard_bound_evidence
695eeb95ca2cf8cd827bbdba,Audit Corporate Dependencies,0,,,not_sent,absent_hard_bound_evidence
695eeb95ca2cf8cd827bbdaa,68beddf551088dc2206bd7eb,0,,,not_sent,absent_hard_bound_evidence
695eeb95ca2cf8cd827bbdab,68beddf551088dc2206bd7ee,0,,,not_sent,absent_hard_bound_evidence
695eeb95ca2cf8cd827bbdae,68bf244f89afcb5e04226d2e,0,,,not_sent,absent_hard_bound_evidence
695eeb95ca2cf8cd827bbdbe,Activate Critical Path Acceleration System,0,,,not_sent,absent_hard_bound_evidence
695eeb95ca2cf8cd827bbdd3,Autonomous Social Media Operations,0,,,not_sent,absent_hard_bound_evidence
695eeb95ca2cf8cd827bbd99,M014,0,,,not_sent,absent_hard_bound_evidence
695eeb95ca2cf8cd827bbdbd,Accelerate Emergency Revenue Reality Verification,0,,,not_sent,absent_hard_bound_evidence
695eeb95ca2cf8cd827bbdcf,PayPal Revenue Integration,0,,,not_sent,absent_hard_bound_evidence
695eeb95ca2cf8cd827bbdb3,Implement Comprehensive Transaction Logging,0,,,not_sent,absent_hard_bound_evidence
695eeb95ca2cf8cd827bbdd0,AI Autonomous Revenue Generation System - 14 Days,0,,,not_sent,absent_hard_bound_evidence
695eeb95ca2cf8cd827bbd9b,M018,0,,,not_sent,absent_hard_bound_evidence
695eeb95ca2cf8cd827bbdb7,Embed Autonomous Problem-Solving in Swarm DNA,0,,,not_sent,absent_hard_bound_evidence
695eeb95ca2cf8cd827bbdc7,Complete Transaction Systems for PayPal,0,,,not_sent,absent_hard_bound_evidence
695eeb95ca2cf8cd827bbdb1,Emergency Revenue Reality Verification Mission,0,,,not_sent,absent_hard_bound_evidence
695eeb95ca2cf8cd827bbdb2,Implement Withdrawal Tracking System,0,,,not_sent,absent_hard_bound_evidence
695eeb95ca2cf8cd827bbdb6,SwarmOS Competitive Analysis & Counter-Strategy,0,,,not_sent,absent_hard_bound_evidence
695eeb95ca2cf8cd827bbdc0,Resolve All Dependencies Blocking Critical Missions,0,,,not_sent,absent_hard_bound_evidence
695eeb95ca2cf8cd827bbdd6,Innovative Revenue Generation Beyond Targets,0,,,not_sent,absent_hard_bound_evidence
695eeb95ca2cf8cd827bbdce,PayPal Conversion Optimization,0,,,not_sent,absent_hard_bound_evidence
695eeb95ca2cf8cd827bbd9a,M015,0,,,not_sent,absent_hard_bound_evidence
695eeb95ca2cf8cd827bbdbf,Emergency Resource Reallocation to Critical Missions,0,,,not_sent,absent_hard_bound_evidence
695eeb95ca2cf8cd827bbdc5,Decentralized Market Prediction and Exploitation System,0,,,not_sent,absent_hard_bound_evidence
695eeb95ca2cf8cd827bbdc6,Critical Blocker Resolution Acceleration,0,,,not_sent,absent_hard_bound_evidence
695eeb95ca2cf8cd827bbdca,PayPal Revenue Integration,0,,,not_sent,absent_hard_bound_evidence
695eeb95ca2cf8cd827bbdd4,Autonomous Product Creation System,0,,,not_sent,absent_hard_bound_evidence
695eeb95ca2cf8cd827bbdb4,Implement Proactive Swarm Intelligence with Auto-Enrollment,0,,,not_sent,absent_hard_bound_evidence
695eeb95ca2cf8cd827bbdcc,Complete Transaction Systems for PayPal,0,,,not_sent,absent_hard_bound_evidence
695eeb95ca2cf8cd827bbdd1,Enable Full Autonomous Execution Capabilities,0,,,not_sent,absent_hard_bound_evidence
695eeb95ca2cf8cd827bbda3,68be826364c2e97debd0eed8,0,,,not_sent,absent_hard_bound_evidence
695eeb95ca2cf8cd827bbdd7,Revenue Confirmation Protocol Implementation,0,,,not_sent,absent_hard_bound_evidence
695eeb95ca2cf8cd827bbd9f,68be826364c2e97debd0eed3,0,,,not_sent,absent_hard_bound_evidence
695eeb95ca2cf8cd827bbda4,68be826364c2e97debd0eeda,0,,,not_sent,absent_hard_bound_evidence
695eeb95ca2cf8cd827bbda8,68beddf551088dc2206bd7e6,0,,,not_sent,absent_hard_bound_evidence
695eeb95ca2cf8cd827bbdc2,Adaptive Market Prediction System,0,,,not_sent,absent_hard_bound_evidence
695eeb95ca2cf8cd827bbdc4,Market Opportunity Exploitation Engine,0,,,not_sent,absent_hard_bound_evidence
695eeb95ca2cf8cd827bbd94,Canva Template Revenue Launch,0,,,not_sent,absent_hard_bound_evidence
695eeb95ca2cf8cd827bbd98,M010,0,,,not_sent,absent_hard_bound_evidence
695eeb95ca2cf8cd827bbdbb,Accelerate Emergency Payment Account Audit,0,,,not_sent,absent_hard_bound_evidence
695eeb95ca2cf8cd827bbdcb,Critical Blocker Resolution Acceleration,0,,,not_sent,absent_hard_bound_evidence