Question,Question Type,Answer Option 1,Explanation 1,Answer Option 2,Explanation 2,Answer Option 3,Explanation 3,Answer Option 4,Explanation 4,Answer Option 5,Explanation 5,Answer Option 6,Explanation 6,Correct Answers,Overall Explanation,Domain
"A competent person inspects a 12-foot deep trench with Type C soil that is protected by a trench shield. The shield extends 1 foot above the trench top. The competent person notes water seeping from the trench wall base. What is the immediate, priority action required?",multiple-choice,"Order workers to continue, but monitor the water level.",Incorrect: Any sign of water accumulation or soil instability requires immediate removal of workers per 1926.651(h)(1).,Immediately remove all workers from the trench.,Correct: The presence of water is a sign of possible collapse. 1926.651(h)(1) requires workers to be removed until precautions are taken.,"Add a second, larger trench shield.","Incorrect: While potentially part of a solution, the immediate priority is worker safety, not modifying the protective system with workers inside.",Start a dewatering pump while work continues.,"Incorrect: Dewatering is necessary, but work cannot resume until the competent person re-inspects and deems it safe per 1926.651(k)(2).",,,,,2,"Under 29 CFR 1926.651(h)(1), where water is present in an excavation, workers must be removed until the hazard is controlled. The competent person's first duty is to protect employees from cave-in hazards.",Excavation & Trenching
Which TWO of the following scenarios require a 'qualified person' instead of a 'competent person' according to OSHA construction standards?,multi-select,Designing a personal fall arrest system (PFAS) anchorage point.,Correct: 1926.502(d)(15) requires anchorage points be designed and installed under the supervision of a qualified person.,Inspecting a scaffold before each work shift.,"Incorrect: This is a primary duty of a competent person, as defined in 1926.451(f)(3).",Classifying the soil type in an excavation.,Incorrect: Soil classification is a key responsibility of a competent person per 1926.652(a)(1).,Designing the shoring system for a 22-foot deep trench in Type C soil.,"Correct: The design of protective systems for trenches deeper than 20 feet must be done by a registered professional engineer, a type of qualified person, per 1926.652(c)(4).",,,,,"1,4","A 'competent person' can identify hazards and has authority to correct them. A 'qualified person' has a recognized degree, certificate, or professional standing with the knowledge to solve problems related to the subject matter, such as designing complex safety systems like PFAS anchorages (1926.502) or deep trench protective systems (1926.652).",Fall Protection
"A crane is operating near a 150kV power line. According to 29 CFR 1926.1408 Table A, what is the absolute minimum safe clearance distance that must be maintained between any part of the crane/load and the power line?",multiple-choice,10 feet,"Incorrect: 10 feet is the minimum clearance for lines up to 50kV, not 150kV.",15 feet,"Incorrect: This distance is for lines between 50kV and 200kV under specific, older standards, but Table A is more precise.",20 feet,Correct: 29 CFR 1926.1408 Table A mandates a 20-foot minimum clearance for voltages from over 50kV to 200kV.,25 feet,Incorrect: 25 feet is the required clearance for voltages over 200kV up to 350kV.,,,,,3,"OSHA's standard for cranes and derricks, 29 CFR 1926.1408 Table A, provides specific minimum clearance distances based on the voltage of the overhead power line. For voltages over 50kV up to 200kV, the required clearance is 20 feet to prevent arcing and electrocution.",Electrocution
A worker is dry-cutting concrete with a masonry saw for 6 hours. No engineering controls are used. This task is not listed on OSHA's Silica Table 1. What must the employer do FIRST to assess the hazard?,multiple-choice,Provide all workers with N95 respirators immediately.,"Incorrect: PPE is the last resort. The first step is to assess the exposure level, not just provide PPE, per 1926.1153(d)(1).",Conduct an initial exposure assessment to determine silica levels.,"Correct: For tasks not on Table 1, 1926.1153(d)(1) requires an employer to assess the 8-hour TWA exposure for each affected employee.",Implement a written exposure control plan.,"Incorrect: A written plan is required, but it must be based on the results of an exposure assessment first.",Rely on the manufacturer's safety data sheet (SDS) alone.,"Incorrect: The SDS identifies the hazard, but it does not quantify the specific exposure level for this task, which is required by OSHA.",,,,,2,"When a task involving silica is not covered by Table 1, the employer cannot assume compliance. Per 29 CFR 1926.1153(d), the employer must perform an exposure assessment to quantify the airborne concentration of silica. This data then dictates the necessary engineering controls and respiratory protection.",Health Hazards
A roofer is working on a low-slope roof (4:12 pitch) with a 75-foot-wide unprotected edge. The employer has set up a warning line system. At what minimum distance from the roof edge must the warning line be placed?,multiple-choice,6 feet,"Correct: For roofing work on low-slope roofs, 1926.502(f)(1)(i) requires the warning line to be erected not less than 6 feet from the roof edge.",10 feet,Incorrect: 10 feet is the required distance when mechanical equipment is being used between the warning line and the edge.,15 feet,"Incorrect: 15 feet is the distance from the edge where a safety monitoring system can be used alone, but a warning line has a different requirement.",2 feet,Incorrect: This distance is dangerously close and does not comply with the 6-foot minimum rule in 1926.502(f)(1)(i).,,,,,1,"OSHA standard 29 CFR 1926.502(f)(1)(i) specifies that when used for roofing work, warning lines shall be erected around all sides of the roof work area and be no closer than 6 feet from the edge. This creates a buffer zone to warn workers they are approaching a fall hazard.",Fall Protection
"During a trenching operation in Type B soil, a vertical-sided excavation is 8 feet deep. Which TWO of the following are OSHA-compliant protective systems?",multi-select,Sloping the walls at a 1:1 angle (45 degrees).,"Correct: According to 1926 Subpart P Appendix B, the maximum allowable slope for an excavation in Type B soil is 1H:1V (45 degrees).",Using a trench box (shield) that extends from the floor to the top of the trench.,"Correct: A shield system is a valid protective method, provided it is used according to manufacturer specifications and protects the full depth of the trench per 1926.652(g).",Benching the sides with a single 4-foot vertical rise.,Incorrect: Benching is not permitted in Type B soil for this configuration; simple sloping or shielding is required. 1926 Subpart P Appendix B prohibits steep benching in Type B.,Having a competent person continuously watch the trench walls for signs of failure.,"Incorrect: Observation by a competent person is required but is not a substitute for an actual protective system (sloping, shoring, or shielding) per 1926.652(a)(1).",,,,,"1,2","OSHA 29 CFR 1926.652(a) requires protection against cave-ins. For an 8-foot trench in Type B soil, compliant options include sloping at a 1:1 ratio or using an engineered shield system. Benching is more restricted in Type B soil, and visual monitoring is a supplementary duty, not a primary protective system.",Excavation & Trenching
"A worker is using a powder-actuated tool to fasten a track to a concrete wall. The worker has not been trained on this specific tool but has used other models. The tool misfires, sending a fastener ricocheting. This incident is a direct violation of which specific requirement?",multiple-choice,The requirement to wear eye protection.,"Incorrect: While eye protection is required (1926.302(e)(1)), the root cause of the incident is the lack of training.",The requirement for tool-specific training by a qualified instructor.,Correct: 29 CFR 1926.302(e)(1) explicitly states that only trained and authorized operators shall use powder-actuated tools. This training is tool-specific.,The requirement to test the tool daily.,"Incorrect: Daily testing is required (1926.302(e)(2)), but the operator's lack of qualification is the primary violation leading to misuse.",The requirement to inspect the power load.,"Incorrect: While important, the core violation is that an untrained person was operating the tool in the first place.",,,,,2,"The primary violation is 29 CFR 1926.302(e)(1), which mandates that operators of powder-actuated tools must be trained and authorized for the specific tool they are using. This training covers operation, maintenance, and hazard recognition, which could have prevented the misfire or ricochet.",Struck-By Hazards
An employer provides an 'Assured Equipment Grounding Conductor Program' (AEGCP) on a construction site. Which TWO elements are mandatory for this program to be OSHA compliant?,multi-select,A written description of the program must be available on-site.,Correct: 1926.404(b)(1)(iii)(A) requires a written program to be kept at the jobsite.,All cord sets and equipment must be visually inspected daily for damage.,Correct: 1926.404(b)(1)(iii)(C) requires a daily visual inspection of equipment connected by cord and plug before use.,All receptacles must be GFCI-protected.,"Incorrect: An AEGCP is an alternative to using GFCIs for all receptacles. You can use one or the other, not necessarily both.",Only qualified electricians are allowed to plug in tools.,"Incorrect: While competent persons must implement the program, any trained worker can plug in tools that have passed inspection.",,,,,"1,2","An Assured Equipment Grounding Conductor Program (AEGCP) under 29 CFR 1926.404(b)(1)(iii) is an alternative to GFCIs. Its core requirements include having a written plan on-site, designating competent persons to implement it, and conducting both daily visual inspections and periodic documented equipment tests.",Electrocution
"A painter is working on a 24-foot extension ladder, which is placed on uneven, soft ground. The top of the ladder rests against a window frame. The base suddenly kicks out, causing a fall. What was the primary cause of the ladder failure, based on OSHA standards?",multiple-choice,The ladder was not set at the proper 4:1 angle.,"Incorrect: While the angle is critical, placing a ladder on an unstable surface is a more fundamental failure.",The ladder was not tied off at the top.,"Incorrect: Securing the ladder is important, but the unstable base is the root cause of the kick-out.",The ladder was placed on an unstable and unlevel surface.,"Correct: 29 CFR 1926.1053(b)(6) and (7) require ladders to be placed on a stable and level surface unless secured to prevent displacement. Soft, uneven ground is a direct violation.",The ladder did not extend 3 feet above the upper landing surface.,"Incorrect: The 3-foot extension rule (1926.1053(b)(1)) is for access, but the stability of the base is what prevents kick-out.",,,,,3,"The most critical OSHA requirement for preventing ladder kick-out is ensuring a stable foundation. 29 CFR 1926.1053(b)(6) states ladders shall be used only on stable and level surfaces. Placing the ladder on soft, uneven ground created an unstable condition that led directly to the base slipping.",Ladder & Scaffold Safety
A construction crew must enter a 15-foot deep manhole to perform repairs. The atmosphere has not been tested. The entry is considered a permit-required confined space. Which action represents the most critical failure in the hierarchy of controls?,multiple-choice,Failing to have a rescue team on standby.,Incorrect: Rescue is a tertiary control. The primary failure is not addressing the hazard at its source.,Failing to provide the entrant with a respirator.,"Incorrect: This is a failure to provide PPE, which is lower on the hierarchy than engineering and administrative controls.",Failing to first test and ventilate the atmosphere.,Correct: This represents a failure of engineering controls (ventilation) and hazard identification (testing). The highest priority is to eliminate or reduce the atmospheric hazard before entry.,Failing to complete the entry permit correctly.,"Incorrect: The permit is an administrative control. While a critical failure, failing to physically test and control the atmosphere is a more immediate life-threatening error.",,,,,3,"The hierarchy of controls prioritizes eliminating or reducing hazards over procedural or PPE-based solutions. For a permit-required confined space (1926 Subpart AA), the first and most critical step is to test the atmosphere (1926.1203(e)) and then apply engineering controls like ventilation to make it safe. Entering an untested space is a catastrophic failure at the top of the hierarchy.",Health Hazards
Workers are erecting a supported scaffold that will reach a height of 45 feet. At what height must the scaffold erection be supervised by a qualified person?,multiple-choice,"At 10 feet, when fall protection is first required.",Incorrect: Fall protection requirements are separate from the qualified person supervision rule for scaffold erection.,"At 25 feet, due to increased complexity.",Incorrect: This is an arbitrary height and not specified by OSHA for this purpose.,Any scaffold exceeding 125 feet in height.,"Incorrect: While scaffolds over 125 feet must be designed by a registered professional engineer, a qualified person must supervise all scaffold erection. This option misinterprets a related rule.",From the moment erection begins.,"Correct: 29 CFR 1926.451(f)(7) requires that scaffolds be erected, moved, dismantled, or altered only under the supervision and direction of a competent person qualified in scaffold erection.",,,,,4,"OSHA 29 CFR 1926.451(f)(7) is clear that the erection of all supported scaffolds, regardless of height, must be supervised by a competent person who is also a qualified person in this specific context (i.e., has the requisite knowledge and training for scaffolding).",Ladder & Scaffold Safety
An ironworker is connecting a beam at a height of 25 feet on a multi-story steel erection project. The building has a fully decked floor 15 feet below the work area. The worker is not using any personal fall protection. Is this compliant with OSHA Subpart R?,multiple-choice,"No, fall protection is always required above 15 feet in steel erection.",Incorrect: Subpart R has specific exceptions for connectors.,"Yes, because a fully decked floor is within 30 feet below.","Correct: For connectors, 1926.760(b)(1) allows them to work without PFAS if there is a floor or net within two stories or 30 feet, whichever is less, directly below them.","No, a control decking zone (CDZ) is required.","Incorrect: A CDZ is a specific option for leading-edge work, not for connecting beams in this scenario.","Yes, but only for a maximum of 15 minutes of exposure.","Incorrect: OSHA rules for steel erection connectors are based on distance to the lower level, not time duration.",,,,,2,"OSHA's steel erection standard, 29 CFR 1926.760(b)(1), provides a specific exception for workers engaged in connecting activities. They are required to be protected from falls of more than two stories or 30 feet. Since the decked floor is only 15 feet below, this scenario is compliant for a connector.",Fall Protection
A forklift (powered industrial truck) is being used to elevate a worker on a pallet to access a work area 12 feet high. This practice is a violation because:,multiple-choice,The forklift was not inspected before use.,"Incorrect: While a pre-use inspection is required, it is not the primary violation related to lifting personnel.","The pallet is not an approved, commercially manufactured work platform.",Correct: 29 CFR 1926.602(c)(1)(viii)(A) strictly prohibits lifting personnel with a forklift unless they are in a platform specifically designed for that purpose with standard guardrails. A simple pallet is not compliant.,The worker was not wearing a hard hat.,"Incorrect: A hard hat is likely required, but it does not address the severe fall hazard created by the improper lifting method.",The forklift operator was not certified.,"Incorrect: Operator certification is required, but the method of lifting is the core violation here, as even a certified operator cannot perform this prohibited lift.",,,,,2,Using a forklift to elevate personnel is a high-risk activity heavily regulated by OSHA. 29 CFR 1926.602(c)(1)(viii) and 1910.178(m)(12) mandate that personnel can only be lifted using a securely attached platform with guardrails designed for that purpose. A standard wooden or plastic pallet is never permissible.,Struck-By Hazards
"A worker using a jackhammer to break up a concrete floor is exposed to a noise level of 97 dBA for a 4-hour duration. According to OSHA's permissible exposure limits (PEL) and action levels, which TWO actions are required by the employer?",multi-select,Implement feasible engineering or administrative controls to reduce the noise.,"Correct: Per 1926.52(b), when exposures exceed the PEL, feasible administrative or engineering controls must be utilized. 97 dBA for 4 hours exceeds the PEL.",Provide and ensure the use of hearing protection.,"Correct: Since the exposure exceeds the PEL calculated on a time-weighted average (TWA), hearing protection is mandatory under 1926.52(b).",Enroll the worker in a hearing conservation program.,"Incorrect: A hearing conservation program is required at the 85 dBA action level, but the immediate requirements at the PEL are controls and mandatory PPE. (Though they would already be in the program).",Restrict the worker's exposure to 2 hours per day.,"Incorrect: This is a possible administrative control, but it's not the only option, and the question asks for required actions, which include attempting controls and mandating PPE.",,,,,"1,2","OSHA's noise standard (29 CFR 1926.52) has a PEL of 90 dBA over an 8-hour TWA. An exposure of 97 dBA is significantly higher. The dose calculation confirms this exceeds the PEL, triggering the requirement to first try to implement engineering/administrative controls and, in all cases, mandate the use of hearing protection.",Health Hazards
A worker is applying a chemical with a Safety Data Sheet (SDS) that lists 'Requires use of nitrile gloves and safety glasses' in Section 8. The worker is only wearing leather gloves and no eye protection. This is a direct violation of which OSHA standard?,multiple-choice,29 CFR 1926.59 - Hazard Communication.,"Correct: The HazCom standard requires employers to train employees on hazards and protective measures, which includes following the PPE recommendations specified on the SDS.",29 CFR 1926.95 - General PPE Requirements.,"Incorrect: While this standard covers PPE generally, the HazCom standard is more specific to chemical hazards and the requirement to follow SDS instructions.",29 CFR 1926.102 - Eye and Face Protection.,"Incorrect: This standard mandates eye protection, but the HazCom standard links this requirement directly to the specific chemical's SDS.","29 CFR 1926.55 - Gases, Vapors, Fumes, Dusts, and Mists.",Incorrect: This standard sets exposure limits but doesn't govern the specific PPE selection process detailed in the HazCom standard.,,,,,1,"The Hazard Communication Standard (29 CFR 1926.59) requires that employers ensure workers are aware of chemical hazards and how to protect themselves. A key part of this is training on and adhering to the information provided in the SDS, including the specified PPE in Section 8 (Exposure Controls/Personal Protection). Ignoring these recommendations is a direct violation.",Personal Protective Equipment (PPE)
"In an excavation greater than 4 feet deep where a hazardous atmosphere could reasonably be expected to exist, what is the mandatory first step before any employee entry?",multiple-choice,Ensure a rescue team is on standby.,Incorrect: Rescue is a reactive measure; proactive atmospheric testing must be done first.,The competent person must visually inspect the trench.,Incorrect: A visual inspection cannot detect a hazardous atmosphere like oxygen deficiency or toxic gas.,"The atmosphere must be tested for oxygen, flammable gas, and potential toxic air contaminants.","Correct: 29 CFR 1926.651(g)(1)(i) requires that where a hazardous atmosphere is possible, the excavation's atmosphere must be tested before employees enter.",Ventilate the excavation with a large fan for at least 30 minutes.,"Incorrect: Ventilation may be necessary, but it must be preceded by testing to determine if it's needed and to verify its effectiveness afterward.",,,,,3,"OSHA 29 CFR 1926.651(g)(1) is unequivocal: if there is a possibility of a hazardous atmosphere in an excavation deeper than 4 feet, the space must be tested. Testing must check for adequate oxygen content, flammable gas concentrations, and any other potential toxic contaminants before an employee can enter.",Excavation & Trenching
A company's written Fall Protection Plan allows for the use of a safety monitoring system on a low-slope roof 45 feet wide. Under what specific condition is this NOT a compliant method of fall protection when used alone?,multiple-choice,When the work is taking place more than 15 feet from the edge.,Incorrect: A safety monitor can be used when work is over 15 feet from the edge.,When the roof width is 50 feet or less.,"Incorrect: This is a condition where a safety monitoring system can be used, as outlined in 1926.502(h)(1).",When the work involves the use of mechanical equipment.,Correct: 1926.502(f)(1)(ii) prohibits the use of a safety monitoring system as the sole fall protection method when mechanical equipment is being used or stored on the roof. A warning line system is required in this case.,When the competent person is also performing other duties.,"Incorrect: While the monitor must only watch, the critical violation here is the presence of mechanical equipment.",,,,,3,"While a safety monitoring system can be part of a fall protection plan for low-slope roofing on surfaces 50 feet or less in width (1926.501(b)(10)), it cannot be the only system if mechanical equipment is in use. In that scenario, 1926.502(f) requires a warning line system to be used in conjunction with other measures.",Fall Protection
"An electrician is working on a de-energized circuit. The breaker has been shut off, but no lock or tag has been applied. The electrician's partner, unaware of the work, re-energizes the circuit. This incident is a direct result of failing to follow which OSHA procedure?",multiple-choice,The Assured Equipment Grounding Conductor Program (AEGCP).,"Incorrect: AEGCP deals with equipment grounding, not the process of de-energizing circuits for service work.",Hazard Communication (HazCom).,"Incorrect: HazCom pertains to chemical hazards, not electrical energy control.",Lockout/Tagout (LOTO) under 29 CFR 1926.417.,Correct: This standard requires that circuits be de-energized and that the controls be locked out and/or tagged to prevent accidental re-energization while an employee is working on them.,The buddy system.,"Incorrect: While working with a partner is good practice, it is not a formal OSHA procedure that replaces LOTO.",,,,,3,"This scenario is a classic example of why Lockout/Tagout (LOTO) is critical. 29 CFR 1926.417 and Subpart K mandate that before any work is done on electrical circuits, they must be de-energized, and the disconnecting means must be locked and tagged to physically prevent someone from turning the power back on.",Electrocution
A heavy equipment operator is compacting soil next to a 6-foot deep trench. What is the minimum distance the equipment must be kept from the edge of the trench to prevent a surcharge load from causing a collapse?,multiple-choice,"Spoil piles must be 2 feet from the edge, so the equipment can be closer.","Incorrect: The 2-foot rule (1926.651(j)(2)) is for spoil piles, not the dynamic load of heavy equipment.",There is no minimum distance if the trench has a shield.,"Incorrect: A shield must be rated to handle surcharge loads; a standard shield may not be sufficient, and maintaining distance is still best practice.",A distance determined by a competent person based on soil type and equipment weight.,Correct: OSHA does not set a single minimum distance. 1926.651(c)(2) requires that precautions be taken to protect employees from hazards like moving equipment. The competent person must assess the risk and establish a safe setback.,At least 5 feet from the edge.,"Incorrect: This is an arbitrary distance; the safe distance depends on the specific site conditions (soil, equipment weight, vibrations).",,,,,3,"OSHA standard 1926.651 addresses stability of adjacent structures and surcharge loads. It does not provide a specific setback distance for heavy equipment. Instead, it places the responsibility on the employer and the competent person to assess the site-specific conditions (soil type, trench depth, equipment weight/vibrations) and determine a safe distance or take other protective measures to prevent a collapse due to the surcharge load.",Caught-In/Between Hazards
"A grinder with a 7-inch abrasive wheel is being used without a safety guard. The wheel shatters, injuring the operator. The employer's failure to ensure the guard was in place is a violation of which hierarchy of controls principle?",multiple-choice,Failure to provide adequate Personal Protective Equipment (PPE).,"Incorrect: While PPE (like a face shield) is also required, the missing guard is a failure of a more critical control.",Failure to implement an administrative control.,Incorrect: Guarding is not an administrative control; it is an engineered feature of the tool.,Failure to utilize a required engineering control.,"Correct: Machine guards are a primary example of an engineering control, as they are physically built into the machine to prevent contact with the hazard. Removing one subverts this control.",Failure to implement a substitution.,"Incorrect: Substitution would involve replacing the grinder with a safer tool, which is not the issue here. The issue is misusing the existing tool.",,,,,3,"The hierarchy of controls prioritizes engineering controls because they remove or isolate the hazard at the source. A safety guard on an abrasive wheel (required by 29 CFR 1926.303(b)) is a classic engineering control. Operating the tool without it is a direct failure to implement this control, forcing reliance on less effective controls like work practices or PPE.",Struck-By Hazards
A scaffold has a front leg positioned 2.5 feet from the face of a building. What specific OSHA violation exists regarding the scaffold platform planking?,multiple-choice,The platform is not fully planked.,"Incorrect: The issue is not the planking itself, but its distance from the building.",The planks are not cleated.,"Incorrect: Cleating is to prevent movement, but the distance is the primary violation here.",The gap between the platform and the building exceeds the maximum allowable distance.,"Correct: 29 CFR 1926.451(b)(1)(i) states the gap between the platform and other structures shall not be more than 14 inches, unless guardrails and/or PFAS are used. 2.5 feet (30 inches) far exceeds this.",The scaffold is not inspected by a competent person.,"Incorrect: While inspection is required, the specific violation identified by the measurement is the excessive gap.",,,,,3,"OSHA standard 29 CFR 1926.451(b)(1)(i) is very specific about the distance between a scaffold platform and the work surface. For general work, the gap cannot exceed 14 inches. The 30-inch gap described creates a significant fall hazard, both for workers falling through the gap and for tools/materials falling onto people below.",Ladder & Scaffold Safety
Which TWO statements accurately describe the responsibilities of a 'competent person' for excavations under OSHA 1926 Subpart P?,multi-select,They must be capable of identifying existing and predictable hazards in the excavation.,"Correct: This is part of the core definition of a competent person in 1926.650(b), which includes hazard recognition.",They must have a degree in geological engineering.,"Incorrect: A degree is not required. A competent person is defined by knowledge and training, not necessarily a formal degree. A qualified person might have a degree.",They must conduct daily inspections of the excavation prior to the start of work.,Correct: 1926.651(k)(1) mandates that a competent person must inspect excavations daily and after any hazard-increasing event.,They must personally approve any work inside a trench deeper than 20 feet.,"Incorrect: The design of protective systems for trenches over 20 feet must be done by a registered professional engineer (a qualified person), not just approved by a competent person.",,,,,"1,3","The role of the competent person in excavations is paramount. Their key duties, as defined in 1926 Subpart P, include having the knowledge to identify hazards (cave-ins, hazardous atmospheres, etc.), the authority to take prompt corrective measures, and the responsibility to conduct daily and event-triggered inspections of the site.",Excavation & Trenching
"A worker is using a portable circular saw to cut plywood. The lower blade guard has been wedged open. The saw kicks back, causing a severe laceration. The act of wedging the guard open violates which TWO safety principles?",multi-select,It defeats a critical engineering control.,Correct: The retractable lower guard is an engineered safety feature designed to cover the blade when not cutting (1926.304(d)). Defeating it removes this protection.,It violates the manufacturer's specific operating instructions.,"Correct: Manufacturers universally prohibit altering or defeating safety guards, and OSHA requires equipment to be used in accordance with these instructions.",It is a failure of administrative controls.,"Incorrect: This is a direct physical modification of the tool, which is a failure of an engineering control, not an administrative policy like job rotation or warning signs.",It is acceptable if the worker is wearing cut-resistant gloves.,Incorrect: PPE (gloves) is never an acceptable substitute for a required machine guard. The guard prevents the incident; the PPE only reduces its severity.,,,,,"1,2","Disabling a safety guard is a severe violation. It represents a failure to use an engineering control designed to prevent the exact type of incident that occurred (kickback/contact). It also violates the principle of using tools as intended by the manufacturer, a general duty under OSHA. The guard is a non-negotiable safety feature per 29 CFR 1926.304(d).",Caught-In/Between Hazards
"During an OSHA inspection, the compliance officer observes an electrical cord with its grounding pin broken off being used to power a drill. This is a 'serious' violation because:",multiple-choice,It violates the manufacturer's warranty.,Incorrect: Warranty status is irrelevant to OSHA classification. The issue is worker safety.,The absence of the grounding pin could lead to worker electrocution.,"Correct: The grounding pin provides a path for fault current. Without it, the tool's metal casing can become energized in a fault condition, creating a lethal electrocution hazard.",It could cause the tool to overheat.,"Incorrect: While possible, the primary and most severe hazard is electrocution, which is what makes the violation 'serious'.",It is only a 'de minimis' violation since the tool still works.,Incorrect: A 'de minimis' violation has no direct impact on safety. A missing ground pin is a direct and serious safety hazard.,,,,,2,"A 'serious' violation, as defined by OSHA, is one where there is a substantial probability that death or serious physical harm could result from a hazard. A missing grounding pin (a violation of 1926.404(f)(6)) creates a direct path for fatal electrical shock, clearly meeting the criteria for a serious violation.",Electrocution
"A contractor is performing overhand bricklaying at a height of 15 feet. Which fall protection method is specifically permitted by OSHA for this task, which might not be allowed for other construction work at the same height?",multiple-choice,A safety monitoring system alone.,"Incorrect: Safety monitoring alone is generally for low-slope roofing, not bricklaying at this height.",No fall protection is needed if the wall is at least 39 inches high.,Incorrect: The wall height does not substitute for fall protection for the worker.,A controlled access zone (CAZ) can be used instead of guardrails for this specific task.,Correct: 29 CFR 1926.501(b)(9)(i) specifically allows the use of a controlled access zone for overhand bricklaying and related work as a form of fall protection.,Personal fall arrest systems are prohibited for this work.,Incorrect: PFAS are a permissible and often preferred method of fall protection in this scenario.,,,,,3,"OSHA recognizes the unique nature of overhand bricklaying and provides specific fall protection options in 29 CFR 1926.501(b)(9). This standard allows employers to establish a controlled access zone (CAZ) on the side of the wall opposite the one being laid, preventing other workers from entering the hazardous area, as an alternative to conventional fall protection for the masons.",Fall Protection
When is it permissible for the access/egress ladder in a 20-foot trench to be more than 25 feet away from a worker?,multiple-choice,When the trench is protected by a shield system.,Incorrect: The type of protective system does not change the ladder access distance rule.,"When the worker is at the end of the trench, and the ladder is at the other end.",Incorrect: The 25-foot maximum travel distance is absolute for trenches 4 feet or deeper.,When the soil is stable Type A.,Incorrect: Soil classification does not alter the requirement for safe access and egress.,Never; a ladder or other safe means of egress must be within 25 feet of lateral travel.,"Correct: 29 CFR 1926.651(c)(2) states that a stairway, ladder, ramp, or other safe means of egress shall be located in trench excavations that are 4 feet or more in depth so as to require no more than 25 feet of lateral travel for employees.",,,,,4,"The OSHA standard for trenching egress, 29 CFR 1926.651(c)(2), is strict and without exception based on conditions. For any trench 4 feet or deeper, workers must have a means of egress (like a ladder) within 25 feet of their position at all times. This ensures they can escape quickly in an emergency.",Excavation & Trenching
A telehandler (rough terrain forklift) is being used to lift a load of lumber to a third-story balcony. The operator is using a load chart that belongs to a different model of telehandler. This is a critical error because:,multiple-choice,The operator must be certified specifically on the model being used.,"Correct: While related, the core issue is the load chart. 1926.1400 standards, referenced for telehandlers, require that operators use the specific charts for the machine's configuration. It implies a deeper problem than just certification.",Load charts are only advisory and not mandatory.,Incorrect: Load charts are mandatory and legally part of the machine's operational limits under OSHA.,The specific telehandler's capacity changes dramatically with boom angle and extension.,"Correct: Each telehandler model has a unique load chart. Using the wrong one means the operator cannot know the true safe lifting capacity at a given boom angle and extension, leading to a potential catastrophic tip-over or structural failure.",The lumber should be lifted by a crane instead.,"Incorrect: A telehandler is an appropriate machine for this task if used correctly; the method is not the issue, but the incorrect operational data is.",,,,,3,"Telehandler stability is critically dependent on its geometry (boom angle and extension). The manufacturer's load chart, as required by standards like ASME B56.6 and referenced by OSHA, provides the precise safe working load for every configuration. Using a chart from another model is like flying a plane with the wrong flight manual—it makes a safe lift impossible to calculate and creates a massive risk of a struck-by or caught-between incident from a dropped load or machine tip-over.",Struck-By Hazards
An employer requires workers to enter a dusty environment with an unknown concentration of an airborne contaminant. What is the MINIMUM level of respiratory protection the employer must provide until the exposure levels are measured?,multiple-choice,An N95 filtering facepiece respirator.,Incorrect: An N95 is not sufficient for an atmosphere that could be Immediately Dangerous to Life or Health (IDLH).,A full-facepiece respirator with appropriate chemical cartridges.,Incorrect: This is insufficient if the concentration is unknown and could be IDLH.,"A full-facepiece, pressure-demand Self-Contained Breathing Apparatus (SCBA).","Correct: Under 29 CFR 1910.134(d)(1)(i), when exposure levels are unknown or could be IDLH, the employer must provide the highest level of protection, which is typically an SCBA or a supplied-air respirator with an escape bottle.",A half-mask elastomeric respirator with P100 filters.,Incorrect: This does not protect against oxygen deficiency or extremely high concentrations that could be IDLH.,,,,,3,"The OSHA respiratory protection standard (1910.134) operates on a principle of caution. If an atmosphere is unevaluated, it must be treated as Immediately Dangerous to Life or Health (IDLH). In an IDLH or potentially IDLH atmosphere, the only acceptable respirators are a full-facepiece pressure-demand SCBA or a combination full-facepiece supplied-air respirator with an auxiliary self-contained air supply.",Health Hazards
"A guardrail system is installed along the edge of a second-story floor. The top rail is 41 inches high, and the mid-rail is located at 20 inches. A 250-pound worker leans against the top rail, and it deflects 4 inches. Which TWO aspects of this guardrail are in violation of OSHA 1926.502(b)?",multi-select,The top rail height is not within the required range.,"Correct: 1926.502(b)(1) requires the top rail to be 42 inches, plus or minus 3 inches. 41 inches is within this range. Wait, let me re-read. Oh, 41 is fine. Let's re-evaluate. A 250lb worker leaning causes deflection. Okay, let's look at deflection. 1926.502(b)(4) says top rails shall be capable of withstanding, without failure, a force of at least 200 pounds. It does not give a deflection limit. Let's re-read the prompt. Okay, I need to make a question with two violations. Let's adjust the parameters. Let's make the height wrong. Say, 38 inches. Let's make the mid-rail wrong. A 20-inch midrail for a 38-inch top rail. The midpoint would be 19 inches. 20 inches is okay. Hmm. Let's make the deflection the issue. OK, let's re-frame. Top rail is 42 inches. Mid-rail is 21 inches. A 150lb force is applied, and it deflects 5 inches. No, that's not a clear violation. Let's try again with clear numerical violations.
A guardrail system is installed along the edge of a second-story floor. The top rail is constructed of 1-inch plastic rope and is 44 inches high. The mid-rail is located at 18 inches. Which TWO aspects of this guardrail are in violation of OSHA 1926.502(b)?""",multi-select,The top rail height is 44 inches.,"Incorrect: 1926.502(b)(1) requires the top rail to be 42 inches, plus or minus 3 inches. 44 inches is within the acceptable range of 39-45 inches.",The mid-rail is located at 18 inches.,"Correct: 1926.502(b)(2) requires mid-rails to be installed midway between the top edge of the guardrail system and the walking/working level. For a 44-inch top rail, the midpoint is 22 inches. 18 inches is too low.",The guardrail is constructed from plastic rope.,"Correct: 1926.502(b)(9) explicitly states that top rails and mid-rails shall not be made of steel or plastic banding. While not explicitly banning all rope, it sets a precedent against non-rigid materials, and rope would not meet the deflection criteria.",The system does not have a toeboard.,"Incorrect: Toeboards are only required if there is a danger of tools or materials falling on workers below, which is not specified in the scenario.",,"2,3","This guardrail system has two clear violations under 29 CFR 1926.502(b). First, the mid-rail at 18 inches is not midway between the 44-inch top rail and the floor (which should be ~22 inches), violating 1926.502(b)(2). Second, the use of plastic rope for a top rail is a violation of 1926.502(b)(9)'s intent and would not meet the 200-pound force requirement without excessive deflection, violating 1926.502(b)(4).",Fall Protection
"A worker is sandblasting an old bridge, creating high concentrations of respirable crystalline silica. According to OSHA's Table 1 for silica (1926.1153), what is the required engineering control and respirator type for this task when performed for more than 4 hours?",multiple-choice,Use a standard vacuum attachment and a half-mask N95 respirator.,"Incorrect: This level of protection is insufficient for abrasive blasting, which is a high-exposure task.",Use a ventilated cab for the operator and no respirator.,"Incorrect: Even with a ventilated cab, Table 1 requires supplemental respiratory protection for abrasive blasting.",Use any method of dust suppression and a full-facepiece respirator with an APF of 25.,Incorrect: Table 1 specifies certain controls and a higher APF respirator for this duration.,"Use a containment system with ventilation and a full-facepiece, pressure-demand supplied-air respirator (APF 1000).","Correct: For abrasive blasting >4 hours, Table 1 specifies using a ventilated containment system and requires a supplied-air respirator with an Assigned Protection Factor (APF) of 1000.",,,,,4,"OSHA's Table 1 (29 CFR 1926.1153) provides a prescriptive menu of engineering controls and respiratory protection for specific high-exposure silica tasks. For abrasive blasting lasting over 4 hours, it mandates the highest level of protection: a containment system and a supplied-air respirator (Type CE) to protect workers from severe overexposure.",Health Hazards
"A worker is caught in a piece of rotating machinery because their loose-fitting jacket was snagged by an unguarded rotating shaft. What is the most effective control that would have prevented this incident, according to the hierarchy of controls?",multiple-choice,Training the worker not to wear loose clothing.,"Incorrect: This is an administrative control and relies on human behavior, making it less effective than an engineering solution.",Placing a warning sign that says 'DANGER - Rotating Shaft'.,Incorrect: A warning sign is an administrative control and is one of the least effective methods.,Installing a guard over the rotating shaft.,Correct: A machine guard is an engineering control that physically separates the worker from the hazard. It is the most effective and reliable solution.,Providing the worker with a breakaway safety vest.,"Incorrect: This is a form of PPE. While better than a standard jacket, it is less effective than eliminating the hazard contact point with a guard.",,,,,3,"The hierarchy of controls prioritizes engineering controls over administrative controls and PPE. An engineering control, such as installing a physical guard over the rotating shaft (as required by 1926.307), eliminates the hazard at its source. This is far more effective than relying on workers to follow rules (administrative) or wear specific clothing (PPE).",Caught-In/Between Hazards
"Two extension cords are plugged together to power a saw 150 feet from the receptacle. The connection point between the two cords is lying in a puddle of water. This setup presents which TWO immediate, severe hazards?",multi-select,A trip hazard from the cord itself.,"Incorrect: While a trip hazard exists, it is minor compared to the life-threatening electrical hazards present.",An electrocution hazard due to the submerged connection.,"Correct: Water can conduct electricity, and a submerged, non-watertight connection can energize the water, creating a lethal shock hazard in violation of 1926.405(a)(2)(ii)(E).",A fire hazard from overloading the long extension cord.,"Correct: A long cord run (150ft) causes a significant voltage drop, which can cause the tool to draw more current, leading to overheating of the cord and a potential fire, per 1926.404(a)(2).",A violation of the color-coding for the AEGCP.,"Incorrect: This is an administrative detail and not an immediate, severe physical hazard like electrocution or fire.",,,,,"2,3","This scenario presents two critical hazards. First, the submerged electrical connection creates an imminent electrocution risk (1926.405). Second, the excessive length of the cord run can lead to voltage drop and overheating, creating a fire hazard (1926.416(a)(1)). Both are serious violations that require immediate correction.",Electrocution
"A competent person classifies soil in a 9-foot deep excavation as Type C. The contractor wants to use simple benching as a protective system. According to 29 CFR 1926 Subpart P, Appendix B, what is the rule for benching in Type C soil?",multiple-choice,"Benching is allowed, with vertical rises not to exceed 4 feet.","Incorrect: This rule applies to Type B soil, not Type C.",Benching is allowed if the overall slope is 1.5H:1V.,"Incorrect: Sloping at 1.5H:1V is a valid method for Type C soil, but benching is not.",Benching of any kind is not a permissible protective system in Type C soil.,"Correct: 29 CFR 1926 Subpart P, Appendix B, explicitly states that simple benching is not allowed in Type C soil due to its instability. Only sloping or shielding/shoring is permitted.",Benching is only allowed if designed by a registered professional engineer.,"Incorrect: An engineer can design a system, but standard benching configurations are prohibited regardless. They would have to design a sloped or shored system.",,,,,3,"OSHA's excavation standards are very clear regarding soil types and protective systems. Due to its low cohesive strength and high instability, Type C soil is too dangerous for benching. Appendix B to Subpart P states, 'Sloping or benching for excavations in Type C soil...Simple slope excavations...shall be sloped at an angle not steeper than 1 1/2H:1V...Simple benching is not allowed.'",Excavation & Trenching
A worker is fabricating a custom part and needs to use a large stationary grinder. The space between the abrasive wheel and the work rest is measured to be 1/2 inch. What is the OSHA violation?,multiple-choice,The grinder should have a vacuum attachment for dust.,Incorrect: Dust collection is a good practice for health but is not the violation related to the work rest spacing.,The work rest is not adjusted correctly.,Correct: 29 CFR 1926.303(c)(2) requires the work rest to be adjusted closely to the wheel with a maximum opening of 1/8 inch to prevent the work from being jammed. 1/2 inch is too large.,The grinder is not bolted to the floor.,"Incorrect: While stability is important, the specific measurement points to a work rest violation.",The operator is not wearing a face shield.,"Incorrect: A face shield is required PPE, but the machine itself is set up in a non-compliant and dangerous manner.",,,,,2,"The work rest on a bench grinder is a critical safety device. According to 29 CFR 1926.303(c)(2), it must be kept adjusted to within 1/8 inch of the wheel. A larger gap, like the 1/2 inch described, can cause the workpiece to be caught and pulled into the grinder, resulting in wheel shatter and severe injury to the operator.",Struck-By Hazards
"A personal fall arrest system (PFAS) consists of an anchor point, a full-body harness, and a 6-foot shock-absorbing lanyard. The worker is 6 feet tall, and the D-ring is 5 feet from their feet. The anchor point is at foot level. Calculate the total fall distance. Is this a compliant setup if the working surface is 18 feet above the ground?",multiple-choice,"Yes, the 6-foot lanyard is standard for fall protection.",Incorrect: The lanyard length is only one component of the total fall distance calculation.,"Yes, because the total fall distance is less than 18 feet.","Incorrect: A simple calculation shows the total fall distance exceeds the available clearance, making it non-compliant.","No, the total fall distance is greater than the available clearance.","Correct: Total Fall Distance = Lanyard Length (6') + Deceleration Distance (3.5') + D-ring Height (5') = 14.5'. The worker needs 14.5' + a 2' safety factor = 16.5'. Tying off at foot level adds the distance from D-ring to anchor (5'), so 14.5'+5' = 19.5'. This exceeds the 18-foot clearance.","No, lanyards cannot be used with anchors below the D-ring.","Incorrect: Lanyards can be used with anchors below the D-ring, but the fall distance calculation becomes even more critical.",,,,,3,"Calculating total fall distance is critical for PFAS compliance (1926.502(d)). Total Fall Distance = Lanyard Length (6') + Deceleration Device Deployment (max 3.5') + Harness Stretch/D-ring shift (1') + Safety Factor (2') = 12.5'. Tying off at foot level adds the distance from the D-ring to the feet (5'), making the required clearance 17.5 feet. This is an oversimplification; the real calculation: Free Fall (6' lanyard + 5' from D-ring to anchor = 11' which exceeds max 6' freefall) + Deceleration (3.5') + Harness Stretch (1') = 15.5'. With a 2' safety factor, you need 17.5'. This is dangerously close to the 18' clearance. The main violation is the free fall distance exceeding 6 feet. Let's rephrase the correct answer. No, the free fall distance exceeds the 6-foot maximum. Correct: Tying off at foot level creates a free fall of approx. 11 feet (6' lanyard + 5' from D-ring to feet), which exceeds the 6-foot maximum free fall allowed by 1926.502(d)(16)(iii).",Fall Protection
"When using a mobile scaffold on a concrete slab, which TWO actions are required by OSHA before moving the scaffold?",multi-select,Ensure the platform is cleared of all workers and loose materials.,"Correct: 1926.452(w)(6) requires the surface to be level and free of obstructions, and workers are not allowed on the scaffold while it is being moved unless specific criteria are met. Clearing materials is part of this.",Lock the caster wheels and outriggers.,Incorrect: The casters must be unlocked to move the scaffold. They are locked once the scaffold is in position.,Ensure all workers on the platform are tied off to an independent anchor.,"Incorrect: Workers are generally prohibited from being on a scaffold during movement. Under specific, stricter conditions where it is allowed, this might be a requirement, but it's not a universal pre-move action.","Inspect the ground surface for levelness, holes, and obstructions.","Correct: 1926.452(w)(6) requires the competent person to inspect the surface on which the scaffold is to be moved to ensure it is within 3 degrees of level and free of pits, holes, and obstructions.",,,,,"1,4","OSHA standard 1926.452(w) covers mobile scaffolds. Before moving, it's critical to ensure worker safety and scaffold stability. This includes clearing the platform of loose materials that could fall (part of 1926.451(f)(1)) and, most importantly, inspecting the path of travel to ensure the surface is stable and free of hazards that could cause the scaffold to tip over (1926.452(w)(6)).",Ladder & Scaffold Safety
An employer has implemented a Hearing Conservation Program. At what 8-hour time-weighted average (TWA) noise exposure level is this program MANDATORY under OSHA construction standards?,multiple-choice,90 dBA,Incorrect: 90 dBA is the Permissible Exposure Limit (PEL). The Hearing Conservation Program is triggered at a lower level.,85 dBA,"Correct: 29 CFR 1926.52(d)(1), which references the general industry standard 1910.95(c), requires a hearing conservation program to be implemented when exposures equal or exceed an 8-hour TWA of 85 dBA (the 'action level').",100 dBA,"Incorrect: This level of noise is hazardous and requires mandatory hearing protection and controls, but the program itself starts at 85 dBA.",80 dBA,Incorrect: 80 dBA is below the action level that triggers the requirement for a hearing conservation program.,,,,,2,"While the OSHA construction standard's Permissible Exposure Limit (PEL) for noise is 90 dBA, the requirement to implement a comprehensive Hearing Conservation Program begins at the 'action level.' Per 1926.52(d)(1) and 1910.95(c), this action level is an 8-hour TWA of 85 dBA. The program includes monitoring, audiometric testing, training, and making hearing protectors available.",Health Hazards
A 10-foot deep trench is dug entirely in stable rock. What is the OSHA requirement for a protective system in this scenario?,multiple-choice,A trench shield is required regardless of the material.,"Incorrect: Protective systems are required to prevent cave-ins. Stable rock, by definition, does not cave in.",The walls must be sloped at a 1.5H:1V angle.,Incorrect: Sloping is for soil. Stable rock does not require sloping.,"No protective system is required, but a competent person must verify it is stable rock.","Correct: 29 CFR 1926.652(a)(1) states that each employee in an excavation shall be protected from cave-ins, except when the excavation is made entirely in stable rock. A competent person must make this determination.",The walls must be shored with hydraulic jacks.,"Incorrect: Shoring is a protective system for soil, not stable rock.",,,,,3,"The purpose of protective systems (shoring, shielding, sloping) is to prevent cave-ins. OSHA's standard 29 CFR 1926.652(a)(1) provides an explicit exception for excavations made 'entirely in stable rock.' The critical element is that a competent person must evaluate the material and confirm that it is, in fact, stable rock and not a composite or fractured material.",Excavation & Trenching
What is the key difference between a 'Controlled Access Zone' (CAZ) and a 'Warning Line System' as defined by OSHA's fall protection standards?,multiple-choice,"A CAZ is for roofing, while a warning line is for leading-edge work.","Incorrect: It's the opposite. A warning line is primarily for roofing, while a CAZ is for leading-edge work and overhand bricklaying.","A warning line serves only to warn workers, while a CAZ restricts entry to only authorized personnel.","Correct: A warning line (1926.502(f)) is a visual reminder of an edge. A CAZ (1926.502(g)) is a work area where certain work may take place without guardrails, and access to the zone is controlled.","A CAZ must be monitored by a safety monitor, while a warning line does not.","Incorrect: A safety monitor is a separate system and can be used with a warning line system in certain roofing applications, but is not a defining feature of a CAZ.",There is no significant difference; the terms are interchangeable.,"Incorrect: They are two distinct fall protection systems with different rules, applications, and requirements under 1926.502.",,,,,2,"A Warning Line System, used mainly in low-slope roofing (1926.502(f)), creates a buffer zone to alert workers. A Controlled Access Zone (1926.502(g)), used for leading-edge work and overhand bricklaying, is more robust. It defines an entire area where access is restricted to only those workers essential to the operation, who are trained to work without conventional fall protection.",Fall Protection
A worker reports receiving a mild shock from a power tool with a metal casing. The tool is plugged into a receptacle that is not GFCI-protected. What is the employer's most critical IMMEDIATE action?,multiple-choice,Tell the worker to wear rubber gloves when using the tool.,Incorrect: This is an inappropriate use of PPE and does not correct the root cause of the hazard.,Immediately remove the tool from service and tag it 'Do Not Use'.,Correct: Any tool that is causing shocks is defective and hazardous. It must be immediately removed from service per 1926.302(a)(1) to prevent a more severe injury or electrocution.,Test the receptacle to ensure it is properly grounded.,"Incorrect: While the receptacle should be checked, the tool itself is confirmed to be faulty and must be taken out of service first.",Remind all workers about electrical safety at the morning meeting.,"Incorrect: This is a weak administrative control and does not address the immediate, specific hazard of the defective tool.",,,,,2,"When a tool is known to be defective and has already caused an injury (even a mild one), it poses an imminent danger. The first and most critical action required by OSHA (under general requirements like 1926.302(a)(1) and 1926.416(a)(3)) is to remove the hazardous equipment from service to prevent another, potentially fatal, incident. The tool must be repaired or replaced by a qualified person.",Electrocution
A vehicle with an obstructed view to the rear is reversing on a construction site without a spotter. There is no audible back-up alarm. This situation violates which OSHA standard for material handling equipment?,multiple-choice,The operator must have a commercial driver's license (CDL).,Incorrect: A CDL is for public roads and is not an OSHA requirement for on-site equipment operation.,The vehicle must either have a functional back-up alarm or use a spotter.,Correct: 29 CFR 1926.601(b)(4) requires that vehicles with an obstructed rear view shall not be used in reverse gear unless the vehicle has a reverse signal alarm or a worker is assigned to signal that it is safe.,The area must be designated a 'No Pedestrian Zone'.,"Incorrect: While a good practice, it does not replace the requirement for an alarm or spotter on the vehicle itself.",All workers in the area must be wearing high-visibility vests.,Incorrect: High-visibility vests are important PPE but are not a substitute for the vehicle's required safety features.,,,,,2,"OSHA standard 29 CFR 1926.601(b)(4) directly addresses the hazard of vehicles reversing with an obstructed view. To prevent striking workers, the regulation mandates one of two options: the vehicle must be equipped with a functioning audible back-up alarm, or a signaler (spotter) must be used to direct the operator. Having neither is a serious violation.",Struck-By Hazards
An employer's written respiratory protection program must include which TWO of the following elements to be compliant with 1910.134?,multi-select,A list of all employees certified to wear respirators.,"Incorrect: The program requires procedures and elements, not just a list of names.",Procedures for selecting respirators for use in the workplace.,Correct: 1910.134(c)(1)(i) requires worksite-specific procedures for respirator selection.,Medical evaluations of employees required to use respirators.,Correct: 1910.134(c)(1)(ii) requires medical evaluations to determine if an employee is physically able to wear the selected respirator.,The purchase orders for all respirators bought in the last 5 years.,"Incorrect: Record-keeping for the program is required, but purchase orders are not a specified element of the written program itself.",,,,,"2,3","OSHA's standard for respiratory protection, 29 CFR 1910.134(c), lists the mandatory elements of a written program. Among the most critical are the procedures for how respirators will be selected for specific hazards and the requirement for medical evaluations to ensure users are not put at risk by the physiological burden of wearing a respirator.",Health Hazards
A competent person is inspecting a trench before the start of a shift. The trench is 7 feet deep in Type B soil and is protected by a trench shield. The shield is 6 feet tall. What is the critical violation?,multiple-choice,The soil should have been classified as Type C.,Incorrect: The classification is a judgment call by the competent person; the violation is in the protective system used.,The trench shield must extend at least to the top of the trench.,"Correct: 29 CFR 1926.652(g)(2) requires trench shields to be installed to prevent lateral movement and to protect the full depth. In this case, the shield does not protect the top 1 foot of the trench, which can still collapse onto workers.",A registered professional engineer was not consulted.,Incorrect: An engineer is only required for designs of systems for trenches deeper than 20 feet.,The inspection was not documented in writing.,"Incorrect: While documentation is good practice, the physical hazard of the inadequate shield height is the immediate, critical violation.",,,,,2,"Trench shields (trench boxes) must provide protection for the entire depth of the excavation where a cave-in hazard exists. Per 1926.652(g), the shield must be high enough to prevent soil from the unprotected upper layer from collapsing into the protected area. A 6-foot shield in a 7-foot trench leaves workers exposed to a collapsing face.",Excavation & Trenching
A worker is using a portable generator on a wet construction site. The generator itself is not bonded to a grounding electrode. The tool being used is double-insulated. Is a GFCI required?,multiple-choice,"No, because the tool is double-insulated.","Incorrect: Double-insulated tools protect the user from faults within the tool, but not from faults in the cord or generator.","No, because the generator is portable and under 5kW.",Incorrect: The power output of the generator does not waive the GFCI requirement for personnel protection.,"Yes, GFCI protection is required for all 120V, 15- and 20-amp receptacles on a construction site.","Correct: 29 CFR 1926.404(b)(1)(i) requires that all such receptacles used for temporary power must have GFCI protection for personnel, or the employer must implement an AEGCP. The tool's insulation does not change this requirement.","Yes, but only if the generator frame is not bonded.",Incorrect: The GFCI requirement is independent of the generator frame bonding requirements for personnel protection on 120V outlets.,,,,,3,"OSHA's standard for temporary wiring, 1926.404(b)(1), is very clear. All 120-volt, single-phase, 15- and 20-ampere receptacle outlets on construction sites, which are not part of the permanent wiring of the building, must have approved ground-fault circuit interrupters for personnel protection. A portable generator falls under this rule.",Electrocution
"A 4-foot by 4-foot hole in a concrete floor is covered with a single sheet of 3/4-inch plywood. The plywood is not secured and is not marked. A worker steps on the edge, causing it to flip and the worker to fall partially into the hole. Which TWO OSHA requirements for covers were violated?",multi-select,The cover was not made of steel.,"Incorrect: OSHA does not specify the material, only that it must meet the strength requirements. Plywood can be acceptable if thick enough.",The cover was not secured against accidental displacement.,"Correct: 29 CFR 1926.502(i)(4) explicitly requires all covers to be secured to prevent them from being accidentally displaced by wind, equipment, or employee activities.",The cover was not marked with the word 'HOLE' or 'COVER'.,"Correct: 29 CFR 1926.502(i)(4) requires covers to be marked as such, or color-coded, to warn workers of the hazard.",The hole was larger than 2 feet in diameter.,"Incorrect: The size of the hole dictates that it must be covered or guarded, but does not in itself constitute a violation of the cover's requirements.",,,,,"2,3","OSHA standard 29 CFR 1926.502(i) outlines the criteria for covers used for fall protection. The two violations here are the failure to secure the cover, which allowed it to flip, and the failure to mark it, which meant the worker was not warned of the hazard. A proper cover must be both secured and marked.",Fall Protection
"A maintenance worker must replace a motor on a large, permanently installed conveyor system. The worker shuts off the electrical breaker in a panel 100 feet away but fails to apply a lock. Before the work is complete, an operator who is unaware of the maintenance work turns the breaker back on. This is a primary failure in controlling what?",multiple-choice,Jobsite communication protocols.,"Incorrect: While communication failed, the formal OSHA requirement is for a physical control system, not just communication.",Hazardous energy.,"Correct: This is a classic example of failure to control hazardous energy (electrical, in this case). The required procedure is Lockout/Tagout (LOTO) per 1910.147, which applies to construction maintenance.",Ergonomic hazards.,"Incorrect: The hazard is from unexpected machine movement (kinetic energy), not from the physical demands of the task itself.",The buddy system.,Incorrect: The 'buddy system' is an informal practice and not a substitute for the mandatory LOTO procedure.,,,,,2,"The Control of Hazardous Energy (Lockout/Tagout) standard, 29 CFR 1910.147, is designed to prevent exactly this type of incident. Simply de-energizing a machine is not enough; the energy-isolating device (the breaker) must be locked and tagged to physically prevent re-energization while employees are exposed to the hazard.",Caught-In/Between Hazards
"A crane is lifting a steel beam onto a structure. The rigging consists of two synthetic web slings in a basket hitch. The sharp edges of the steel beam are not padded. The sling snaps, dropping the load. What is the root cause of this rigging failure?",multiple-choice,The wrong type of hitch was used.,Incorrect: A basket hitch is a common and acceptable way to lift loads like beams.,The rigger was not qualified.,"Incorrect: While possible, the direct physical cause of failure was the unprotected edge, a specific rigging error.",The slings were not protected from the beam's sharp edges.,Correct: 29 CFR 1926.251(e)(8) requires that synthetic web slings be padded or protected from the sharp corners of their loads to prevent cutting.,The crane's load chart was exceeded.,"Incorrect: While overloading can cause failure, the scenario points specifically to cutting action from the sharp edge.",,,,,3,"Synthetic web slings are highly susceptible to being cut by sharp edges. OSHA standard 29 CFR 1926.251(e)(8) mandates the use of softening materials or padding to protect slings in this situation. The failure to do so places immense stress on a small section of the sling's fibers, leading to a catastrophic failure well below the sling's rated capacity.",Struck-By Hazards
"A worker is using an aluminum extension ladder to access a roof edge. The base of the ladder is 10 feet from an energized, uninsulated 480V overhead power line. According to OSHA, this is a violation because:",multiple-choice,The worker is not a qualified electrician.,"Incorrect: The rule applies to any worker using the ladder, not just electricians.",The ladder is not tied off at the top.,"Incorrect: Securing the ladder is important, but the core violation is the use of a conductive object near a power line.",Ladders must maintain a minimum 20-foot clearance from power lines.,"Incorrect: The 20-foot clearance rule (from 1926.1408) applies to cranes, not the general use of portable ladders.",Conductive ladders are prohibited where they might contact electrical equipment.,Correct: 29 CFR 1926.1053(b)(12) explicitly states that ladders shall have nonconductive side rails if they are used where the employee or the ladder could contact exposed energized electrical equipment.,,,,,4,"The use of metal (conductive) ladders near potential electrical hazards is strictly regulated. OSHA standard 1926.1053(b)(12) prohibits their use where contact is possible. Even if contact seems unlikely, the risk of the ladder slipping or being moved into the line is too great. A fiberglass or other nonconductive ladder must be used.",Electrocution
An employer's written Hazard Communication Program consists solely of a binder containing the Safety Data Sheet (SDS) for every chemical on site. This is non-compliant because the written program must also include which TWO items?,multi-select,The phone number and address of the site's safety manager.,Incorrect: Contact information is useful but not a specifically required element of the written program document itself.,A list of the hazardous chemicals known to be present on site.,Correct: 1926.59(e)(1)(i) requires the written program to include a list of hazardous chemicals.,The methods the employer will use to inform employees of the hazards of non-routine tasks.,Correct: 1926.59(e)(1)(ii) requires the program to detail the methods for informing employees about hazards of non-routine tasks and unlabeled pipes.,A log of all chemical spills that have occurred in the past year.,"Incorrect: Spill logs are related to emergency response, not a required component of the upfront HazCom written program.",,,,,"2,3","A compliant Hazard Communication Program under 29 CFR 1926.59 is more than just a collection of SDSs. The written program itself is a master document that must, at a minimum, include a list of all hazardous chemicals on site and outline the procedures for handling specific situations like non-routine tasks. The SDS binder is just one component of the overall system.",Health Hazards
A supported scaffold is erected on a surface that has a 5-degree slope. What specific action must be taken to make this scaffold compliant?,multiple-choice,The scaffold must be tied off to the building every 10 feet vertically.,"Incorrect: Tying off is for stability against tipping, not for leveling the base.",The scaffold legs must be placed on mud sills.,Incorrect: Mud sills are for soft ground; they do not correct a slope.,The scaffold must be leveled using base plates and screw jacks or equivalent means.,"Correct: 29 CFR 1926.451(c)(2) requires that supported scaffold poles, legs, posts, frames, and uprights bear on base plates and mud sills or other adequate firm foundation. 1926.452(w)(6) notes a 3-degree limit for moving mobile scaffolds, highlighting the importance of a level base. Screw jacks are the engineering control to achieve this.",A 'Danger - Uneven Surface' sign must be posted.,"Incorrect: A sign does not correct the physical hazard of an unstable, unlevel scaffold.",,,,,3,"Scaffolds must be plumb and level to be stable. When erecting a scaffold on a sloped surface, OSHA requires it to be leveled. This is typically achieved using adjustable screw jacks on the base plates of the scaffold legs. This ensures the scaffold's load is distributed vertically through the legs as designed, preventing instability and potential collapse.",Ladder & Scaffold Safety
"During a multi-employer worksite inspection, an OSHA officer observes an unguarded rebar cap hazard created by a concrete subcontractor. An employee of an electrical subcontractor walks past and trips on the rebar, but is not impaled. Which employer is OSHA most likely to cite under the multi-employer citation policy?",multiple-choice,"Only the concrete subcontractor, as they created the hazard.","Incorrect: The creating employer is citable, but others may be as well.","Only the electrical subcontractor, as their employee was exposed.","Incorrect: The exposing employer is citable, but the creating employer shares primary responsibility.",Both the creating (concrete) and the exposing (electrical) employers.,"Correct: Under OSHA's multi-employer citation policy, the 'creating' employer (who caused the hazard) and the 'exposing' employer (whose employees were exposed) can both be cited. The exposing employer has a duty to protect their own employees from hazards they did not create.","The general contractor, as they have overall site control.","Incorrect: The general contractor (the 'controlling' employer) could also be cited, but the most direct citations would be for the creating and exposing employers in this specific scenario.",,,,,3,"OSHA's Multi-Employer Worksite Citation Policy allows for citations to be issued to more than one employer. The 'creating' employer (concrete sub) is citable for making the hazard. The 'exposing' employer (electrical sub) is also citable because they have a duty to not expose their employees to known hazards, even if created by another party. They should have identified the hazard and taken steps to protect their workers.",Struck-By Hazards
"A personal fall arrest system (PFAS) lanyard has a small, faded tag, and the inspection records cannot be located. The foreman tells the worker to use it 'just for today' since it looks okay. Why is this a violation?",multiple-choice,Fall protection equipment does not expire if it looks okay.,"Incorrect: All PPE, especially life-critical equipment like a PFAS, must be formally inspected and determined to be safe by a competent person.",PFAS components must be inspected before each use by the user and annually by a competent person.,Correct: 29 CFR 1926.502(d)(21) requires that PFAS be inspected prior to each use for wear and damage. Missing inspection records and a faded tag indicate the equipment may not have been part of a formal inspection program and must be removed from service.,Lanyards are single-use items after any fall.,"Incorrect: This is true, but the violation here is the failure to inspect and maintain records, not that it has sustained a fall.",Only a 'qualified person' can approve the use of fall protection.,"Incorrect: A 'competent person' is responsible for inspecting and supervising PFAS use, not a qualified person.",,,,,2,"Personal fall arrest systems are life-saving equipment and must be treated as such. 1926.502(d)(21) requires inspection before each use. A faded, unreadable tag and missing formal inspection records mean the history and condition of the lanyard are unknown. A competent person must remove it from service until it can be properly inspected and deemed safe. A simple visual check is not sufficient.",Fall Protection
"In an emergency, which of the following is an unacceptable method for hoisting an injured or unconscious worker out of a deep trench or confined space?",multiple-choice,Using a pre-installed tripod with a mechanical winch designed for personnel.,Incorrect: This is a specifically designed and acceptable retrieval system.,Having the worker climb a rescue ladder with assistance.,"Incorrect: If the worker is capable, this is an acceptable means of egress.",Attaching a hoist line directly to the worker's body harness D-ring.,Correct: A body harness used for fall protection (PFAS) is not designed or approved for vertical suspension or lifting (retrieval). A specialized retrieval or Class III full-body rescue harness must be used.,Placing the worker in a rescue basket or sked and lifting them.,Incorrect: This is a standard and safe method for moving an immobilized patient.,,,,,3,"OSHA and consensus standards (like ANSI Z359) differentiate between fall arrest and retrieval systems. A standard fall arrest harness (like those used in PFAS) is designed to distribute fall arrest forces, not to be used as a lifting point for a suspended person. This can cause injury (suspension trauma). A dedicated retrieval system, with a proper rescue harness, is required per 1926.651(g)(2) for confined space-like excavations.",Excavation & Trenching
"A worker is using a high-velocity powder-actuated tool to fasten a steel plate to a concrete column. The fastener fails to penetrate the dense concrete and ricochets, striking another worker. This type of incident could have been prevented by first:",multiple-choice,Ensuring all workers nearby wear safety glasses.,Incorrect: PPE is a last line of defense. A preventative step was missed.,Testing the tool on a scrap piece of wood.,Incorrect: This would not simulate the hardness of the target material.,Performing a pre-test of the substrate's hardness.,"Correct: 1926.302(e)(8) prohibits driving fasteners into excessively hard or brittle materials. A pre-test, such as using a hammer to see if the material spalls or cracks, should be performed to determine if the base material is suitable.",Using a more powerful powder load.,Incorrect: A more powerful load would likely increase the danger of ricochet or pass-through if the material is unsuitable.,,,,,3,"Powder-actuated tools are dangerous if used on inappropriate base materials. OSHA 1926.302(e)(8) requires that fasteners not be driven into materials that are too hard, as this can cause the fastener to ricochet. The operator has a responsibility to test the suitability of the base material before firing, which is a critical step in preventing struck-by injuries.",Struck-By Hazards
Which of the following scenarios describes a situation where a Ground-Fault Circuit Interrupter (GFCI) is most critical and required by OSHA?,multiple-choice,Powering a permanently installed office computer inside a job trailer.,"Incorrect: GFCIs are for temporary wiring and locations where personnel are exposed, typically not permanent wiring inside an office environment.","A floodlight plugged into a portable generator in a dry, indoor warehouse.","Incorrect: While required for temporary power, the most critical use-case involves water.",A sump pump plugged into an extension cord and placed in a wet excavation.,"Correct: This is the exact high-risk scenario GFCIs are designed for. The presence of water, a flexible cord, and a portable tool creates a perfect storm for a fatal electrocution, which a GFCI can prevent. 1926.404(b)(1) mandates it.",Charging a cordless tool battery in a designated indoor charging station.,"Incorrect: The charger itself is typically double-insulated and used in a controlled environment, posing a lower risk.",,,,,3,"GFCIs work by detecting an imbalance in the current between the hot and neutral wires, which indicates that current is leaking to ground—potentially through a person. This is most likely to happen in wet or damp locations. A sump pump in a wet trench is the quintessential example of where GFCI protection, required by 1926.404(b)(1)(i), is life-critical.",Electrocution
"A Type 1A industrial stepladder, rated for 300 lbs, is being used by a 220 lb worker to carry a 50 lb box of materials. The worker stands on the top step to place the box on a shelf. Which TWO OSHA violations are occurring?",multi-select,The ladder's load capacity is exceeded.,"Incorrect: The total load is 220 (worker) + 50 (box) = 270 lbs, which is within the 300 lb capacity of a Type 1A ladder.",The worker is standing on the top step of the stepladder.,Correct: 1926.1053(b)(13) explicitly prohibits using the top or top step of a stepladder as a step.,The worker is carrying an object while climbing.,Correct: 1926.1053(b)(22) requires workers to face the ladder and maintain three points of contact. Carrying a large box with two hands would violate this rule.,The ladder is not a Type 1AA (375 lb) ladder.,Incorrect: The ladder type is adequate for the load; the violation is in how it's being used.,,,,,"2,3","This scenario contains two common and dangerous ladder use violations. First, standing on the top step of a stepladder, per 1926.1053(b)(13), makes it extremely unstable and can lead to a fall. Second, carrying a load that prevents the worker from maintaining three points of contact (two hands and a foot, or two feet and a hand) while climbing, per 1926.1053(b)(22), is also a major cause of falls.",Ladder & Scaffold Safety
"When is a 'qualified rigger' required for hoisting activities during steel erection, as opposed to a 'competent person'?",multiple-choice,Whenever a crane is used on a steel erection site.,Incorrect: Not all crane activities in steel erection require a qualified rigger; many can be handled by a competent person.,When workers are being hoisted in a personnel platform.,"Correct: 29 CFR 1926.1425(c)(1), referenced by Subpart R, requires a qualified rigger to inspect the rigging for a personnel lift before each use. This is considered a critical lift.","When the load being lifted exceeds 2,000 pounds.",Incorrect: There is no specific weight threshold in Subpart R that automatically triggers the need for a qualified rigger for all lifts.,When performing a standard lift of a steel beam or column.,Incorrect: These are typically considered non-critical lifts that can be overseen by a competent person.,,,,,2,"OSHA's crane and derrick standard differentiates between routine rigging and more complex or critical lifts. While a competent person can handle many rigging tasks, a 'qualified rigger' is explicitly required for specific high-risk operations, such as rigging for a personnel lift. This is because a qualified rigger has the knowledge and experience to handle more complex and critical rigging arrangements.",Struck-By Hazards
An employee is jackhammering concrete inside a building for a full 8-hour shift. The employer has not conducted air sampling but provides all employees in the area with N95 disposable masks. This approach is deficient primarily because:,multiple-choice,N95 masks do not protect against silica dust.,"Incorrect: N95 masks do protect against particulates like silica, but they have a low Assigned Protection Factor (APF) of 10.","The employer failed to first implement engineering controls, such as water delivery.","Correct: Under the hierarchy of controls and the silica standard (1926.1153), employers must first implement specified engineering controls (like wet methods) to reduce exposure. PPE is a last resort and its selection depends on the exposure level.",A written respiratory protection program has not been established.,"Incorrect: While true that a program is needed for respirator use, the more fundamental failure is skipping the engineering control step.",The masks were not fit-tested for each employee.,"Incorrect: Fit-testing is required, but the primary failure is in the overall control strategy (hierarchy of controls).",,,,,2,"The OSHA silica standard (1926.1153) is built on the hierarchy of controls. It requires employers to use engineering controls (e.g., wet methods, vacuum systems) and work practices to reduce silica dust exposure to below the Permissible Exposure Limit (PEL) before relying on respiratory protection. Simply handing out masks without first trying to control the dust at the source is a primary violation.",Health Hazards
A scaffold plank is required to extend over its end support. What is the minimum and maximum allowable extension distance for a plank that is not cleated or otherwise restrained?,multiple-choice,"Minimum 3 inches, Maximum 6 inches.",Incorrect: This is too short for the minimum and too restrictive for the maximum.,"Minimum 6 inches, Maximum 12 inches.","Correct: 29 CFR 1926.451(b)(5)(i) specifies that scaffold platforms shall extend over their end supports by at least 6 inches but no more than 12 inches, unless they are specially secured.","Minimum 12 inches, Maximum 18 inches.","Incorrect: A 12-inch minimum is too long, and an 18-inch extension would create a significant tipping hazard.","There is no minimum, but the maximum is 24 inches.",Incorrect: There is a required minimum extension to ensure the plank is stable on its support.,,,,,2,"OSHA standard 29 CFR 1926.451(b)(5) provides specific requirements for planking to ensure stability. The platform must extend a minimum of 6 inches over its support to prevent it from slipping off, but no more than 12 inches to prevent it from becoming a tipping hazard if a worker steps on the cantilevered end.",Ladder & Scaffold Safety
An excavation is 15 feet deep. A ladder is placed in the trench for egress. What is the primary reason that a simple extension ladder may be insufficient for egress in this situation?,multiple-choice,The ladder must be specifically rated for trench use.,Incorrect: There is no special 'trench use' rating for standard ladders.,The ladder must extend 3 feet above the top of the excavation.,"Correct: Just as with accessing a roof, 1926.1053(b)(1) requires a portable ladder used for access to an upper landing surface to have side rails that extend at least 3 feet above that surface. This is often overlooked in trenches.",The ladder will not have a 4:1 angle in a vertical trench.,"Incorrect: The ladder can be angled within the trench if there is room, or secured vertically if space is limited.",The ladder will be exposed to moisture and dirt.,"Incorrect: While this requires more frequent inspection, it does not automatically make the ladder insufficient.",,,,,2,"While providing a ladder seems straightforward, it must still comply with all parts of the ladder standard. For a 15-foot deep trench, the most commonly violated rule is 1926.1053(b)(1). Workers need to be able to safely step on and off the ladder at the top. To do this, the ladder must extend at least 3 feet above the ground level, providing a handhold for stability.",Excavation & Trenching
"A crew is setting up a traffic control zone on a road with a posted speed limit of 45 mph. According to the MUTCD, which is referenced by OSHA, what is a key requirement for the 'taper' that directs traffic out of its normal path?",multiple-choice,"The taper length must be at least 1,000 feet.","Incorrect: The taper length is calculated based on speed and lane width, not a fixed number.",The taper must be staffed by a certified flagger at all times.,"Incorrect: Flaggers are used to control traffic, but the physical length of the taper is a separate design element.","The taper length in feet should be calculated by the formula L = W x S, where W is lane width and S is speed.","Correct: The Manual on Uniform Traffic Control Devices (MUTCD) provides formulas for setting up safe work zones. For speeds of 45 mph or greater, the formula for taper length (L) is the width of the offset (W) times the posted speed (S). So, for a 12-foot lane, L = 12 * 45 = 540 feet.",The taper must use at least 10 traffic cones or barrels.,"Incorrect: The number of devices depends on the calculated length and required spacing, not a fixed minimum number.",,,,,3,"Setting up a safe Temporary Traffic Control (TTC) zone is a science guided by the MUTCD, which OSHA enforces under 1926.201. A critical component is the taper length, which must be long enough to allow drivers to merge safely and smoothly. The formula L=W*S (for speeds >= 45mph) ensures the taper angle is shallow enough for prevailing traffic speeds, preventing abrupt maneuvers and potential crashes.",Struck-By Hazards
"An employee is exposed to hexavalent chromium (CrVI) at a concentration that is above the Permissible Exposure Limit (PEL). The employer has implemented all feasible engineering and work practice controls, but the exposure still exceeds the PEL. What is the employer's NEXT required step?",multiple-choice,Apply for a variance from OSHA.,Incorrect: A variance is a complex legal process and not the next immediate step in the control hierarchy.,Provide and ensure the use of appropriate respiratory protection.,"Correct: 29 CFR 1926.1126(f)(1)(i) follows the classic hierarchy of controls. If engineering and work practice controls cannot reduce exposure to below the PEL, the employer MUST supplement them with respiratory protection.",Conduct medical surveillance every 6 months.,"Incorrect: Medical surveillance is required, but it is a monitoring step, not a control step to reduce the immediate exposure.",Rotate the employee to a different job with lower exposure.,"Incorrect: Job rotation is an administrative control, which should have been considered already. The next step after exhausting controls is PPE.",,,,,2,"The OSHA standard for hexavalent chromium, 1926.1126, mandates a strict hierarchy of controls. The primary methods are engineering and work practice controls. However, when these controls are not sufficient to reduce exposure to below the PEL, the standard explicitly requires the employer to provide and ensure the use of respiratory protection to close the gap and protect the worker.",Health Hazards
Which of the following is considered a 'leading edge' that would require fall protection under 29 CFR 1926.501?,multiple-choice,The edge of a 7-foot deep excavation.,"Incorrect: Excavation edges are covered by Subpart P, which requires protection from cave-ins, not necessarily fall protection into the trench (unless the fall hazard is the greater hazard).",The unprotected side of a floor or deck where workers are actively laying down new decking material.,"Correct: A leading edge is defined in 1926.500 as the edge of a floor, roof, or formwork for a floor or other walking/working surface which changes location as additional floor, roof, etc. is placed. This is a classic high-hazard fall scenario.",The top of a 5-foot high retaining wall.,Incorrect: A 5-foot fall does not meet the 6-foot threshold for fall protection on walking/working surfaces.,The side of a permanently installed stairway with 4 risers.,"Incorrect: Stairways require handrails, not fall protection in the sense of a PFAS or guardrail system for a leading edge.",,,,,2,"A 'leading edge' is a specific term in OSHA's fall protection standard. It refers to the dynamic, advancing edge of a surface under construction, like a floor or roof. Workers on a leading edge are exposed to a fall hazard, and per 1926.501(b)(2), they must be protected by guardrails, safety nets, or personal fall arrest systems when the fall distance is 6 feet or more.",Fall Protection
"A competent person has designed a sloping system for a 12-foot deep trench in Type C soil. What is the maximum allowable angle for this slope according to 29 CFR 1926 Subpart P, Appendix B?",multiple-choice,45 degrees (1H:1V),Incorrect: This slope is for Type B soil. Type C is less stable and requires a shallower slope.,53 degrees (3/4H:1V),"Incorrect: This slope is for stable rock or, in some cases, Type A soil. It is dangerously steep for Type C.",34 degrees (1.5H:1V),"Correct: For Type C soil, OSHA requires a slope of 1.5 horizontal to 1 vertical (1.5H:1V), which corresponds to an angle of approximately 34 degrees.",27 degrees (2H:1V),"Incorrect: This is a flatter, more conservative slope but not the maximum allowable steepness defined by the standard.",,,,,3,"OSHA's excavation standard, specifically Appendix B to Subpart P, provides prescriptive sloping requirements based on soil type. Due to its instability, Type C soil requires the shallowest slope. The standard mandates that the slope must be no steeper than 1.5 feet horizontal for every 1 foot of vertical depth (1.5H:1V), which is an angle of 34 degrees.",Excavation & Trenching
What is the fundamental difference between a fall 'restraint' system and a fall 'arrest' system?,multiple-choice,A restraint system is for horizontal movement; an arrest system is for vertical.,"Incorrect: Both can be used in various orientations. The difference is their function, not the direction of movement.","A restraint system prevents the worker from reaching a fall hazard, while an arrest system stops a fall after it occurs.",Correct: A fall restraint system uses a fixed-length lanyard or anchor point to physically prevent a worker from reaching an unprotected edge. A fall arrest system (PFAS) is designed to safely stop a worker who has already fallen.,"A restraint system does not require a full-body harness, but an arrest system does.","Incorrect: Both systems typically require a full-body harness as the body-holding device, especially for positioning. The key difference is preventing the fall vs. stopping it.",A restraint system has a maximum allowable fall distance of 2 feet.,"Incorrect: A properly configured restraint system has a fall distance of zero, as it prevents the fall from happening in the first place.",,,,,2,"This is a key conceptual difference in fall protection. Fall restraint (per 1926.502(e)) is a form of fall prevention that tethers a worker so they cannot reach the fall hazard. Fall arrest (PFAS, per 1926.502(d)) is a control that activates after a fall begins, decelerating and stopping the worker before they hit a lower level. Restraint is proactive; arrest is reactive.",Fall Protection
"A pneumatic nail gun accidentally discharges, firing a nail that strikes a worker's foot. The gun was equipped with a sequential trip trigger. What is the most likely cause of this accidental discharge?",multiple-choice,The worker was carrying the tool with their finger on the trigger while moving.,"Correct: A sequential trigger requires the safety contact tip to be depressed before the trigger is pulled. If a worker keeps the trigger depressed and then bumps the tip against a surface (like their leg), it will fire. This is a common cause of injury.",The air pressure was set too high.,Incorrect: High pressure might increase the nail's force but doesn't cause an accidental discharge with a sequential trigger.,The tool lacked a proper safety guard.,"Incorrect: The trigger mechanism itself is the primary safety control against accidental discharge, not a separate guard.",The worker was using the wrong size nails.,"Incorrect: Incorrect nails might cause a jam or misfire, but not typically an accidental discharge in this manner.",,,,,1,"Understanding tool-specific safety features is critical. A sequential trip trigger (required by 1926.302(b)(3) for most construction framing) is designed to prevent 'contact firing' (bump nailing). However, its safety is defeated if the operator carries the tool with the trigger held down. Any subsequent bump of the safety tip will cause the tool to fire, leading to a struck-by injury.",Struck-By Hazards
A welder is working in a permit-required confined space. A safety attendant (hole watch) is stationed outside. The attendant notices the welder has stopped moving and is unresponsive. What is the attendant's FIRST and most critical responsibility?,multiple-choice,Enter the confined space immediately to provide first aid.,"Incorrect: This is a critical error. An attendant must NEVER enter the space, as they would likely become a second victim.",Call 911 and wait for emergency services to arrive.,"Incorrect: This is a necessary step, but it is not the absolute first action.",Activate the pre-arranged rescue plan and summon the on-site rescue team.,"Correct: The attendant's primary role, as defined by 1926.1209(d), is to monitor and summon help. They must immediately call the designated on-site rescue service, which is equipped and trained for entry.",Use the ventilation fan to blow fresh air into the space.,"Incorrect: While ventilation should be running, this is not the immediate action to take when a worker is down. Summoning rescue is the priority.",,,,,3,"The role of the confined space attendant is strictly defined to prevent multiple fatalities. Their first and most important duty in an emergency is to summon the rescue team, as specified in the entry permit and rescue plan (1926.1211). They must not enter the space themselves, as the hazardous condition that incapacitated the entrant will likely affect them as well.",Health Hazards
An employer implements an Assured Equipment Grounding Conductor Program (AEGCP). Which TWO testing requirements are mandatory for cord sets and tools under this program?,multi-select,A continuity test to ensure the equipment grounding conductor is electrically continuous.,"Correct: Per 1926.404(b)(1)(iii)(D), a continuity test is one of the two required electrical tests under an AEGCP.",A test of the insulation resistance of the tool's motor.,Incorrect: This is a diagnostic test for the tool's condition but not a specific requirement of the AEGCP.,A visual inspection for damage before each day's use.,"Incorrect: This is a required inspection, but it is not one of the two required electrical tests. The question asks for testing requirements.",A terminal connection test to ensure the grounding terminal is correctly attached to the cord.,Correct: 1926.404(b)(1)(iii)(D) also requires a test to ensure the correct attachment of the equipment grounding conductor to the plug and receptacle.,,,,,"1,4","An AEGCP is a technical alternative to GFCIs and has very specific requirements under 1926.404(b)(1)(iii). Beyond daily visual checks, the program mandates periodic, documented electrical tests. These tests must verify the continuity of the grounding path from the tool back to the plug and the integrity of the terminal connections at both ends.",Electrocution
A mobile crane is being set up on soft soil. The operator places the outriggers directly onto the ground without any cribbing or mats. The crane begins to tip during a lift. This is a violation of the requirement to:,multiple-choice,Ensure the crane has been annually inspected.,Incorrect: Annual inspection is required but doesn't address the setup hazard.,Use a qualified rigger for the lift.,"Incorrect: The rigger's role is important, but the setup failure is the operator's/site supervisor's responsibility.","Ensure the ground is firm, drained, and graded to support the crane.","Correct: 29 CFR 1926.1402(b) requires the controlling entity to ensure the ground conditions are adequate. 1926.1404(h) requires crane setup to be on a firm, drained, and graded surface. Using mats or cribbing is the standard method to achieve this on soft soil.",Keep the load within 50% of the crane's rated capacity.,Incorrect: Even a light load can tip a crane if the foundation is not stable. The ground support is the fundamental issue.,,,,,3,"Crane stability is paramount and begins with the foundation. OSHA's standard for cranes and derricks, 29 CFR 1926.1402, places a heavy emphasis on assessing and preparing the ground. Setting up on soft soil without sufficient cribbing or crane mats to distribute the load is a primary cause of crane tip-overs. It is the responsibility of the operator and site management to ensure a stable setup before any lift.",Struck-By Hazards
A worker needs to access the top of a 15-foot high wall. They place a 16-foot stepladder next to the wall and climb it. Why is this a misuse of the equipment?,multiple-choice,The ladder is not tall enough to safely access the wall.,Correct: A stepladder is not designed to be leaned against a surface or used for accessing a higher level. A straight or extension ladder should have been used.,The worker is not maintaining three points of contact.,"Incorrect: While possible, the fundamental violation is using the wrong type of ladder for the task.","The ladder should be a Type IAA, 375 lb rated ladder.",Incorrect: The ladder's duty rating is not the issue; the type of ladder is wrong for the application.,Stepladders should not be used for heights over 10 feet.,"Incorrect: Stepladders come in various heights; the violation is in how it's being used, not its height.",,,,,1,"Ladder selection is as important as ladder use. According to 1926.1053(b)(4), ladders shall be used only for the purpose for which they were designed. A stepladder is self-supporting and not designed to be leaned against a structure for access. For this task, an extension ladder that extends 3 feet above the wall would be the appropriate choice.",Ladder & Scaffold Safety
An employer must provide training on the OSHA construction standards to employees. This training should emphasize what OSHA calls the 'Focus Four' hazards. Which of the following is NOT one of the Focus Four?,multiple-choice,Fall hazards,Incorrect: Falls are the leading cause of fatalities in construction and are a primary component of the Focus Four.,Struck-by hazards,"Incorrect: Struck-by hazards (e.g., falling objects, vehicles) are a core component of the Focus Four.",Caught-in/between hazards,"Incorrect: Caught-in/between hazards (e.g., trench collapse, rotating machinery) are a core component of the Focus Four.",Ergonomic hazards,"Correct: While ergonomic hazards are a significant concern and are covered under the General Duty Clause, they are not part of the 'Focus Four,' which specifically targets the top four causes of fatalities: Falls, Struck-By, Caught-In/Between, and Electrocution.",,,,,4,"OSHA's Outreach Training Program for Construction identifies the 'Focus Four' as the four leading causes of death on construction sites. These are Falls, Electrocution, Struck-By, and Caught-In/Between. Training programs, like the OSHA 10-hour, are structured heavily around recognizing and preventing these specific hazards.",Domain
"When excavating in a layered soil system (e.g., Type B over Type C), how must the protective system be designed?",multiple-choice,The system can be designed based on the stronger soil type (Type B).,Incorrect: This is dangerous and a direct violation. The presence of weaker soil below dictates the overall design.,The system must be designed for the least stable soil type (Type C).,"Correct: 29 CFR 1926.652(b)(4) specifies that when soils are configured in layers, the protective system must be designed to protect against the weakest soil type present.",The two layers can be benched independently according to their own soil types.,Incorrect: This is not allowed. The entire system must be designed for the weakest soil encountered.,A registered professional engineer must be consulted for any layered system.,"Incorrect: An engineer is only required if the trench is over 20 feet deep, not just because the soil is layered. A competent person can design the system for the weaker soil.",,,,,2,"Excavation safety requires a conservative approach. When different soil types are layered, the entire system is only as strong as its weakest link. Therefore, OSHA standard 1926.652(b)(4) mandates that the entire protective system (whether sloping, shoring, or shielding) must be designed as if the entire excavation were composed of the least stable soil type, which in this case is Type C.",Excavation & Trenching
A worker is applying insulation in an attic and is kneeling on the ceiling joists. The fall distance to the floor below is 11 feet. There is no flooring or decking material installed. What is OSHA's requirement in this situation?,multiple-choice,No fall protection is required because the work is part of residential construction.,"Incorrect: The 'residential construction' exception has been largely replaced by the requirement to follow 1926.501(b)(13), which mandates fall protection at 6 feet.",The worker must use a personal fall arrest system (PFAS).,"Correct: 1926.501(b)(13) requires workers on walking/working surfaces with an unprotected side or edge 6 feet or more above a lower level to be protected. In this scenario, with no other system feasible, a PFAS anchored overhead would be required.",A safety monitor can be used to watch the worker.,Incorrect: A safety monitor is not a permissible system for this type of hazard; it is primarily for low-slope roofing.,The worker must wear a hard hat in case they fall through.,"Incorrect: A hard hat is PPE for head protection from falling objects, not a form of fall protection for the worker.",,,,,2,"This scenario falls under 29 CFR 1926.501(b)(13) for residential construction. Since the worker is on a walking/working surface (the joists) with a fall hazard of 11 feet, fall protection is mandatory. Given the work area, conventional guardrails are not feasible. Therefore, a personal fall arrest system (PFAS) would be the required method to protect the worker.",Fall Protection
"A fire extinguisher, Type ABC, is located 100 feet from a small welding operation involving combustible materials. The extinguisher was last inspected 14 months ago. Which TWO OSHA requirements are being violated?",multi-select,The extinguisher is the wrong type for this hazard.,"Incorrect: A Type ABC extinguisher is appropriate for Class A (combustibles), B (liquids), and C (electrical) fires, making it suitable for a general welding area.",The extinguisher has not undergone its required annual maintenance check.,Correct: 29 CFR 1926.150(c)(1)(iv) requires portable fire extinguishers to be inspected periodically and maintained annually. 14 months exceeds the annual requirement.,The extinguisher is located too far from the work area.,"Correct: 29 CFR 1926.150(c)(1)(i) requires fire extinguishers to be within 100 feet of any area with more than 5 gallons of flammable liquids or 5 pounds of flammable gas. For general combustibles, the travel distance shall not exceed 100 feet. A more protective interpretation for a hot work area would be the 1926.352(d) requirement for a fire extinguisher to be 'immediately available' in the work area. 100 feet is not immediately available. Let's stick with the clearer 1926.150 rule. The rule is 75ft for Class A. Let's correct that. 1926.150(c)(1)(i) states a travel distance of no more than 100 feet. Let me re-read. Ah, 1910.157(d)(2) is clearer: 75 feet for Class A. The construction standard is less specific, but often defers to this. Let's use the Hot Work rule. 1926.352(d) says 'suitable fire extinguishing equipment shall be maintained in a state of readiness for instant use.' 100 feet away is not 'instant use'. Let's rephrase the option. 'The extinguisher is not immediately available at the hot work location.' - Correct.",The extinguisher is not mounted correctly.,Incorrect: The scenario does not provide information about how the extinguisher is mounted.,,,,,"2,3","This scenario has two violations related to fire safety. First, under 1926.150(c)(1)(iv), extinguishers must be maintained annually; 14 months is non-compliant. Second, for welding and cutting (hot work), 1926.352(d) requires fire extinguishing equipment to be 'immediately available' and 'in a state of readiness for instant use.' An extinguisher 100 feet away does not meet the 'immediately available' standard for a hot work operation.",Health Hazards
"A framing crew uses a forklift with a non-integrated, slide-on work platform to lift a worker 15 feet to install a sign. The platform is not secured to the forks in any way. Why is this a 'serious' violation?",multiple-choice,The operator of the forklift was not certified.,"Incorrect: Operator certification is required, but the method of lifting is the more grave violation.","The platform could easily slide off the forks, causing a fatal fall.","Correct: 29 CFR 1910.178(m)(12)(iii) and ASME B56.1 require that personnel platforms be securely attached to the lifting carriage or forks. An unsecured platform can shift or slide off, leading to a high probability of death or serious harm.",The worker in the platform was not wearing a hard hat.,Incorrect: PPE is secondary to the failure of the primary engineering control (securing the platform).,The sign being installed weighed more than 50 pounds.,Incorrect: The weight of the sign is irrelevant to the hazard of the unsecured platform.,,,,,2,"A 'serious' violation is defined by OSHA as one with a substantial probability of death or serious physical harm. An unsecured work platform on forklift forks is exceptionally dangerous. Any slight tilt of the mast or sudden stop could cause the platform to slide off, resulting in a 15-foot fall, which is very likely to cause death or serious injury. This directly violates 1926.602(c)(1)(viii)(A).",Caught-In/Between Hazards
"During a concrete pour, a worker is using a mechanical vibrator. The power cord for the vibrator is draped over several pieces of protruding rebar. This creates a risk of:",multiple-choice,The rebar becoming electrically energized if the cord is damaged.,"Correct: If the rebar abrades the cord's insulation, it can make contact with the live wire. This would energize the entire rebar mat, creating a massive and deadly electrocution hazard for multiple workers.",The vibrator overheating due to voltage drop.,"Incorrect: While possible, the immediate and severe hazard is electrocution, not equipment damage.",A trip hazard for the vibrator operator.,Incorrect: This is a minor hazard compared to the potential for mass electrocution.,The concrete failing to cure properly.,"Incorrect: This is a quality issue, not a direct OSHA safety hazard.",,,,,1,"This is a critical hazard recognition scenario. Electrical cords must be protected from damage (1926.416(e)(1)). Draping a cord over sharp objects like rebar is a direct violation. If the insulation is cut, the rebar grid becomes energized, and any worker touching it could be electrocuted. This is a particularly insidious hazard because it can be widespread and invisible.",Electrocution
A contractor is using a 30-ton mobile crane to lift a 2-ton generator. The crane is not equipped with a load moment indicator (LMI) or other device to prevent overloading. Under which condition is this acceptable?,multiple-choice,If the lift is less than 25% of the crane's rated capacity.,Incorrect: The requirement for safety devices is not waived based on the percentage of capacity being lifted.,If the crane was manufactured before 2010.,"Incorrect: While there were phase-in periods, modern standards require safety devices or specific alternative measures on most cranes of this type. The rule is complex. Let me check 1926.1415. The final rule had deadlines. As of 2025, this is generally not acceptable.",If the operator is certified and has more than 10 years of experience.,Incorrect: Operator experience does not substitute for required safety equipment.,It is generally not acceptable; most cranes of this type require an LMI or similar device.,"Correct: 29 CFR 1926.1415 requires cranes to be equipped with category I operational aids, including a load weighing device or LMI. While some older, smaller cranes had exceptions, a 30-ton mobile crane used in 2025 would almost certainly require this technology to be compliant.",,,,,4,"OSHA's crane standard (Subpart CC) has modernized safety requirements. For a typical 30-ton mobile crane operating today, 29 CFR 1926.1415 would mandate the use of operational aids like an LMI, which provides the operator with critical information on load weight, boom angle, and capacity. Operating without one is a significant violation, as it forces the operator to guess at the safety of the lift.",Struck-By Hazards
A scaffold is erected with its front legs 16 inches away from the building facade to accommodate a protruding window sill. What must be done to protect workers on the scaffold from falls through this gap?,multiple-choice,"The gap is acceptable as is, since it's less than 18 inches.",Incorrect: The maximum allowable gap without additional protection is 14 inches.,A personal fall arrest system (PFAS) must be used by all workers on the scaffold.,"Correct: 29 CFR 1926.451(b)(1)(i) states that the space between the platform and other structures shall not exceed 14 inches. When this distance is exceeded for reasons of work necessity, fall protection (such as a PFAS) must be erected or used to protect workers from the gap.",The scaffold planks must be extended to within 1 inch of the facade.,"Incorrect: Extending the planks is a form of closing the gap, but if that's not possible, then fall protection is the answer. The question implies the gap must remain.",A caution sign must be posted warning workers of the gap.,Incorrect: A sign is an administrative control and is not a substitute for proper fall protection.,,,,,2,"Scaffold safety rules are very specific. The 14-inch maximum gap rule (1926.451(b)(1)(i)) is a critical one. When site conditions (like a protruding sill) make it impossible to maintain this distance, the hazard of falling through the gap must be addressed. OSHA requires active fall protection, typically a personal fall arrest system, to protect workers in this situation.",Ladder & Scaffold Safety
A worker develops silicosis after 15 years of working as a bricklayer. The employer never conducted exposure assessments and only provided dust masks 'on request.' This case demonstrates a failure of the employer's fundamental responsibility under which OSHA clause or principle?,multiple-choice,The specific personal protective equipment (PPE) standard.,"Incorrect: While PPE was insufficient, the failure is much broader.","The General Duty Clause, Section 5(a)(1).","Correct: Before the specific Silica Standard existed, and even now for unrecognized hazards, the General Duty Clause requires employers to provide a workplace free from recognized hazards that are causing or are likely to cause death or serious physical harm. Crystalline silica has long been a recognized hazard.",The record-keeping standard (29 CFR 1904).,"Incorrect: A record-keeping failure may have also occurred, but the primary failure is the lack of a safe workplace.",The hazard communication standard.,"Incorrect: While related, the core failure is not just communicating the hazard but actively controlling the exposure to it.",,,,,2,"This scenario highlights a long-term, systemic failure. The General Duty Clause (Section 5(a)(1) of the OSH Act) is the foundation of employer responsibility. It obligates employers to protect workers from serious, recognized hazards, even if a specific standard does not exist. Since silica has been a recognized deadly hazard for decades, failing to take any steps to monitor or control exposure is a profound breach of this general duty.",Health Hazards
A worker is using a portable generator that has a floating neutral. The generator frame is not bonded to a grounding rod. The worker is using a tool plugged into the generator. Why does this NOT create the same hazard as an ungrounded permanent power source?,multiple-choice,Because portable generators are not powerful enough to cause a fatal shock.,Incorrect: Even small portable generators can be lethal.,Because the tool being used is double-insulated.,"Incorrect: While helpful, this isn't the fundamental reason the grounding scenario is different.","Because there is no complete circuit path from the generator, through the worker, to the earth.","Correct: On a generator with a floating neutral, the windings are isolated from the frame and earth. For a worker to be shocked, they would have to touch both a hot wire and the neutral wire simultaneously. Touching the generator frame during a fault will not create a path to ground.",Because OSHA exempts portable generators from all grounding requirements.,"Incorrect: OSHA has specific grounding requirements for generators (1926.404(f)(3)), but the physics of why grounding is or isn't needed differs from premises wiring.",,,,,3,"This is a complex electrical concept often misunderstood. In a standard grounded system (like a house), the neutral is bonded to ground. A fault from hot-to-frame creates a path back through the earth, which can shock a person. On a generator with an isolated (floating) neutral, the system has no reference to ground. A hot-to-frame fault will energize the frame, but there's no path for the current to flow through a person standing on the ground back to the generator's neutral winding. Therefore, bonding the frame to a ground rod is not required for shock protection in this specific setup.",Electrocution
"Which of the following is an example of a 'caught-in' hazard, as distinct from a 'struck-by' hazard?",multiple-choice,A worker is hit by a nail fired from a pneumatic gun.,"Incorrect: This is a classic 'struck-by' hazard, where an object strikes a person.",A worker is pinned between a reversing truck and a loading dock.,"Correct: This is a 'caught-in or -between' hazard. The injury is created by being squeezed, crushed, or compressed between two objects.","A carpenter drops a hammer from a scaffold, and it hits a worker below.",Incorrect: This is a 'struck-by' hazard (falling object).,"A grinding wheel shatters, and a fragment hits the operator.",Incorrect: This is a 'struck-by' hazard (flying object).,,,,,2,"Distinguishing between the Focus Four hazards is a key skill. A 'struck-by' incident involves impact from a moving object alone. A 'caught-in or -between' incident involves a person being crushed between two objects, or between a moving and a stationary object. Being pinned between a vehicle and a wall is a textbook example of a caught-between hazard.",Caught-In/Between Hazards
"An employer provides a fall arrest system with a rope grab and a vertical lifeline. The worker attaches the rope grab to the D-ring on the back of their harness. What is a potential, critical misuse of this system?",multiple-choice,Using a 3-strand rope instead of a kernmantle rope.,"Incorrect: The type of rope must be compatible with the rope grab, but both can be used in lifelines.",The worker grabs the rope grab device during a fall.,Correct: Many rope grabs can be disengaged or prevented from locking if the user reflexively grabs the device itself instead of the lifeline during a fall. This is a known issue called 'panic grab' and defeats the device.,The lifeline is not anchored to a certified anchor point.,"Incorrect: This is a violation, but the question asks about the misuse of the rope grab system itself.",The worker is using a 6-foot lanyard with the rope grab.,"Incorrect: Rope grabs are typically connected directly or with a short lanyard to the harness, so adding another lanyard could be a misuse, but the 'panic grab' is a more direct operational failure.",,,,,2,"Rope grabs are effective but require specific training to use safely. A common and deadly mistake is the instinctual 'panic grab.' If a worker falls, their reflex may be to grab onto the rope grab device attached to their chest or back. This action can impede the camming mechanism that is designed to lock onto the lifeline, causing it to slide down the rope and fail to arrest the fall. This violates the principle of using equipment per manufacturer's instructions (1926.502(d)).",Fall Protection
A demolition project involves breaking up a concrete floor that was painted with lead-based paint. Which TWO OSHA standards are most directly applicable to protecting the workers?,multi-select,29 CFR 1926.62 - Lead.,"Correct: This standard specifically covers all construction work where an employee may be occupationally exposed to lead. It includes exposure limits, monitoring, and control methods.",29 CFR 1926.1101 - Asbestos.,Incorrect: Asbestos is a different hazard with its own specific standard.,29 CFR 1926.59 - Hazard Communication.,"Correct: The HazCom standard applies because lead is a hazardous chemical. The employer must have a written program, SDSs, and provide training on the specific hazards of lead.","29 CFR 1926.55 - Gases, Vapors, Fumes, Dusts, and Mists.","Incorrect: While lead dust is created, the Lead standard (1926.62) is the comprehensive and specific regulation that takes precedence for this hazard.",,,,,"1,3","This scenario involves a specific, highly regulated chemical hazard: lead. Therefore, the primary standard is 29 CFR 1926.62, which governs all aspects of lead exposure in construction. In addition, because lead is a hazardous chemical, the employer must also comply with all requirements of the Hazard Communication standard (1926.59), which includes written programs, labels, SDSs, and training.",Health Hazards
A worker must perform maintenance on a large hydraulic press. An electrician locks out the main electrical disconnect. Which TWO other actions are critical for a complete and safe Lockout/Tagout (LOTO) procedure before work begins?,multi-select,Notifying the equipment manufacturer of the service.,Incorrect: Manufacturer notification is not part of a standard on-site LOTO procedure.,Placing a tag on the lock that identifies the authorized employee.,"Correct: Per 1910.147(c)(5), a tag must be affixed to the lock to identify the purpose and the employee who applied it.","Bleeding, blocking, or otherwise controlling all stored hydraulic energy.","Correct: LOTO requires controlling all hazardous energy sources. Per 1910.147(d)(5), stored energy, such as in hydraulic systems, must be dissipated or restrained.",Ensuring the area has at least 10 foot-candles of light.,"Incorrect: While adequate lighting is a general safety requirement, it is not a specific step in the process of controlling hazardous energy.",,,,,"2,3","A comprehensive Lockout/Tagout procedure, as required by 29 CFR 1910.147, must account for all forms of hazardous energy, not just electrical. This includes stored hydraulic pressure, which must be released or blocked. Additionally, the standard requires that each lock be accompanied by a tag that clearly identifies who is performing the work.",Caught-In/Between Hazards
A masonry crew is working on a supported scaffold 25 feet high. Tools and loose bricks are staged on the work platform. Pedestrians are permitted to walk on the sidewalk below the scaffold. What specific component is required on the scaffold platform to protect people below?,multiple-choice,A debris net installed from the platform level to the ground.,"Incorrect: While a debris net is a form of protection, a more fundamental component is required on the platform itself.",A personal fall arrest system (PFAS) for every worker on the scaffold.,Incorrect: A PFAS protects the worker wearing it from a fall; it does not protect people below from falling objects.,"A toeboard, at least 3.5 inches high, installed along the edge of the platform.",Correct: 29 CFR 1926.451(h)(1) requires toeboards to be erected along the edge of platforms more than 10 feet above lower levels to prevent tools and materials from falling.,Warning signs posted below that say 'CAUTION: WORK OVERHEAD'.,Incorrect: Signs warn of a hazard but do not control it. A physical barrier like a toeboard is a required engineering control.,,,,,3,"When there is a risk of tools or materials falling from a scaffold onto people below, OSHA requires an engineering control to prevent this. 29 CFR 1926.451(h)(1) specifically mandates the installation of toeboards (or screens or a guardrail system) along the edge of the platform to contain these materials.",Ladder & Scaffold Safety
"An employer's safety policy states that any employee exposed to a fall hazard of 6 feet or more must be tied off, 'no exceptions.' An employee who refuses to tie off while working at 8 feet is terminated. The employee argues the termination was unjust. What is the employer's strongest legal and ethical position?",multiple-choice,The employee should be retrained instead of terminated.,"Incorrect: If an employee willfully violates a known, critical safety rule, termination can be a justified response to protect that employee and others.","The employer's policy is stricter than OSHA's, so it is unenforceable.",Incorrect: Employers are permitted to have safety rules that are stricter than OSHA's minimum requirements.,"The employer has the right and obligation to enforce its safety rules, especially when they are designed to prevent fatal injuries.",Correct: Employers have a right and a duty under the General Duty Clause to enforce safety policies created to protect employees. Terminating an employee for willfully refusing to use life-saving equipment is a legally defensible action to maintain a safe workplace.,The termination is unjust because the fall was only 8 feet.,Incorrect: A fall from 8 feet can easily be fatal. The employer's policy to protect against a recognized deadly hazard is reasonable.,,,,,3,"Employers can and should implement safety policies that may exceed OSHA's minimums. Enforcing these policies, especially for life-threatening hazards like falls, is a critical part of maintaining a safety culture. Terminating an employee for insubordination related to a critical safety rule is a legitimate action to ensure the safety of all employees on site.",Fall Protection
A competent person is inspecting the rigging for a critical lift. They find a synthetic web sling with the identification tag missing or illegible. What is the correct action to take?,multiple-choice,Use the sling if it appears to be in good condition after a visual inspection.,"Incorrect: The tag contains the rated capacity. Without it, the sling's capacity is unknown and it cannot be safely used.",Derate the sling's capacity by 50% and use it for a lighter load.,Incorrect: Derating is not permitted. The sling must be removed from service.,Immediately remove the sling from service and destroy it or have it re-certified by the manufacturer.,"Correct: 29 CFR 1926.251(e)(1) requires each sling to be marked with its rated capacity. If this tag is missing or unreadable, the sling must be removed from service immediately.",Use the sling only in a basket hitch to double its assumed strength.,Incorrect: This is a dangerous assumption. The sling's capacity is unknown and cannot be used in any configuration.,,,,,3,"The identification tag on a sling is its most important safety feature. It provides the rated capacities for different hitch types. Without this information, it is impossible to know if the sling is appropriate for the lift. OSHA and ASME standards are absolute on this point: no tag, no use. The sling must be removed from service.",Struck-By Hazards
"A spoil pile from a 12-foot deep trench is placed 1 foot from the edge. Besides the risk of material rolling into the trench, what is the primary structural hazard this creates?",multiple-choice,It violates the 6-foot fall protection rule for walking surfaces.,"Incorrect: The spoil pile is not a walking surface, and this is not a fall protection issue.",It creates a significant surcharge load on the trench wall.,"Correct: The weight of the excavated soil places additional pressure (surcharge load) on the adjacent trench wall, significantly increasing the risk of a cave-in. This is why 1926.651(j)(2) requires spoil piles to be set back at least 2 feet from the edge.",It obstructs the emergency exit path from the trench.,"Incorrect: While it could obstruct egress, the primary hazard is the surcharge load that can cause a collapse, trapping the worker.",It can shift the soil classification from Type B to Type C.,"Incorrect: The spoil pile doesn't change the inherent soil type, but it does add forces that the soil must resist.",,,,,2,"The 2-foot setback rule for spoil piles (1926.651(j)(2)) is not arbitrary. It exists to prevent the weight of the excavated earth from acting as a surcharge load on the trench walls. Placing this weight directly at the edge can easily trigger a collapse, especially in less stable soils. The 1-foot setback is a clear and dangerous violation.",Excavation & Trenching
"A 'qualified' electrician must perform diagnostic testing inside a live 480V electrical panel. According to NFPA 70E principles, which are referenced by OSHA, what is the FIRST step in establishing an electrically safe work condition before touching any energized parts?",multiple-choice,Put on the appropriate arc-rated PPE.,Incorrect: PPE is the last line of defense. The first step is to de-energize if at all possible.,Perform a hazard analysis to determine the arc flash boundary.,"Incorrect: The analysis is critical, but the absolute first step is to determine if the equipment can be turned off.","Determine if the equipment can be de-energized. If it can, de-energize it.",Correct: The highest priority in the hierarchy of controls is elimination. NFPA 70E states that the first and most important step is to de-energize the circuit unless the employer can demonstrate that de-energizing introduces additional or increased hazards or is infeasible.,Post a spotter with a fiberglass hot stick outside the panel.,"Incorrect: This is a rescue consideration, not the first step in creating a safe work condition.",,,,,3,"The concept of 'electrically safe work condition' is central to modern electrical safety and is championed by NFPA 70E. It begins with one question: Can the power be turned off? De-energizing and applying LOTO is always the preferred method. Working live is the exception, not the rule, and must be justified because it exposes workers to extreme risk.",Electrocution
"A worker is using a step ladder to reach a shelf. The ladder is fully opened and locked, but it is rocking slightly because one foot is on a tiled floor and the other is on a carpeted floor. This is a violation of which fundamental ladder safety rule?",multiple-choice,The ladder is not tall enough for the task.,Incorrect: The ladder's height is not the issue; its stability is.,The worker did not maintain three points of contact.,Incorrect: The violation occurred before the worker even began to climb.,Ladders must be placed on a stable and level surface.,Correct: 29 CFR 1926.1053(b)(6) requires ladders to be used only on stable and level surfaces unless secured. Placing a ladder across two different surfaces creates an unlevel and unstable condition.,The ladder does not have a 300 lb duty rating.,Incorrect: The duty rating does not address the setup instability.,,,,,3,"The foundation is the most critical element of ladder safety. OSHA standard 1926.1053(b)(6) is explicit that ladders must be on stable and level ground. Straddling two different surfaces, like tile and carpet, creates an unstable, unlevel base that can easily cause the ladder to shift and fall once weight is applied.",Ladder & Scaffold Safety
"During a site inspection, an OSHA compliance officer notes that the general contractor (GC) did not ensure that a subcontractor's employees were using fall protection near an unprotected edge. Under the Multi-Employer Worksite Policy, the GC can be cited as the 'controlling employer' because:",multiple-choice,The GC created the fall hazard.,"Incorrect: The GC may not have created the hazard, but they have responsibility for it.",The GC's own employees were also exposed to the hazard.,Incorrect: This would make the GC an 'exposing employer.' They can be a 'controlling employer' even if none of their own employees are exposed.,"The GC has general supervisory authority over the worksite, including the power to have safety violations corrected.","Correct: A 'controlling employer' is one who has general supervisory authority over the worksite, which includes the power to correct safety and health violations or require others to correct them. The GC almost always fills this role.",The subcontractor does not have a written safety plan.,Incorrect: The subcontractor's lack of a plan is their own violation; the GC's violation is the failure to exercise their control over site safety.,,,,,3,OSHA's Multi-Employer Worksite Policy is critical on construction projects. The 'controlling employer' (typically the General Contractor) has a legal responsibility for safety across the entire site because they have the contractual power and authority to ensure all employers comply with OSHA standards. Failure to exercise this control and supervision is a citable offense.,Fall Protection
"A worker is using a half-mask elastomeric respirator with P100 filters to protect against lead dust from grinding paint. What is the Assigned Protection Factor (APF) for this type of respirator, and what does it mean?",multiple-choice,APF 10: It can be used in concentrations up to 10 times the Permissible Exposure Limit (PEL).,"Correct: According to 29 CFR 1910.134, a half-mask elastomeric respirator has an APF of 10. This means it is expected to reduce the concentration inside the facepiece to 1/10th of the concentration outside the facepiece.",APF 25: It can be used in concentrations up to 25 times the PEL.,Incorrect: An APF of 25 is typically associated with a full-facepiece respirator under specific conditions.,APF 50: It can be used in concentrations up to 50 times the PEL.,"Incorrect: An APF of 50 is the standard for a full-facepiece, air-purifying respirator.",APF 100: It means the filter is 100% efficient at capturing lead particles.,"Incorrect: P100 refers to the filter efficiency (99.97% against all particulates), but the APF of 10 refers to the overall protection of the respirator assembly, including face seal leakage.",,,,,1,"Understanding Assigned Protection Factors (APFs) is crucial for correct respirator selection. The APF, found in Table 1 of 1910.134(d)(3)(i)(A), indicates the level of respiratory protection a respirator is expected to provide. A half-mask respirator has an APF of 10, meaning it is only suitable for atmospheres where the contaminant concentration is no more than ten times the PEL.",Personal Protective Equipment (PPE)
A contractor needs to install a new HVAC unit on a roof. The crane operator determines that the only place to set up the crane requires the boom to swing over a nearby public sidewalk. Which TWO precautions are essential?,multi-select,The crane must have a valid annual inspection sticker.,"Incorrect: While required, this is a general prerequisite and not a specific precaution for the overhead lifting hazard.",The area below the swing radius of the boom must be barricaded to prevent entry by pedestrians.,"Correct: 29 CFR 1926.1424(a)(2)(ii) requires the employer to erect and maintain control lines, warning lines, or railings to mark the boundary of the hazard area and keep people out.",The lift must be performed at night when pedestrian traffic is minimal.,"Correct: This is a valid administrative control. 1926.1424 emphasizes preventing employee entry into the hazard zone. For public safety, performing the lift during off-hours is a primary way to minimize exposure.",The crane operator must have at least 10 years of experience.,"Incorrect: Operator certification is required, but a specific number of years of experience is not a prescribed control method.",,,,,"2,3","Lifting loads over areas accessible to the public is a high-risk activity. The primary principle under 29 CFR 1926.1424 (and general public safety) is to prevent exposure. This is best achieved by physically barricading the entire area under the boom's swing radius to prevent entry. Additionally, using an administrative control like performing the lift during non-peak hours (e.g., at night) is a critical step to further reduce risk.",Struck-By Hazards
"An employee is tasked with grinding mortar off bricks using a handheld angle grinder. According to OSHA's Silica Standard Table 1 (1926.1153), what engineering control must be used with this tool?",multiple-choice,The work must be done outdoors with good ventilation.,Incorrect: Natural ventilation is not a sufficient engineering control listed on Table 1 for this task.,A dust collection system that provides at least 25 cubic feet per minute (CFM) of airflow per inch of wheel diameter.,"Correct: Table 1, entry (viii) for handheld grinders for mortar removal, specifies this exact engineering control: a shroud with a dust collector providing at least 25 CFM/inch.",The employee must wear a full-face respirator.,"Incorrect: A respirator is also required, but the engineering control is the primary requirement and is specifically defined.",The bricks must be sprayed with water before and during grinding.,"Incorrect: While a wet method is an option for some tools, the prescribed control for grinders in Table 1 is a specific vacuum system.",,,,,2,"OSHA's Silica Table 1 provides a 'cookbook' of approved control methods. For a specific task like using a handheld grinder on mortar, employers don't have to guess. They must follow the prescription in the table. For this task, it's an integrated shroud and a vacuum system with a specified suction power (25 CFM per inch of wheel diameter) to capture the dust at the source.",Health Hazards
"A worker is climbing a 24-foot extension ladder that is not tied off at the top, bottom, or otherwise secured. The ladder is placed on clean, level concrete. This is a violation because:",multiple-choice,The ladder is taller than 20 feet and must be secured.,"Correct: While there isn't a specific height at which securing becomes mandatory, 1926.1053(b)(1) states that ladders must be secured when used for access to an upper landing surface. Best practice and general stability requirements under (b)(6) would necessitate securing a ladder of this height to prevent displacement. Let me rephrase for clarity. The question is a bit weak. Let's make it about a specific rule.
A worker is climbing a 24-foot extension ladder to get onto a roof. The top of the ladder is level with the roof edge. What is the specific violation?""",multiple-choice,The ladder is not made of fiberglass.,Incorrect: The material is not the violation unless there is an electrical hazard.,The ladder is not secured at the top or bottom.,"Incorrect: While a likely violation, there is a more specific violation in the description.",The ladder side rails do not extend at least 3 feet above the upper landing surface.,"Correct: 29 CFR 1926.1053(b)(1) requires that when ladders are used for access, the side rails must extend at least 3 feet above the landing surface to provide a handhold for workers transitioning on and off the ladder.",The ladder is set at the wrong angle.,Incorrect: The scenario does not provide enough information to determine the angle. The height relative to the roof is the clear violation.,,3,The 3-foot extension rule is a critical and frequently violated ladder safety requirement. OSHA standard 1926.1053(b)(1) mandates this extension to ensure that a worker has something to hold onto for stability as they step on or off the ladder at the upper level. A ladder that is flush with the roof edge creates a very dangerous transition point.,Ladder & Scaffold Safety
"An excavation has water actively seeping into it. The competent person has a dewatering pump running, and the water level is being controlled. Can employees continue to work in the trench?",multiple-choice,"No, employees must be removed from any excavation with water in it.",Incorrect: Work can proceed if the hazard is controlled.,"Yes, as long as the pump is running, work can continue without restriction.","Incorrect: The pump is a control, but the competent person has further duties.",Only if the water accumulation is less than 6 inches deep.,Incorrect: OSHA does not specify an 'acceptable' depth of water accumulation.,"Yes, but only after the competent person has inspected and determined the pump is adequately controlling the hazard.","Correct: 29 CFR 1926.651(h)(2) states that if dewatering equipment is used, 'the equipment and operations shall be monitored by a competent person' to ensure it is working correctly and keeping the trench safe.",,,,,4,"The presence of water in a trench is a major warning sign for potential collapse. While OSHA requires employees to be protected from water accumulation, it allows work to continue if a dewatering process is in place. However, this is conditional: a competent person must actively monitor the dewatering operation and inspect the trench to ensure the control is effective and the trench remains safe for entry.",Excavation & Trenching
What is the primary purpose of 'cross-bracing' on a supported frame scaffold system?,multiple-choice,To serve as a ladder for climbing the scaffold.,Incorrect: Cross-bracing is not designed to be climbed and using it for access is a violation of 1926.451(e)(1).,To provide fall protection in lieu of a mid-rail.,"Incorrect: While some specific scaffold types allow this under strict conditions, the primary purpose of cross-bracing is structural.","To ensure the scaffold is plumb, level, and square, providing stability against racking.","Correct: Cross-bracing is a critical structural component. It connects the scaffold frames and prevents them from twisting or racking (parallelogramming), which would lead to instability and collapse.",To provide anchor points for personal fall arrest systems.,Incorrect: Cross-bracing is not designed to be an anchorage point and would likely fail if subjected to the force of a fall.,,,,,3,"Cross-bracing is essential to the structural integrity of a supported scaffold. As described in 1926.451(c), the braces connect the vertical members and create rigid triangles within the structure. This triangulation is what gives the scaffold its strength and prevents it from swaying, leaning, or collapsing under load.",Ladder & Scaffold Safety
Which of the following scenarios constitutes a 'caught-between' hazard?,multiple-choice,A worker is hit by a piece of flying debris from a chipping gun.,Incorrect: This is a struck-by (flying object) hazard.,A worker's glove is snagged by the rotating chuck of a drill press.,Correct: This is a caught-in/between hazard where a part of the worker's body is pulled into or between moving parts of a machine.,A load slips from a crane hook and lands on a worker's foot.,Incorrect: This is a struck-by (falling object) hazard.,A worker trips over an extension cord and falls.,"Incorrect: This is a slip, trip, and fall hazard, not a caught-between.",,,,,2,"Recognizing the specific type of hazard is key. A 'caught-in' or 'caught-between' hazard involves a person, or a part of their body, being caught, crushed, squeezed, compressed, or pinched between two or more objects, or between parts of an object. A glove being snagged by a rotating machine part is a classic example that can lead to horrific injuries.",Caught-In/Between Hazards
"A worker is part of a 3-person crew in a 12-foot deep trench with a single ladder for egress. One worker is at the far end of the trench, 40 feet away from the ladder. This is a violation because:",multiple-choice,There should be at least two ladders in a trench this deep.,Incorrect: The number of ladders is not specified; the travel distance is the key factor.,The trench is over 10 feet deep and requires an engineered protective system.,"Incorrect: This may be true, but it's not the violation related to egress.",A worker's lateral travel distance to an exit must not exceed 25 feet.,"Correct: 29 CFR 1926.651(c)(2) requires that in any trench 4 feet or deeper, a safe means of egress must be located so as to require no more than 25 feet of lateral travel for employees.",The crew size is too large for a single ladder.,"Incorrect: The rule is based on travel distance, not the number of workers.",,,,,3,"The 25-foot egress rule (1926.651(c)(2)) is a critical life-safety measure in trenching. In the event of a sudden hazard like a partial collapse or a hazardous atmosphere, workers must be able to escape quickly. Limiting the travel distance to an exit to 25 feet ensures that no worker is ever too far from a way out.",Excavation & Trenching
"An electrical cord's insulation is frayed, exposing the copper conductors. The tool it's connected to still works, so an employee wraps the frayed section with black electrical tape and continues to use it. This action is a violation because:",multiple-choice,Only a qualified electrician is allowed to apply electrical tape.,"Incorrect: The issue isn't who applies the tape, but that the tape is an improper repair.",The tape should have been yellow to indicate a repair.,Incorrect: Color-coding tape is not the standard for this type of repair.,Flexible cords may not be repaired with tape; they must be replaced or properly re-spliced.,"Correct: 29 CFR 1926.416(e)(1) states that worn or frayed electric cords shall not be used. While splicing is permitted if done correctly (to retain insulation and strength), simply taping over a break is not a recognized or safe repair method.",The tool should have been taken out of service and tagged 'Defective'.,"Correct: A frayed cord renders the equipment defective. This is also a correct answer. Let me re-evaluate. Both C and D are correct actions/violations. C describes WHY the repair is a violation. D describes the required ACTION. The question asks why the action is a violation. The action is taping and continuing to use"". That action is a violation because ""cords may not be repaired with tape"". This is a better fit for the question.""",,,,,3,"Using tape for a temporary patch on a damaged electrical cord is a common but dangerous violation. OSHA standards require that damaged cords be removed from service. A proper repair involves cutting out the damaged section and installing a code-compliant splice, a task for a qualified person. A simple tape wrap does not restore the cord's original insulation value or physical strength and can lead to shock or fire.",Electrocution
A full-body harness manufactured in January 2018 has never been used and has been stored in its original sealed bag in a climate-controlled warehouse. A supervisor inspects it and sees no visible damage. Can it be put into service in 2025?,multiple-choice,"No, all harnesses have a strict 5-year service life from the date of manufacture.","Incorrect: This is a common myth. Most manufacturers recommend a service life, but OSHA does not mandate a specific expiration date. Service life depends on inspection and condition.","Yes, as long as a competent person inspects it and finds it to be in safe condition.","Correct: OSHA 1926.502(d)(21) requires inspection by a competent person. There is no OSHA-mandated expiration date. If the harness passes the rigorous inspection, it can be used, regardless of its age. Manufacturer guidelines should be consulted but are not law.","No, it must be proof-tested by a laboratory before its first use.","Incorrect: Proof-testing is for design validation by the manufacturer, not for individual harnesses before use.","Yes, but only for light-duty work, not for fall arrest.","Incorrect: If it is deemed safe for service, it is safe for its intended purpose, which is fall arrest.",,,,,2,"The '5-year rule' for harnesses is a widespread misconception. OSHA requires that personal fall arrest systems be inspected for damage before each use and annually by a competent person. The decision to keep a harness in service is based on its condition as determined by these inspections, not its age. Manufacturer recommendations should be considered, but a competent person makes the final determination based on inspection.",Fall Protection
"A worker is grinding a metal pipe, sending a shower of sparks toward a pile of cardboard boxes and oily rags 15 feet away. This is a violation of which specific hot work requirement?",multiple-choice,The worker is not wearing leather gloves.,"Incorrect: While PPE is important, the primary violation is the failure to control ignition sources.",A fire watch is not posted.,"Incorrect: A fire watch is required when combustibles are within 35 feet, but the first step is to move them.",Combustibles were not moved or protected from the ignition source.,"Correct: 29 CFR 1926.352(d) states that if the object to be welded or cut cannot be readily moved, all movable fire hazards in the vicinity shall be taken to a safe place. If they cannot be moved, they must be protected with fire-resistant guards.",The grinder does not have a proper safety guard.,"Incorrect: While a guard is required for the tool, the violation here is related to the hot work process and fire prevention.",,,,,3,"Hot work safety is paramount to prevent fires. The fundamental rule, per 1926.352(d), is to separate the fuel from the ignition source. The first and best option is always to move any combustible materials (like cardboard and oily rags) out of the area. Allowing sparks to fly toward a known fuel source is a direct and serious violation of hot work procedures.",Struck-By Hazards
"In the hierarchy of controls, which of the following is an example of an 'administrative control' for reducing noise exposure?",multiple-choice,Providing workers with high-NRR earmuffs.,"Incorrect: Earmuffs are Personal Protective Equipment (PPE), which is the lowest level in the hierarchy.",Installing sound-dampening enclosures around a noisy generator.,"Incorrect: This is an engineering control, which is higher on the hierarchy than an administrative control.",Rotating workers between high-noise and low-noise tasks throughout the day.,"Correct: Job rotation is a classic administrative control. It doesn't eliminate the noise, but it limits an individual worker's duration of exposure by changing the way people work.",Replacing a noisy pneumatic tool with a quieter battery-powered model.,"Incorrect: This is an example of substitution, a type of engineering control that is high on the hierarchy.",,,,,3,"Understanding the hierarchy of controls is key to effective safety management. Administrative controls are changes to work policies or procedures. Job rotation is a prime example because it mitigates the hazard's effect on an individual by limiting their exposure time, rather than by physically removing or isolating the hazard itself.",Health Hazards
A worker must enter a 6-foot deep trench to retrieve a tool. The trench is in Type B soil and has vertical walls with no protective system. The worker plans to be in the trench for 'only 30 seconds.' Why is this action a serious OSHA violation?,multiple-choice,The worker is not wearing a hard hat.,Incorrect: PPE is secondary. The primary hazard is the imminent threat of collapse.,"A trench can collapse in seconds, and entry for any duration without protection is prohibited.","Correct: 29 CFR 1926.652(a)(1) requires protection against cave-ins in excavations 5 feet or deeper, unless in stable rock. The duration of entry is irrelevant, as a collapse can be instantaneous and fatal.",The tool should be retrieved using a hook or magnet.,"Incorrect: While a good idea, the core violation is the prohibited entry into an unprotected trench.",The soil has not been tested by a qualified person.,"Incorrect: The competent person tests the soil. Even if tested, entry into a 6-foot vertical trench in Type B soil is prohibited without protection.",,,,,2,"There is no 'safe' amount of time to be in an unprotected trench. Cave-ins happen without warning. OSHA's standard, 1926.652(a)(1), requires protection for any employee in an excavation 5 feet or deeper. The belief that one can be 'in and out' before a collapse is a deadly misconception and a willful violation of a critical safety rule.",Excavation & Trenching
What is the key functional difference between the orange D-ring on the back of a harness and the silver D-rings on the hips?,multiple-choice,The orange color signifies it's the primary anchor point.,"Incorrect: The color is for visibility, not a functional designation. The position determines the function.",The back (dorsal) D-ring is for fall arrest; the hip D-rings are for work positioning.,"Correct: The dorsal D-ring is positioned to keep the body upright during a fall arrest event. The side/hip D-rings are for attaching positioning lanyards, which allow a worker to be supported while working with both hands free on a vertical surface. They are not for fall arrest.",The back D-ring has a higher strength rating than the hip rings.,"Incorrect: All D-rings on a harness must meet high strength requirements, but they are designed for different types of loading.",The hip D-rings are only for carrying tools.,"Incorrect: Hip D-rings are specifically designed as connection points for positioning lanyards, not for tool storage.",,,,,2,"A full-body harness is a multi-function tool, and using the correct attachment point is critical. The dorsal D-ring is the only acceptable attachment point for a fall arrest system (1926.502(d)). Using hip D-rings for fall arrest can cause serious injury because they are not designed to distribute the impact forces of a fall throughout the body. They are solely for work positioning systems.",Fall Protection
"A forklift operator, traveling with a large load that obstructs their forward view, decides to drive forward while looking around the side of the load. This is a violation of which safe operating procedure?",multiple-choice,The operator must use a spotter to guide them.,"Incorrect: While a spotter is an option, it's not the primary required procedure.",The operator must drive in reverse to have a clear line of sight.,"Correct: 29 CFR 1910.178(n)(4) states that if the load being carried obstructs the forward view, the driver shall be required to travel with the load trailing (i.e., in reverse).",The operator must honk the horn continuously while moving forward.,"Incorrect: Honking is for intersections and blind spots, but it does not replace the need for a clear view of the travel path.",The load should be lifted higher to see underneath it.,Incorrect: Lifting a load high while traveling is extremely unstable and is a separate violation.,,,,,2,"Safe operation of a powered industrial truck (forklift) requires the operator to have a clear view of the path of travel. OSHA standard 1910.178(n)(4) is explicit: if the load blocks the view, the operator's only option is to drive in reverse (or use a spotter, though reversing is the default procedure). Driving forward 'peeking' around the load is a dangerous and direct violation.",Struck-By Hazards
An employee is mixing concrete in a wheelbarrow. Which action would constitute a potentially hazardous ergonomic risk factor?,multiple-choice,Wearing nitrile gloves instead of leather gloves.,"Incorrect: This is a PPE choice, not an ergonomic risk factor.","Using a shovel with a short handle, requiring the worker to bend over repeatedly.","Correct: This creates a combination of awkward posture (deep forward bend) and forceful exertion, which are primary risk factors for back injuries.",Adding water to the concrete mix too quickly.,"Incorrect: This is a quality issue, not an ergonomic one.",Working in direct sunlight without a break.,"Incorrect: This is a heat stress hazard, which is different from an ergonomic/musculoskeletal hazard.",,,,,2,"Ergonomics is the science of fitting the job to the worker. Using a tool that is the wrong size, like a short-handled shovel for a ground-level task, forces the worker into an awkward and stressful posture. This repetitive bending and lifting is a well-documented cause of musculoskeletal disorders (MSDs), particularly low back injuries, which falls under the employer's General Duty Clause responsibility.",Health Hazards
"A temporary power cord is run across a main jobsite walkway. To protect it, a supervisor lays two loose 2x4 boards on either side of the cord. This is an inadequate solution because it creates which TWO hazards?",multi-select,It fails to protect the cord from being crushed by heavy equipment.,"Correct: Simple wood planks will not protect the cord from the weight of a forklift or truck, violating the principle of 1926.416(e)(1) to protect cords from damage.",It introduces a significant trip hazard.,Correct: The loose boards themselves create an even larger and more awkward trip-and-fall hazard than the original cord.,It creates a fire hazard from the wood.,Incorrect: The wood itself is not a primary fire hazard in this context.,It violates the color-coding scheme for electrical wiring.,Incorrect: This situation has nothing to do with wire color-coding.,,,,,"1,2","This is an example of a well-intentioned but poorly executed safety measure. While attempting to protect the cord, the supervisor has failed on two fronts. The 'protection' is insufficient to prevent crushing from vehicles (a violation of 1926.416(e)(1)). More importantly, the loose boards have created a much more significant trip hazard, potentially causing more injuries than the cord itself. A proper, beveled cable ramp would be the correct solution.",Electrocution
"A scaffold has been erected and inspected by a competent person. Later in the day, a foreman directs a laborer to remove the mid-rail on one section to make it easier to load materials onto the platform. This action is a serious violation because:",multiple-choice,Only a competent person is authorized to modify a scaffold.,"Correct: 29 CFR 1926.451(f)(7) states that scaffolds shall be erected, moved, dismantled, or altered only under the supervision and direction of a competent person. The foreman and laborer are making an unauthorized and dangerous modification.",The mid-rail is the primary anchor point for fall protection.,Incorrect: Mid-rails are not anchor points. They are part of the guardrail system.,The top rail is now considered a single point of failure.,"Incorrect: While true, the core violation is the unauthorized modification of a safety system.",Loading materials is not allowed on that type of scaffold.,"Incorrect: The issue is not the loading itself, but the unsafe alteration made to facilitate it.",,,,,1,"A scaffold is an engineered system. Once it is inspected and approved by a competent person, it cannot be altered by anyone else. Removing a critical safety component like a mid-rail without the competent person's approval and supervision creates a fall hazard and undermines the integrity of the entire safety system. This is a direct violation of 1926.451(f)(7).",Ladder & Scaffold Safety
A contractor digs an 11-foot deep trench. The competent person has identified the soil as Type C. The contractor chooses to use a trench shield (trench box) as the protective system. The shield is 10 feet tall. What is the most significant hazard present?,multiple-choice,The shield is not tall enough to protect the full depth of the trench.,"Correct: While the shield protects most of the trench, the top 1 foot of Type C soil is unprotected and can easily collapse, potentially burying workers up to their chest. 1926.652(g) requires protection for the full depth.","The trench is deeper than 10 feet and requires shoring, not shielding.",Incorrect: Shielding (a trench box) is a perfectly acceptable protective system for a trench of this depth in Type C soil.,The competent person may have misclassified the soil.,"Incorrect: The violation is with the implementation of the protective system, not necessarily the classification.",The shield does not extend at least 18 inches above the top of the trench.,"Incorrect: While extending the shield above the trench is a best practice to prevent material from rolling in, the primary violation is the failure to protect the full depth of the excavation wall.",,,,,1,"A trench shield must protect workers from the hazard of collapsing walls along the entire depth of the excavation. In this case, the 10-foot shield in an 11-foot trench leaves the top foot of unstable Type C soil exposed. This soil can collapse and pour over the top of the shield, creating a serious caught-in/between hazard for the workers inside.",Caught-In/Between Hazards
A worker on a construction site is observed using a 100-foot extension cord that is missing its grounding pin. The employer has an Assured Equipment Grounding Conductor Program (AEGCP) in place. Why is this still a violation?,multiple-choice,The AEGCP only applies to cords shorter than 50 feet.,"Incorrect: An AEGCP applies to all applicable cord sets, regardless of length.","The AEGCP requires visual inspections, and a missing ground pin is a defect that must be found and corrected.","Correct: A core component of an AEGCP, per 1926.404(b)(1)(iii)(C), is the daily visual inspection of cords and equipment before use. A missing ground pin is a clear defect that should have been caught, and the cord should have been removed from service.","An AEGCP requires GFCIs as a backup, which were not in use.",Incorrect: An AEGCP is an alternative to GFCI protection; they are not required to be used together.,The cord was not the proper gauge for a 100-foot run.,"Incorrect: While possibly a separate violation, the missing ground pin is a direct failure of the AEGCP's inspection requirement.",,,,,2,An Assured Equipment Grounding Conductor Program (AEGCP) is not a 'get out of jail free' card. It replaces the need for GFCIs but imposes strict requirements for inspection and testing. The daily visual inspection is a critical part of this program. A missing ground pin is an obvious and serious defect that this inspection is designed to catch. Using the cord means the AEGCP is not being properly implemented.,Electrocution
"A worker is using a circular saw to rip a long piece of lumber. The saw does not have a functioning riving knife or spreader. The wood pinches the blade, causing the saw to jump violently back toward the operator. This event is known as:",multiple-choice,A blade shatter.,Incorrect: Blade shatter is when the blade itself breaks apart.,A kickback.,"Correct: Kickback is the term for when a saw blade binds in the material and the force of the rotation throws the saw backward toward the operator, or the material backward. It is a primary hazard of circular saws.",An overload fault.,"Incorrect: An overload is an electrical event, not the physical event described.",A guard malfunction.,"Incorrect: The lack of a riving knife caused the event; this is a missing safety feature, not a malfunction of an existing guard.",,,,,2,"Kickback is a well-known and extremely dangerous phenomenon associated with circular saws. It occurs when the saw blade gets pinched in the kerf (the cut). A riving knife or spreader, required by 1926.304(f), is an engineering control specifically designed to hold the kerf open behind the blade and prevent this pinching action, thus preventing kickback.",Caught-In/Between Hazards
"When setting up a guardrail system, the wire rope used for the top rail must meet which TWO requirements?",multi-select,It must be flagged with high-visibility material at least every 6 feet.,"Correct: 29 CFR 1926.502(b)(9)(ii) requires that when wire rope is used for a top rail, it must be flagged every 6 feet with high-visibility material.",It must be at least 3/8-inch in diameter.,Incorrect: The minimum diameter for wire rope top rails is 1/4-inch per 1926.502(b)(9).,It must be made of stainless steel.,Incorrect: The standard specifies the material must be 'wire rope' but does not mandate stainless steel.,It must be rigged so that it does not deflect below 39 inches at any point.,"Correct: The top rail must be able to withstand a 200-pound force with minimal deflection. 1926.502(b)(4) combined with (b)(1) requires the rail to remain at a height of 42 inches (plus or minus 3 inches), meaning it cannot deflect below 39 inches.",,,,,"1,4","When wire rope is used for guardrails, it has specific requirements beyond those for standard rails. 1926.502(b)(9) requires it to be flagged for visibility. Additionally, it must still meet the height and strength requirements of all top rails, meaning it must be tensioned sufficiently to support a 200-pound load without deflecting below the 39-inch minimum height, ensuring it still functions as a barrier.",Fall Protection
What is the primary reason that employees are generally prohibited from working underneath a suspended load?,multiple-choice,The crane's brakes could fail.,Correct: This is one of many potential failure points. The overarching reason is the potential for any component to fail.,The load could be unbalanced and tip.,Correct: An unbalanced load could shift and fall. This is another potential failure. The best answer should be more general. Let's find a better option.,The rigging could fail.,"Correct: Sling failure is a common cause of dropped loads. Again, a specific failure point.","There is a risk of catastrophic failure of the crane, rigging, or load, leading to a struck-by incident.","Correct: This is the best, all-encompassing answer. OSHA standard 1926.1425 prohibits working under a suspended load precisely because any part of the lifting system—from the crane's hydraulics to the wire rope to the slings to the load's attachment points—could fail without warning.",,,,,4,"The area directly beneath a suspended load is often called the 'danger zone' or 'kill zone.' This is because a failure in any part of the lifting system can be catastrophic. OSHA prohibits employees from being in this zone (1926.1425) because there are too many potential points of failure (mechanical, human, environmental) to ever consider it safe. The only protection is to stay out from under.",Struck-By Hazards
A contractor needs to provide access to a 40-foot high scaffold platform. Which of the following access methods is NOT compliant with OSHA standards?,multiple-choice,An attached scaffold stairway or tower.,Incorrect: This is a preferred and compliant method of access.,"A direct access from another scaffold, structure, or personnel hoist.",Incorrect: This is a compliant method of access.,Climbing the scaffold's cross-braces.,Correct: 29 CFR 1926.451(e)(1) explicitly prohibits the use of cross-braces as a means of access. They are not designed to support a person's weight in that manner and do not provide adequate footing or handholds.,"An attached portable or hook-on ladder, properly secured.",Incorrect: This is a compliant method of access for scaffolds.,,,,,3,"Scaffold access must be safe and designed for that purpose. Climbing the cross-braces is one of the most common and dangerous scaffold violations. The braces are structural components, not steps. They are often angled awkwardly and do not provide the stable, uniform rungs needed for safe climbing, which is why 1926.451(e)(1) strictly forbids it.",Ladder & Scaffold Safety
"An employer has a Safety Data Sheet (SDS) for a chemical that states 'Use in a well-ventilated area. If irritation persists, seek medical attention.' This information would primarily be found in which TWO sections of the SDS?",multi-select,Section 2: Hazard Identification.,"Incorrect: Section 2 identifies the hazards (e.g., 'Causes skin irritation'), but not the first aid or control measures.",Section 4: First-Aid Measures.,"Correct: The phrase 'If irritation persists, seek medical attention' is a classic first-aid instruction, which belongs in Section 4.",Section 8: Exposure Controls/Personal Protection.,"Correct: The phrase 'Use in a well-ventilated area' is a recommendation for controlling exposure, which is the topic of Section 8.",Section 11: Toxicological Information.,"Incorrect: Section 11 contains detailed toxicity data, not simple precautionary statements.",,,,,"2,3","The 16-section format of an SDS under the Globally Harmonized System (GHS) is standardized. Section 4, 'First-Aid Measures,' contains information for responders, including when to seek medical help. Section 8, 'Exposure Controls/Personal Protection,' contains information on how to work safely with the chemical, including engineering controls like ventilation and required PPE.",Health Hazards
"A worker is using a 120V portable drill in a damp location. The employer has an Assured Equipment Grounding Conductor Program (AEGCP) instead of GFCIs. The drill has a 3-prong plug, but it is plugged into an older 2-prong extension cord using a cheater plug (adapter). Why is this a severe violation?",multiple-choice,The cheater plug is not color-coded for the AEGCP.,Incorrect: The color coding is administrative; the electrical hazard is the real issue.,It completely defeats the purpose of the equipment grounding conductor and the AEGCP.,"Correct: The AEGCP is designed to assure the integrity of the grounding path. The cheater plug intentionally removes this grounding path, making the entire program useless for this tool and exposing the worker to the exact electrocution hazard the program is meant to prevent.",The drill may not have enough power through a 2-prong cord.,Incorrect: Power delivery is not the safety issue. The lack of a ground connection is the life-threatening hazard.,The extension cord is not rated for outdoor use.,"Incorrect: While possibly another violation, the defeat of the grounding system is the most severe and direct hazard.",,,,,2,"This scenario demonstrates a complete failure to understand or implement an AEGCP. The entire purpose of the program and the third (grounding) pin is to provide a safe path for fault current. Using a 'cheater plug' deliberately breaks this path. In a damp location, this creates a high-probability scenario for a fatal electric shock, rendering the AEGCP completely ineffective.",Electrocution
An ironworker is working at a height of 18 feet on an unfinished steel building. The closest decked floor is two stories (24 feet) below. Which fall protection is required?,multiple-choice,No protection is needed because steel erection has special rules.,"Incorrect: Steel erection has different rules, but protection is still required.",A controlled decking zone (CDZ) must be established.,"Incorrect: A CDZ is for decking work, not general ironworking at height.","The worker must be protected by a guardrail, safety net, or personal fall arrest system (PFAS).",Correct: 29 CFR 1926.760(a)(1) states that each employee engaged in a steel erection activity who is on a walking/working surface with an unprotected side or edge more than 15 feet above a lower level shall be protected.,The worker only needs to be tied off if the wind speed exceeds 30 mph.,Incorrect: Weather conditions do not negate the fundamental requirement for fall protection.,,,,,3,"The OSHA steel erection standard (Subpart R) has its own fall protection threshold. For most steel erection activities, fall protection is required at 15 feet. Since the worker is at 18 feet, they must be protected by one of the conventional methods: a guardrail system, a safety net system, or a personal fall arrest system (PFAS).",Fall Protection
An employer must provide eyewash stations under 29 CFR 1926.50(g) when employees are exposed to corrosive materials. Which TWO of the following are key requirements for these eyewash stations?,multi-select,The station must be located within a 10-second travel time from the hazard.,"Correct: ANSI Z358.1, which is the consensus standard referenced by OSHA, specifies that eyewash stations must be accessible within 10 seconds.",The station must provide a continuous flow of tepid water for a full 15 minutes.,Correct: ANSI Z358.1 requires a 15-minute flushing capability with tepid (lukewarm) water to ensure effective decontamination without causing further injury from water that is too hot or too cold.,The station must be inspected and certified by a third-party agency annually.,Incorrect: The employer is responsible for weekly and annual inspections and maintenance; third-party certification is not an OSHA requirement.,The station must use a sterile saline solution instead of tap water.,"Incorrect: Tepid potable water is the standard requirement. While saline solutions exist, they are not mandated by the standard for plumbed stations.",,,,,"1,2","When an eyewash station is required, it must be effective. OSHA defers to the ANSI Z358.1 standard, which sets two critical performance criteria. First, it must be immediately accessible (within 10 seconds) so a person with chemicals in their eyes can reach it quickly. Second, it must provide a 15-minute continuous flow of tepid water to thoroughly flush the chemical from the eyes.",Personal Protective Equipment (PPE)
A competent person observes a tension crack approximately 2 feet back from the edge of a 10-foot deep excavation. This is a critical indicator of what impending failure?,multiple-choice,A boiling failure due to hydrostatic pressure.,"Incorrect: Boiling is caused by upward water pressure at the bottom of the cut, not indicated by a tension crack at the top.",A surcharge load failure from a nearby spoil pile.,"Incorrect: While a surcharge load can cause failure, a tension crack is a specific sign of soil shear failure.",An impending trench wall shear failure or collapse.,"Correct: A tension crack is a classic sign that the soil mass is beginning to tear away from the stable soil behind it, often preceding a major wall collapse. It requires immediate evacuation of the trench.",The soil was misclassified and is actually stable rock.,Incorrect: Stable rock does not form tension cracks in this manner. This is a sign of soil instability.,,,,,3,"Tension cracks are one of the most significant visual warnings of an impending cave-in. They indicate that the tensile strength of the soil at the surface has been exceeded and that a shear plane is developing. A competent person who sees this, per 1926.651(k), must recognize it as a condition that could result in a possible cave-in and immediately remove workers from the hazard.",Excavation & Trenching
A roofer working on a steep roof (7:12 pitch) is using a personal fall arrest system (PFAS). The anchor point is located on the opposite side of the roof ridge. What is the most significant hazard this setup creates?,multiple-choice,The rope will be damaged by rubbing on the roof ridge.,"Incorrect: While rope abrasion is a concern, it is not the most significant and immediate life-threatening hazard.",A swing fall hazard.,"Correct: If the worker falls, they will swing like a pendulum, potentially striking the side of the building or the roof edge with great force. This can cause severe injuries even if the fall is arrested.","The anchor point is not rated for 5,000 pounds.","Incorrect: The scenario does not state the anchor's rating; the hazard is created by its position, regardless of its strength.",The lanyard may be too long for the fall clearance.,"Incorrect: While total fall distance is always a concern, the swing hazard is the primary issue created by this specific anchor placement.",,,,,2,"Minimizing swing fall hazards is a critical aspect of designing a PFAS. ANSI standards, which OSHA references as best practice, recommend keeping the anchor point as directly overhead as possible. Anchoring on the opposite side of a roof ridge creates a large pendulum effect, converting vertical fall energy into horizontal impact energy, which can be just as deadly as hitting the ground.",Fall Protection
A worker is using a portable abrasive wheel (angle grinder) to cut metal studs. The tool is equipped with a Type 27 (depressed center) grinding wheel. What type of safety guard is required?,multiple-choice,No guard is required if the worker is wearing a face shield.,Incorrect: PPE is never a substitute for a required machine guard.,A simple top guard that covers 180 degrees of the wheel.,"Incorrect: This is the requirement for a bench grinder, not a portable angle grinder.","A specific exposure guard that covers the spindle end, nut, and flange projections, and adjusts to cover the periphery.","Correct: 29 CFR 1926.303(c)(5) requires portable abrasive wheels to be equipped with safety guards that cover the spindle end, nut, and flange projections. The guard must be adjustable to maintain coverage as the wheel wears down.","A self-closing lower guard, similar to a circular saw.","Incorrect: This type of guard is for toothed blades, not abrasive wheels.",,,,,3,"Different types of grinders require different types of guards. For portable angle grinders, OSHA standard 1926.303(c)(5) is specific. The guard isn't just a simple cover; it's an engineered device designed to contain fragments if the wheel shatters, covering the arbor and adjusting to maintain protection. Using the tool without the correct, manufacturer-supplied guard is a serious violation.",Struck-By Hazards
An employer chooses to comply with OSHA's silica standard by using the 'Performance Option' (exposure assessments) instead of following Table 1. Which of the following is a key requirement of this option?,multiple-choice,The employer can use any N95 mask as long as exposure is monitored.,"Incorrect: Respirator selection under the performance option must be based on the measured exposure level, per the respiratory protection standard.",The employer must demonstrate that exposure levels will consistently remain below the Action Level (AL).,"Correct: Under 1926.1153(d)(2), if an employer can rely on 'objective data' to demonstrate that employee exposure to silica will remain below 25 µg/m³ as an 8-hour TWA under all foreseeable conditions, further exposure assessment is not required. This is a high bar to meet.",The employer must only sample the air once per project.,"Incorrect: Sampling must be frequent enough to accurately characterize employee exposures, especially when tasks or conditions change.",The employer is exempt from creating a written exposure control plan.,Incorrect: A written exposure control plan is required regardless of whether the employer uses Table 1 or the performance option.,,,,,2,Opting out of the prescriptive Table 1 for silica control means an employer must take on the burden of proving safety through air monitoring. The 'Performance Option' or 'Objective Data' pathway (1926.1153(d)) requires a rigorous assessment to show that exposures are kept below the Action Level of 25 µg/m³. This data must be scientifically valid and representative of the actual work conditions.,Health Hazards
A crane's wire rope shows signs of heat damage from contacting a power line. What is the required action?,multiple-choice,The rope's capacity should be permanently derated by 50%.,Incorrect: Derating is not an acceptable action for this type of damage.,The damaged section can be cut out and the rope re-spliced.,Incorrect: Splicing is not permitted for this type of damage on a crane's primary hoist line.,The rope must be removed from service immediately.,"Correct: 29 CFR 1926.1413(a)(2)(v) lists 'heat damage from any source' as a critical removal criterion for running wire rope on a crane. Electrical arcing anneals the steel, making it brittle and unsafe for any load.",The rope should be lubricated and re-inspected after one week.,Incorrect: Lubrication cannot repair the metallurgical damage caused by extreme heat. The rope is permanently compromised.,,,,,3,"The criteria for removing a crane's wire rope from service are absolute. Electrical contact causes intense, localized heating that fundamentally changes the steel's properties, creating a weak and brittle spot that is invisible to the naked eye but will fail under load. Per 1926.1413, any sign of heat damage is grounds for immediate removal.",Electrocution
"A framer is using a pneumatic nailer with a 'contact trip' trigger to rapidly install sheathing. He stumbles while walking, and the gun, which he is holding with his finger on the trigger, makes contact with his leg and fires. Which TWO factors contributed to this incident?",multi-select,The use of a contact trip trigger instead of a sequential trip trigger.,"Correct: A contact trip trigger allows the tool to fire whenever the nose is bumped, as long as the trigger is depressed. A sequential trigger would have prevented this, as it requires the nose to be depressed before the trigger is pulled.",The failure to properly inspect the tool before use.,"Incorrect: The tool functioned as designed (albeit a less safe design); this was a usage error, not a tool defect.",The worker improperly carried the tool with his finger on the trigger.,Correct: This is a critical work practice error. Proper training dictates that a worker's finger should never be on the trigger except at the moment of firing.,The air compressor pressure was set too high.,Incorrect: The pressure affects the force of the nail but not the mechanism of the accidental discharge.,,,,,"1,4","This is a classic nail gun injury scenario. It highlights the combined risk of a specific type of equipment (contact trip trigger) and an unsafe work practice (finger on the trigger). OSHA 1926.302(b) requires that nailers have a safety device on the muzzle, and for most applications, a sequential trigger is far safer because it prevents the exact 'bump fire' accident described.",Struck-By Hazards
"A worker must enter an 8-foot deep sewer manhole, which is considered a permit-required confined space. The air is tested and found to be safe. A tripod and winch are set up for emergency rescue. The entrant is wearing a standard fall protection harness. What is the error in this setup?",multiple-choice,"The space is only 8 feet deep, so a rescue tripod is not required.","Incorrect: A retrieval system is required for any permit space with a vertical entry of 5 feet or more, per 1926.1204(d).",The harness is not designed for retrieval and suspension.,Correct: A standard fall arrest harness with a dorsal D-ring is not appropriate for retrieval. A rescue or retrieval harness with shoulder or front D-rings must be used to keep the victim in an upright position during a vertical lift.,The air should have been tested by a certified marine chemist.,Incorrect: A marine chemist is for shipboard spaces; a qualified person can test a sewer manhole.,"The winch must be power-operated, not manual.",Incorrect: A manual winch is perfectly acceptable if it is designed for personnel retrieval.,,,,,2,"Using the right equipment is critical in rescue operations. A fall arrest harness is designed to distribute the shock of a fall, but lifting a person by the dorsal D-ring can cause them to be lifted in a face-down or horizontal position, which can restrict breathing and complicate rescue. A dedicated retrieval harness is required to lift a person vertically out of a space like a manhole.",Caught-In/Between Hazards
"According to OSHA, who is responsible for providing the required Personal Protective Equipment (PPE) for an employee on a construction site?",multiple-choice,The employee is responsible for providing their own basic PPE like hard hats and gloves.,"Incorrect: With very few exceptions (like certain footwear), the employer is responsible for providing all required PPE.","The general contractor is responsible for providing PPE for all workers on the site, including subcontractors.",Incorrect: Each employer is responsible for providing PPE to their own employees.,The employer is responsible for providing all required PPE at no cost to the employee.,Correct: 29 CFR 1926.95(d) clearly states that the employer must provide all required PPE to employees at no cost.,The union is responsible for providing PPE to its members.,"Incorrect: PPE provision is a legal responsibility of the employer, not a labor union.",,,,,3,"The OSHA standard on PPE payment (1926.95(d)) is unequivocal. If PPE is required by an OSHA standard to protect an employee from a hazard, the employer must provide it and pay for it. This ensures that a worker's financial situation is never a barrier to them being properly protected on the job.",Personal Protective Equipment (PPE)
"A scaffold is erected on muddy, soft ground. The competent person directs the crew to place the scaffold's base plates directly on top of a stack of concrete blocks (CMUs) to raise it above the mud. Why is this a dangerous violation?",multiple-choice,"The CMUs could be stolen, making the scaffold unstable.",Incorrect: Theft is not the primary safety concern.,"Concrete blocks are brittle and can crush under the concentrated load of the scaffold leg, causing a sudden collapse.","Correct: 1926.451(c)(2)(i) prohibits the use of unstable objects, such as barrels, boxes, loose brick, or concrete blocks, to support scaffolds. CMUs are not designed for point loading and can shatter without warning.","The mud sills should have been made of steel, not concrete.","Incorrect: The issue is the use of concrete blocks as supports, not the material of the mud sills (which are missing entirely in this scenario).","The scaffold should have been leveled with screw jacks, not blocks.","Incorrect: While screw jacks are for leveling, the fundamental violation here is the use of a prohibited, unstable object for the base support.",,,,,2,"This is a critical scaffold foundation rule. Scaffold legs create a concentrated 'point load.' Concrete blocks (CMUs) have high compressive strength but are brittle and not designed to handle point loads; they are meant for distributed loads when laid as a wall. Placing a scaffold leg on a CMU can cause it to crack and shatter, leading to a catastrophic scaffold collapse. Proper mud sills and base plates are required.",Ladder & Scaffold Safety
"An employer has a single, centrally located first-aid kit on a large, multi-story construction project. An injured worker on the 4th floor has to wait 15 minutes for someone to bring the kit. This violates the principle of 29 CFR 1926.50(c), which requires:",multiple-choice,A certified EMT to be on site at all times.,"Incorrect: An EMT is not required unless there is no infirmary, clinic, or hospital in near proximity.",The first-aid kit to be waterproof.,"Incorrect: While a good feature, the primary violation is its accessibility.",First-aid supplies to be 'readily available.',Correct: The standard requires that first-aid supplies shall be easily accessible when required. A 15-minute delay on a large site does not meet the 'readily available' criterion. Multiple kits or a portable kit for each crew may be needed.,The kit to contain a bloodborne pathogens barrier kit.,"Incorrect: While required, the accessibility is the violation described in this scenario.",,,,,3,"The term 'readily available' in the OSHA standard is performance-based. It means that in an emergency, medical supplies must be accessible in a timely manner. On a large, complex site, a single, central kit cannot meet this requirement. The employer has a duty to ensure that first-aid supplies are close enough to the work areas to be accessed promptly.",Health Hazards
A worker is using a 12-gauge extension cord that is 100 feet long to power a 15-amp circular saw. The saw feels sluggish and the cord is warm to the touch. This indicates what electrical hazard?,multiple-choice,A ground-fault is occurring.,Incorrect: A ground-fault would likely trip a GFCI or breaker; this describes a different problem.,The cord has reverse polarity.,Incorrect: Reverse polarity is a wiring error that might not produce these specific symptoms.,A significant voltage drop is occurring.,"Correct: A long cord run, especially with a high-draw tool, causes a drop in voltage. The tool tries to compensate by drawing more current (amps), which generates heat in the cord and can damage the tool's motor. This overheating is a fire hazard.",The saw has a short circuit.,Incorrect: A direct short circuit would cause the breaker to trip immediately.,,,,,3,"Voltage drop is an often-overlooked but serious electrical hazard. Per NEC guidelines, which inform OSHA enforcement, voltage drop should be limited. Excessive drop starves the tool of power, causing it to draw more amperage to do the same work. This extra current overheats the extension cord, creating a risk of fire, and can burn out the tool's motor. A thicker (lower gauge) cord would be needed for this distance.",Electrocution
"A worker is using an extension ladder to access a platform. They step off the ladder and onto the platform, then pull the ladder up and move it to a new location. What is the flaw in this work practice?",multiple-choice,The worker is not wearing gloves.,Incorrect: Gloves are not the primary issue here.,The worker should have had a helper to move the ladder.,Incorrect: A single person can often move a ladder safely.,The worker did not maintain three points of contact while moving the ladder.,Incorrect: The violation occurred before the ladder was moved.,The worker now has no safe means of egress from the platform.,"Correct: By moving the ladder, the worker has removed their only way to get down safely. A means of access and egress must be maintained at all times.",,,,,4,"A fundamental principle of working at height is always ensuring a safe way down. In this scenario, the worker has stranded themselves on the platform by removing their only means of egress. This creates a dangerous situation where they might be tempted to jump or attempt another unsafe method to descend. The ladder should have been left in place, or a second ladder provided.",Ladder & Scaffold Safety
An excavation is being dug adjacent to a roadway with heavy truck traffic. The vibrations from the traffic are a serious concern. How does this factor into the design of the protective system?,multiple-choice,It automatically requires the soil to be classified as Type C.,"Correct: 29 CFR 1926 Subpart P, Appendix A, states that soil cannot be classified as Type A if it is subject to vibration from heavy traffic. The competent person must at least downgrade it to Type B, and often to Type C, requiring a more robust protective system.",It requires the use of shoring instead of sloping.,"Incorrect: Sloping is still an option, but the slope would have to be much shallower to account for the vibrations.",It requires the trench to be inspected hourly instead of daily.,"Incorrect: While more frequent inspections are a good idea, the primary impact is on the initial design of the protective system itself.",It has no impact as long as the spoil pile is 2 feet back.,Incorrect: Vibrations are a significant surcharge load and a major destabilizing factor that must be accounted for in the design.,,,,,1,"External factors must be considered in excavation safety. Vibrations from traffic, trains, or nearby machinery act as a dynamic surcharge load that can significantly reduce the stability of trench walls. OSHA's soil classification rules in Subpart P, Appendix A, explicitly prohibit classifying soil as Type A if it's subject to these vibrations, forcing the use of a more conservative and protective system design.",Excavation & Trenching
A welder is working on a galvanized steel beam in an enclosed space. They begin to feel nauseous and develop flu-like symptoms. This is a classic sign of what occupational illness?,multiple-choice,Silicosis.,Incorrect: Silicosis is a chronic lung disease from silica dust and has a long latency period.,Asbestosis.,Incorrect: Asbestosis is a lung disease from asbestos fibers and also has a long latency period.,Metal fume fever.,"Correct: Welding on galvanized (zinc-coated) steel releases zinc oxide fumes. Inhaling these fumes can cause an acute, flu-like illness called metal fume fever, which typically resolves in 24-48 hours.",Lead poisoning.,"Incorrect: While lead can cause nausea, the acute flu-like symptoms are the hallmark of metal fume fever from zinc.",,,,,3,"Recognizing the symptoms of acute occupational illnesses is a key health hazard skill. Metal fume fever is a common ailment among welders working with galvanized or other coated metals without adequate ventilation or respiratory protection. The symptoms (fever, chills, nausea, headache) are often mistaken for the flu, but they are directly related to the inhalation of metal oxide fumes.",Health Hazards
"A guardrail is installed around the perimeter of a roof. The top rail is made of 2x4 lumber. The vertical support posts are spaced 12 feet apart. A worker leans on the top rail, and it sags significantly. What is the most likely violation?",multiple-choice,The top rail is not 42 inches high.,Incorrect: The height is not mentioned as the issue; the sagging is the problem.,The support posts are spaced too far apart.,"Correct: 29 CFR 1926.502(b)(3) requires guardrail systems to be capable of withstanding a 200-pound force. To achieve this with 2x4 lumber, posts must be spaced no more than 8 feet apart. A 12-foot span will have excessive deflection and will not meet the strength requirement.",The mid-rail is missing.,"Incorrect: The scenario describes a failure of the top rail, not a missing mid-rail.",The lumber is not pressure-treated.,Incorrect: The type of wood is not specified as the violation; the structural design (post spacing) is the flaw.,,,,,2,"A guardrail is an engineered system that must meet strict performance criteria for height and strength. The spacing of the vertical support posts is critical to the top rail's ability to resist the required 200-pound force without failing. For standard 2x4 lumber, OSHA specifies a maximum post spacing of 8 feet to ensure the system is strong enough. Spacing them at 12 feet creates a weak, non-compliant system.",Fall Protection
A small construction company with 8 employees has a jobsite injury where a worker breaks their leg and is hospitalized for two days. When must the employer report this event to OSHA?,multiple-choice,They do not need to report it because they have fewer than 10 employees.,"Incorrect: The small employer exemption applies to routine record-keeping (OSHA 300 log), but NOT to severe injury reporting.",Within 8 hours of the incident.,Incorrect: 8 hours is the reporting time for a fatality.,Within 24 hours of learning about the employee's in-patient hospitalization.,"Correct: 29 CFR 1904.39(a)(2) requires an employer to report any in-patient hospitalization, amputation, or loss of an eye to OSHA within 24 hours of learning about it.",By the end of the next business day.,"Incorrect: The requirement is a strict 24-hour window, including weekends and holidays.",,,,,3,"The rules for reporting severe injuries to OSHA are different from the rules for routine record-keeping. All employers, regardless of size, must report severe incidents. The timeline is critical: 8 hours for a fatality and 24 hours for an in-patient hospitalization, amputation, or loss of an eye. This prompt reporting allows OSHA to investigate serious hazards quickly.",Domain
Which of the following describes a scenario that requires a 'qualified person' to be involved?,multiple-choice,Conducting a daily inspection of a trench.,Incorrect: This is a primary duty of a 'competent person'.,Training new workers on how to use a fire extinguisher.,Incorrect: This can be done by a competent person with experience.,"Designing a custom-built, non-standard protective system for a 15-foot deep excavation.","Correct: While a competent person can select from OSHA's pre-approved (cookbook) designs, any unique or site-specific design for a protective system must be done by a qualified person (in this case, a registered professional engineer) per 1926.652(c).",Authorizing employees to work in a specific area of the jobsite.,"Incorrect: This is a supervisory function, not one requiring a qualified person.",,,,,3,"The distinction between 'competent' and 'qualified' is critical. A competent person can identify hazards and has the authority to correct them. A qualified person, by degree, certificate, or extensive experience, has the expertise to solve or design complex technical problems. Designing a unique trench shoring system is a complex engineering task that requires a qualified person (a registered professional engineer).",Excavation & Trenching
A worker is using a stand-mounted abrasive chop saw to cut steel pipe. The saw's guard has been removed to allow for a larger piece of pipe to be cut. This is a violation of which fundamental machine guarding principle?,multiple-choice,The point of operation must be guarded.,"Correct: The point of operation is where the work is performed on the material—in this case, where the abrasive wheel meets the pipe. 29 CFR 1926.300(b)(4)(ii) requires the point of operation on machinery to be guarded to prevent the operator from having any part of their body in the danger zone.",The power transmission apparatus must be guarded.,"Incorrect: The power transmission (belts, pulleys) is a different part of the machine that also requires guarding, but the point of operation is the immediate cutting area.",The machine must be anchored to the floor.,"Incorrect: Anchoring is for stability, not a guarding principle for the point of operation.",The machine must have an emergency stop button.,"Incorrect: An e-stop is a supplemental control, not a substitute for a physical guard at the point of operation.",,,,,1,"The 'point of operation' is the most hazardous part of most production machines. It's where the tool does its work, and it's where injuries are most likely to occur. OSHA standards are emphatic that this point must be guarded to prevent an operator from reaching into the danger zone. Removing a guard for convenience is a direct and serious violation of this core safety principle.",Caught-In/Between Hazards
"During an emergency, a coworker has been electrocuted by a live wire and is still in contact with the source. What should be your IMMEDIATE first action?",multiple-choice,Run to the coworker and pull them away from the wire.,"Incorrect: This is the most dangerous action, as you will likely become a second victim of electrocution.",Immediately begin chest compressions.,Incorrect: You cannot safely perform first aid until the victim is separated from the electrical source.,De-energize the circuit by shutting off the breaker or disconnecting the power.,Correct: The absolute first priority is to eliminate the hazard. You must de-energize the source of the electricity before you or anyone else can safely approach the victim to render aid.,Call 911 immediately.,"Incorrect: While essential, this should be done simultaneously or immediately after de-energizing the circuit. Securing the scene from the hazard is the first step.",,,,,3,"In an electrical emergency, the rescuer's safety comes first. The only way to safely help a victim who is in contact with a live electrical source is to first shut off the power. Attempting to touch the victim will result in the current passing through you as well. All rescue efforts begin with de-energizing the circuit.",Electrocution
A Controlled Decking Zone (CDZ) is being used during steel erection for workers placing roof decking. What is a key limitation or requirement of a CDZ?,multiple-choice,The CDZ can be up to 120 feet wide and 120 feet deep.,"Incorrect: The maximum width and depth of a CDZ is 90 feet by 90 feet, as specified in 1926.760(c)(2).",Only certified welders are allowed to work inside the CDZ.,"Incorrect: A CDZ is for workers engaged in leading-edge decking work, not just welders.",Workers in the CDZ are exempt from all fall protection requirements.,"Incorrect: While conventional fall protection may not be used, specific rules apply, and workers must be trained. It is not a no-protection zone.",The workers designated to control the CDZ are called 'safety monitors'.,"Incorrect: The term 'safety monitor' refers to a specific role in low-slope roofing fall protection, not steel erection CDZs. This is a plausible distractor mixing up two different standards.",,,,,1,"Let's correct the question/answers as the premise was flawed. A CDZ is a specific fall protection system allowed for leading-edge decking work. It is NOT a 'no fall protection' zone.
A Controlled Decking Zone (CDZ) is established for laying metal decking. Which of the following is a mandatory requirement for a compliant CDZ?""",multiple-choice
"A rigger uses a chain sling in a basket hitch to lift a load. The chain passes over a sharp, 90-degree corner of the load without any padding. Why is this a particularly dangerous practice for a chain sling?",multiple-choice,The chain links can become permanently magnetized.,Incorrect: This is not a recognized hazard of this practice.,"The corner can cause localized, brittle fractures in the chain links.","Correct: Unlike wire rope or synthetic slings that might cut, a hardened alloy steel chain can be subjected to intense point loading at a sharp corner. This can create a notch effect, leading to a brittle fracture of the link under load, often with no warning.",The practice violates the 4:1 design factor for rigging.,"Incorrect: The design factor is inherent to the sling's rating; the unsafe practice here is the application, not the design.",The chain will stretch excessively at the corner.,"Incorrect: Hardened chain is designed to resist stretching; the more likely failure mode is a sudden, brittle fracture.",,,,,2,"While padding is critical for all sling types, it serves a unique purpose for chains. Sharp corners create a severe stress riser on a chain link. This concentration of force can cause a link to fail in a brittle manner, well below its rated capacity. Rigging standards like ASME B30.9, referenced by OSHA, require protecting chain slings from sharp corners to prevent this catastrophic failure mode.",Struck-By Hazards
"A worker's arm is pulled into the auger of a concrete pump hopper. The hopper was equipped with a grate guard, but it had been removed. Which level of the hierarchy of controls was defeated?",multiple-choice,Personal Protective Equipment (PPE).,"Incorrect: PPE, like gloves, would not have prevented this type of incident.",Administrative Controls.,Incorrect: The grate is not an administrative control (like a warning sign or procedure).,Engineering Controls.,Correct: The grate over the hopper is a physical barrier guard designed to make it impossible for a person to contact the moving auger. This is a classic engineering control. Removing it defeats the most effective safety measure.,Substitution.,"Incorrect: Substitution would involve replacing the pump with a different, safer technology.",,,,,3,"The hierarchy of controls prioritizes engineering controls because they are designed to eliminate or isolate a hazard. A grate guard on a hopper is a perfect example of an engineering control—it physically prevents contact with the dangerous moving parts inside. By removing this guard, the employer or employee has bypassed the most reliable form of protection, forcing reliance on less effective controls like worker behavior.",Caught-In/Between Hazards
A contractor must use a crane within 10 feet of a 345kV power line. The local utility company cannot de-energize the line. What is the ONLY other option that allows the work to proceed under 29 CFR 1926.1410?,multiple-choice,The operator can proceed if a dedicated spotter is used.,Incorrect: A spotter is not sufficient protection when operating this close to a high-voltage line.,The work is prohibited and cannot be done. The contractor must find another method.,"Incorrect: While difficult, OSHA provides a path forward if de-energizing is truly infeasible.",The employer must demonstrate that de-energizing is infeasible and then ensure the line is insulated or guarded by the utility company.,"Correct: 29 CFR 1926.1410 sets up a strict hierarchy. If encroaching within Table A clearance is necessary and de-energizing is proven infeasible, the only remaining option is for the utility owner/operator to install insulating sleeves or blankets on the power line to prevent contact.",The crane must be equipped with a proximity alarm and an insulating link.,Incorrect: These are supplemental safety devices but are not a substitute for the primary requirement of de-energizing or having the utility insulate the line.,,,,,3,"OSHA's crane standard is extremely strict about working near power lines. The default is to de-energize and ground the lines. If the employer can prove to OSHA that this is impossible (a very high bar), the only other compliant option under 1926.1410 is to have the utility owner itself install physical, rated insulating barriers over the lines. No other combination of precautions is sufficient.",Electrocution
"A trench is dug in soil that has water seeping from its walls, and it is adjacent to a source of heavy vibration. For classification purposes under Subpart P, Appendix A, what is the highest possible classification this soil can receive?",multiple-choice,Type A.,"Incorrect: Soil cannot be Type A if it is fissured, subject to vibration, or has water seeping from it.",Type B.,"Incorrect: Soil cannot be classified as Type B if it has water freely seeping from it. The vibration alone would likely downgrade it from A to B, but the water is a further disqualifier.",Type C.,"Correct: The presence of seeping water and subjection to vibration are two separate conditions that, according to Subpart P, Appendix A, require a soil to be classified as Type C, the least stable category.",Stable Rock.,"Incorrect: The description is clearly of a soil, not rock.",,,,,3,"The soil classification system in OSHA's excavation standard is designed to be conservative. Appendix A of Subpart P lists several conditions that automatically disqualify a soil from being classified as Type A or B. Both subjection to vibration and the presence of seeping water are conditions that require the competent person to classify the soil as Type C, mandating the most protective measures.",Excavation & Trenching
What is the fundamental difference in purpose between a hard hat classified as 'Type I' and one classified as 'Type II'?,multiple-choice,"Type I is for construction, Type II is for general industry.","Incorrect: Both types are used in construction, depending on the specific hazards present.",Type I protects from impacts to the top of the head; Type II protects from top and lateral impacts.,"Correct: This is the key distinction defined by the ANSI Z89.1 standard. Type I hard hats are designed and tested only for impact to the crown, while Type II hard hats have additional interior lining to protect against impacts from the side, front, and back.","Type I is non-conductive, while Type II is conductive.","Incorrect: The electrical rating (Class G, E, or C) is separate from the impact type (Type I or II). A hard hat can be Type II, Class E.",Type I has a 4-point suspension; Type II has a 6-point suspension.,Incorrect: The number of suspension points is a design choice and does not define the impact type classification.,,,,,2,"Not all hard hats are created equal. The ANSI Z89.1 classification, which OSHA recognizes, defines two impact protection types. A Type I hard hat is the most common, protecting from falling objects striking the top of the head. A Type II hard hat provides superior protection by also guarding against lateral impacts, which is crucial in work environments where workers might be struck from the side (e.g., by swinging objects or in a fall).",Personal Protective Equipment (PPE)
"A fabricator shop's written Hazard Communication program contains a list of chemicals, copies of all SDSs, and a description of the container labeling system. To be fully compliant, which TWO other elements must the written program contain?",multi-select,The methods the employer will use to train employees on chemical hazards.,Correct: 1926.59(e)(2) requires the written program to detail the methods for employee information and training.,The specific brand and model of respirators to be used for each chemical.,"Incorrect: Respirator selection is part of the Respiratory Protection Program (1910.134), not the HazCom program.",The methods to inform employees about hazards of non-routine tasks and unlabeled pipes.,Correct: 1926.59(e)(1)(ii) specifically requires the program to address how the employer will inform employees of these special circumstances.,A log of all employee chemical exposure monitoring results.,Incorrect: Exposure records are a separate requirement and are not part of the written HazCom program itself.,,,,,"1,3","An OSHA-compliant written Hazard Communication Program is a comprehensive document. Beyond just listing chemicals and having SDSs, 29 CFR 1926.59(e) requires it to be a plan of action. This plan must describe how employees will be trained and how the employer will handle non-standard situations, such as the hazards of non-routine tasks (e.g., cleaning a tank) or unlabeled pipes.",Health Hazards
"During a lift, the crane's hoist rope jerks and then stops suddenly, causing the load to bounce violently. This action, known as 'shock loading,' is extremely dangerous because:",multiple-choice,It can cause the crane to tip over even with a light load.,"Correct: The dynamic forces generated by a bouncing load can be many times the static weight of the load, momentarily exceeding the crane's capacity chart and causing a tip-over.",It puts excessive wear on the crane's brakes.,"Incorrect: While true, the immediate catastrophic risk is overloading and failure, not brake wear.",It violates the manufacturer's warranty.,Incorrect: Warranty is a commercial issue; the safety issue is the risk of catastrophic failure.,It can generate a hazardous static electrical charge.,Incorrect: This is not a recognized hazard of shock loading.,,,,,1,"Shock loading is prohibited by 1926.1417(k) because it introduces massive, unpredictable dynamic forces into the lifting equation. A crane's load chart is based on static, smoothly lifted loads. The violent bouncing from a shock load can spike the forces on the boom, wire rope, and rigging, causing a sudden structural failure or tipping the crane at a load that would be perfectly safe if lifted properly.",Struck-By Hazards
A worker must use a 24-foot extension ladder to reach a work area. The base of the ladder is placed 8 feet from the wall. This setup violates the 4-to-1 angle rule because:,multiple-choice,"The base is too close to the wall, making the ladder likely to tip backward.","Incorrect: The base is too far from the wall, not too close.","The base is too far from the wall, making it likely to slide out or the rails to bend.","Correct: The 4-to-1 rule means the base should be 1 foot from the wall for every 4 feet of working length. For a 24-foot ladder, the working length to the top support is slightly less, but a 6-foot setback (24/4=6) would be correct. An 8-foot setback (a 3:1 ratio) is too shallow and creates instability.",The ladder is not long enough for the task.,Incorrect: The length is sufficient; the setup angle is the violation.,The ground is not perfectly level.,Incorrect: The scenario does not specify the ground condition; the angle is the clear violation.,,,,,2,"The 4-to-1 rule (1926.1053(b)(5)) is essential for extension ladder stability. To achieve the correct 75.5-degree angle, the base should be set back one-quarter of the ladder's working length. In this case, 24 feet / 4 = 6 feet. Placing the base 8 feet out makes the angle too shallow, which increases the horizontal forces at the base, making it more likely to slide, and increases the bending stress on the side rails.",Ladder & Scaffold Safety
An employer's Hearing Conservation Program must include audiometric testing for exposed employees. When must the baseline audiogram be performed?,multiple-choice,Within 6 months of an employee's first exposure at or above the action level.,Correct: 29 CFR 1910.95(g)(5)(i) requires the baseline audiogram to be established within 6 months of the first exposure at or above the 85 dBA action level.,Within 30 days of the first exposure.,Incorrect: The standard allows for a 6-month window to complete the baseline test.,Only after an employee reports a suspected hearing loss.,"Incorrect: The testing is proactive and required for all exposed employees, not reactive to symptoms.","Annually, along with the required refresher training.",Incorrect: The annual test is the 'annual audiogram.' The 'baseline' is the initial one for comparison.,,,,,1,"A Hearing Conservation Program is built on data. The 'baseline audiogram,' as required by 1910.95(g), is the critical first measurement of an employee's hearing. It must be performed within 6 months of initial exposure (or 1 year if using mobile test vans) so that all future annual audiograms can be compared against it to detect any changes or hearing loss over time.",Health Hazards
"A worker is sandblasting inside a large tank. They are using a supplied-air respirator (SAR). The compressor that supplies the breathing air is a standard, oil-lubricated shop compressor located 100 feet away. Why is this setup a critical failure?",multiple-choice,"The air hose is too long, causing pressure drop.","Incorrect: While pressure must be correct, the air quality is the life-threatening issue.",The compressor is not specifically designed for breathing air and could introduce carbon monoxide or oil into the air supply.,"Correct: 29 CFR 1910.134(i)(1) requires that compressed breathing air meet strict purity requirements (Grade D). A standard shop compressor is not designed to do this and can overheat, breaking down the lubricating oil and generating deadly carbon monoxide, which is then pumped directly to the worker.",The worker was not fit-tested for the supplied-air respirator.,"Incorrect: While fit testing is required, the contaminated air supply is the more immediate and fatal hazard.",The compressor does not have a GFCI-protected plug.,Incorrect: The electrical safety of the compressor is a separate issue from the breathing air quality it provides.,,,,,2,"This scenario highlights a deadly, often misunderstood, rule of supplied-air systems. You cannot use just any compressor for breathing air. OSHA's respiratory protection standard (1910.134(i)) requires specialized breathing air compressors that have the necessary filters, alarms (especially for carbon monoxide), and use non-petroleum lubricants to prevent contamination of the air supply. Using a standard compressor can be fatal.",Health Hazards
"A GFCI trips while a worker is using a saw. The worker, annoyed, finds a non-GFCI receptacle on a different circuit and plugs the saw in there. The saw works. This course of action is dangerous because:",multiple-choice,The non-GFCI receptacle might have the wrong voltage.,Incorrect: It's likely the same voltage; the danger is the lack of protection.,"The GFCI was likely defective, and the worker should have reported it.","Incorrect: While possible the GFCI was faulty, it is far more likely it was doing its job.","The GFCI tripped because it detected a current leakage, indicating a potentially lethal fault in the saw or cord.","Correct: A GFCI trips for a reason: it has detected that a small amount of current is leaking to ground. This indicates a fault that could turn the tool's casing live. By bypassing the GFCI, the worker is now using a defective tool with no protection against electrocution.",Using a different circuit could overload the building's main panel.,Incorrect: This is highly unlikely; the immediate danger is the shock hazard from the faulty tool.,,,,,3,"A GFCI is a safety device that should never be bypassed without investigation. Its tripping is not an annoyance; it is a warning signal that a potentially hazardous ground fault exists in the tool or cord. By moving to a standard outlet, the worker has ignored the warning and is now exposed to the full risk of electrocution from the very fault the GFCI detected.",Electrocution
Which of the following TWO scenarios would require the direct supervision and approval of a 'registered professional engineer' (RPE)?,multi-select,Designing a fall arrest anchor point on a new steel structure.,"Incorrect: This requires a 'qualified person,' but not necessarily an RPE unless specified by local code or for complex, non-obvious anchorages.",Designing a protective system for a trench that is 22 feet deep.,Correct: 29 CFR 1926.652(c)(4) explicitly requires that protective systems for excavations 20 feet or deeper be designed by a registered professional engineer.,Designing a personnel platform that will be attached to a crane boom.,"Correct: 29 CFR 1926.1431(b)(2) states that a qualified person must design the personnel platform, but it also must be fabricated to meet specific engineering criteria, effectively requiring an RPE's involvement for a custom platform.",Classifying the soil type in an excavation.,Incorrect: This is a key duty of a 'competent person'.,,,,,"2,3","OSHA reserves certain high-risk design tasks for a Registered Professional Engineer (RPE), a specific type of 'qualified person' with legal credentials. Two of the most common examples in construction are designing protective systems for trenches deeper than 20 feet and designing custom-built equipment for hoisting personnel. These tasks involve complex engineering calculations that demand a licensed professional's expertise.",Domain
A worker is standing on the top plank of a 30-foot high supported scaffold to reach a bit higher. The scaffold has a full guardrail system. What is the hazard?,multiple-choice,"There is no hazard, as the guardrail provides 100% fall protection.",Incorrect: The guardrail is no longer effective if the worker stands on it.,The worker is violating the 4:1 height-to-base ratio rule.,"Incorrect: That rule is for the scaffold's overall stability, not the worker's action on the platform.","The worker is using the guardrail's top rail as a handhold, which is not allowed.","Incorrect: The primary hazard is the fall itself, not how they are using the rail.","The worker has raised their center of gravity, making it possible to fall over the top of the guardrail.","Correct: A guardrail is designed to be at a height of 42 inches to protect a worker standing on the platform. By standing on the top rail or even the toeboard, the worker raises their center of gravity above the protective barrier, making it easy to topple over the side. This act defeats the engineering control.",,,,,4,"Guardrails are an effective engineering control, but only when used correctly. They are designed based on the assumption that a worker is standing on the work platform. By climbing or standing on the guardrail itself, as described in 1926.451(g)(1)(iii), a worker defeats the system and places themselves in grave danger of falling from a significant height.",Ladder & Scaffold Safety
"An employer has 15 employees. In one calendar year, the company has two minor first-aid-only injuries and one incident where a worker is hospitalized for a severe cut. Which of these incidents must be recorded on the OSHA 300 Log?",multiple-choice,"None, because the employer has fewer than 20 employees.",Incorrect: The low-hazard industry exemption is different from a general small employer exemption. Most construction companies must keep records. The size exemption is for 10 or fewer employees.,All three incidents must be recorded.,Incorrect: Minor first-aid incidents are not recordable.,Only the hospitalization incident.,"Correct: An injury is 'recordable' on the OSHA 300 Log if it results in death, days away from work, restricted work, transfer to another job, medical treatment beyond first aid, or loss of consciousness. A hospitalization for a severe cut clearly involves medical treatment beyond first aid and likely days away from work.","The two first-aid incidents, but not the hospitalization.",Incorrect: This is the opposite of the rule. First-aid is not recordable; hospitalization is.,,,,,3,"Understanding the difference between first-aid and 'recordable' injuries is key to OSHA recordkeeping (29 CFR 1904). An injury is only recordable if it meets specific criteria, one of which is 'medical treatment beyond first aid.' A minor scratch requiring a bandage is first-aid. A severe cut requiring stitches and hospitalization is clearly medical treatment, making it a recordable case on the OSHA 300 Log.",Domain
"A worker is using a chainsaw to clear brush. They are wearing safety glasses but no other face or head protection. A piece of wood kicks back and strikes them in the face, causing a severe laceration. This injury could have been prevented by using which TWO pieces of PPE?",multi-select,A standard hard hat.,"Correct: While primarily for top impact, a hard hat provides a degree of protection for the entire head area and is often required for clearing work due to falling branches.",A full-face shield worn over the safety glasses.,"Correct: 29 CFR 1926.102(a) requires eye and face protection when there is a risk of injury from flying objects. A face shield provides protection for the entire face, whereas safety glasses only protect the eyes.",Cut-resistant gloves.,"Incorrect: Gloves protect the hands, not the face.",A disposable N95 respirator.,"Incorrect: A respirator protects against airborne particles, not impact hazards.",,,,,"1,2","This scenario highlights the need for a complete PPE system. Safety glasses protect the eyes, but a face shield is necessary to protect the rest of the face from flying debris, a common hazard with chainsaws. Additionally, a hard hat is critical to protect the head from both kickback and falling limbs, which are foreseeable hazards in land clearing operations. Using both provides a robust system of protection.",Personal Protective Equipment (PPE)
A trench is 15 feet deep and 6 feet wide. The competent person has opted for a sloping system in Type B soil. What is the required horizontal distance from the top edge of the trench to the toe (bottom) of the trench on one side?,multiple-choice,11.25 feet.,"Incorrect: This would correspond to a 3/4H:1V slope, which is for Type A soil.",15 feet.,"Correct: For Type B soil, the maximum allowable slope is 1H:1V (45 degrees). Therefore, for a trench that is 15 feet deep, the slope must extend 15 feet horizontally from the top edge.",22.5 feet.,"Incorrect: This would correspond to a 1.5H:1V slope, which is for Type C soil.",7.5 feet.,"Incorrect: This represents a 1/2H:1V slope, which is dangerously steep and not allowed for any soil type.",,,,,2,"Applying the correct sloping ratio from Subpart P, Appendix B is a critical calculation for excavation safety. For Type B soil, the ratio is 1H:1V. This means for every foot of vertical depth, there must be one foot of horizontal slope. For a 15-foot deep trench, the calculation is simple: 15 feet (vertical) x 1 (horizontal ratio) = 15 feet of horizontal distance.",Excavation & Trenching
A worker connects their shock-absorbing lanyard to an anchor point located at their feet. The lanyard is 6 feet long. Why is this a dangerous and non-compliant setup?,multiple-choice,It creates a free fall distance greater than the 6-foot maximum allowed by OSHA.,"Correct: Free fall distance is the distance before the PFAS begins to apply braking force. In this case, the worker will fall approximately 6 feet (lanyard length) PLUS the distance from their back D-ring to their feet (approx. 5 feet), resulting in a free fall of ~11 feet. This far exceeds the 6-foot maximum allowed by 1926.502(d)(16)(iii).",It places excessive strain on the lanyard's shock-absorbing pack.,"Incorrect: While true, the primary violation is exceeding the maximum allowable free fall distance.",It creates a trip hazard for the worker.,Incorrect: The fall hazard is far more severe than the trip hazard.,It requires a harness with a special front D-ring.,"Incorrect: Tying off at the feet is generally discouraged for any harness, and the back D-ring is still the correct attachment point for fall arrest.",,,,,1,"Controlling free fall distance is the most critical element of using a PFAS. OSHA limits free fall to a maximum of 6 feet to ensure that the forces exerted on a worker's body during fall arrest are survivable. Anchoring at foot level creates a much longer free fall, which can lead to catastrophic equipment failure or severe internal injuries, even if the fall is arrested.",Fall Protection
"An air compressor on a construction site is running, but the guard over the belt and flywheel has been removed for maintenance and not replaced. This violates which machine guarding standard?",multiple-choice,The point-of-operation guarding requirement.,Incorrect: The point of operation is where work is done; the belt and flywheel are part of the power transmission system.,The power transmission apparatus guarding requirement.,"Correct: 29 CFR 1926.300(b)(2) specifically requires that belts, gears, shafts, pulleys, sprockets, and other rotating or reciprocating parts of equipment which create a hazard must be guarded.",The lockout/tagout standard.,Incorrect: LOTO is the procedure used during maintenance; the violation here is the failure to replace the guard before re-energizing the machine.,The noise exposure standard.,"Incorrect: While the compressor creates noise, the unguarded belt is a separate caught-in/between hazard.",,,,,2,"Machine guarding rules cover more than just the point of operation. The system that transmits power to the machine—the belts, chains, and gears—creates significant caught-in and amputation hazards. OSHA requires that these power transmission apparatuses be fully guarded to prevent any possibility of worker contact. Operating the machine without these guards is a serious violation.",Caught-In/Between Hazards
A registered professional engineer (RPE) has designed a shoring system for a 15-foot deep trench using manufacturer's tabulated data. A 'competent person' on site wants to substitute a different type of hydraulic jack than what is specified in the RPE's design. This action is:,multiple-choice,"Permissible, as the competent person has authority over the protective system.",Incorrect: The competent person's authority does not extend to altering an engineer's design.,"Permissible, as long as the new jacks have a higher load rating.",Incorrect: A higher rating does not guarantee compatibility with the rest of the engineered system.,"A violation, unless the substitution is approved by the original RPE or another RPE.","Correct: An engineered system is a complete package. Any modification or deviation from the design, including component substitution, must be approved by a registered professional engineer per 1926.652(c)(2)(iv).","A violation, because all engineered systems must be installed by an RPE.","Incorrect: The system must be installed under the supervision of a competent person, not necessarily by the engineer who designed it.",,,,,3,"When an excavation protective system is designed by a registered professional engineer (RPE), that design is a specific, engineered solution. A competent person's role is to ensure the system is installed according to the design. They do not have the authority to make modifications or substitute components, as this could invalidate the engineering calculations and compromise the system's integrity. Any change requires approval from an RPE.",Excavation & Trenching
"A worker is on a mobile elevating work platform (MEWP), such as a boom lift, and is fully enclosed by the guardrail system. According to both OSHA standards and industry best practice, are they required to wear a personal fall arrest system (PFAS)?",multiple-choice,"No, the guardrail system provides adequate fall protection.","Incorrect: This is true for scaffolds, but not for boom lifts, which can catapult occupants.","Yes, but only if the work is being performed over 15 feet high.",Incorrect: The requirement is not based on a specific height but on the type of equipment.,"Yes, a fall restraint or arrest system must be used and attached to the designated anchor point on the lift.","Correct: Due to the risk of being catapulted out of the basket (e.g., if the boom moves suddenly or the base hits an obstacle), OSHA 1926.453(b)(2)(v) requires workers in boom lifts to wear a body belt or harness with a lanyard attached to the boom or basket. Industry best practice now mandates a full harness and restraint/arrest system.","No, unless the MEWP is being driven while elevated.","Incorrect: The requirement applies whenever a worker is in the basket at height, regardless of movement.",,,,,3,"Unlike a stationary scaffold, a boom lift is a dynamic piece of equipment. Sudden movements of the boom, or driving the base over uneven ground, can create a catapult effect that can eject a worker from the basket, even with guardrails. Therefore, OSHA and equipment manufacturers require the use of a personal fall protection system (restraint is preferred) tied off to the manufacturer-provided anchor point in the basket.",Fall Protection
"During a concrete pour, the formwork for a wall begins to bulge outwards. The site supervisor tells the crew to 'keep pouring, we'll brace it later.' This decision is a direct violation of which TWO standards/principles?",multi-select,The requirement to have a registered professional engineer on site during all pours.,"Incorrect: An engineer must design complex formwork, but is not required to be on-site during the pour.",The formwork must be braced and shored to prevent failure from the pressure of the concrete.,"Correct: 29 CFR 1926.703(a)(1) requires that formwork shall be designed, fabricated, erected, supported, braced and maintained so that it will be capable of supporting all vertical and lateral loads. Bulging is a sign of imminent failure.",The competent person's duty to inspect the formwork during and after concrete placement.,Correct: 1926.703(b)(8) requires a competent person to inspect the formwork during placement. Observing a bulge and not stopping the pour is a failure of this duty.,The concrete must be a specific slump rating for wall forms.,Incorrect: Slump is a quality issue; the safety violation is the failure to react to signs of structural collapse.,,,,,"2,3","Concrete formwork failures are catastrophic events. The bulging formwork is a clear sign that it is not withstanding the lateral pressure of the wet concrete, a direct violation of 1926.703(a)(1). The supervisor's decision to continue pouring demonstrates a failure of the competent person's duty under 1926.703(b)(8) to inspect the pour and take immediate corrective action when a hazard (imminent collapse) is identified. The pour must be stopped immediately.",Caught-In/Between Hazards
"A road crew is performing a patch repair in one lane of a two-lane road. They have set up cones for a taper and have a flagger at the start of the work zone. A car speeds past the flagger and strikes a worker. From a traffic control perspective, what additional control might have prevented this?",multiple-choice,Using taller cones in the taper.,Incorrect: Taller cones improve visibility but don't physically stop a vehicle.,Positioning a police car with flashing lights at the start of the work zone.,Correct: The presence of law enforcement is a significant deterrent to speeding and aggressive driving and is considered a positive protection measure in many states' temporary traffic control plans.,Requiring all workers to wear high-visibility orange vests instead of yellow.,Incorrect: The color of the vest is unlikely to have prevented an inattentive or aggressive driver from ignoring a flagger.,Adding more cones to the taper.,"Incorrect: Cone spacing is important, but simply adding more cones does not provide positive protection.",,,,,2,"While standard temporary traffic control (TTC) using cones and flaggers is the norm, high-speed or high-risk locations may require enhanced measures. The presence of a law enforcement vehicle provides a higher level of authority and visibility (known as 'positive protection' in some contexts) that can significantly alter driver behavior, increasing the safety of the work zone beyond what signs and cones alone can achieve. This is a key principle in advanced TTC planning.",Struck-By Hazards
A worker is found unconscious in a 4-foot deep trench that contains a leaking propane line. Why is this atmosphere considered Immediately Dangerous to Life or Health (IDLH)?,multiple-choice,The oxygen level is likely below 19.5%.,"Correct: Propane is heavier than air. As it fills the trench from the bottom up, it displaces the oxygen. A concentration high enough to cause unconsciousness has almost certainly created an oxygen-deficient atmosphere.",The propane concentration is above its Upper Explosive Limit (UEL).,"Incorrect: If the concentration were above the UEL, it would be too 'rich' to ignite, but the primary life-threatening hazard is oxygen displacement, not flammability at this stage.",The worker was not wearing the correct respirator.,"Incorrect: The question asks why the atmosphere is IDLH, not what PPE failed.",The trench is not properly shored.,Incorrect: The shoring is a separate cave-in hazard; the IDLH condition is atmospheric.,,,,,1,"An IDLH atmosphere is one that poses an immediate threat to life. While propane is flammable, its more insidious danger in a confined space is that it is heavier than air and will displace oxygen. As the propane fills the trench, it pushes the breathable air out. A worker collapsing from 'fume inhalation' in this scenario is most likely suffering from asphyxiation due to an oxygen level far below the 19.5% minimum required for life.",Excavation & Trenching
OSHA requires employers to pay for nearly all Personal Protective Equipment (PPE). Which of the following is an example of PPE that an employer is NOT required to pay for?,multiple-choice,A flame-resistant jacket for a welder.,"Incorrect: If required for the task, the employer must pay for this specialized PPE.",A full-body harness for a worker exposed to a fall hazard.,Incorrect: The employer must pay for this critical life-safety equipment.,Everyday work boots made of plain leather.,Correct: 29 CFR 1910.132(h)(2) explicitly states that an employer is not required to pay for non-specialty safety-toe protective footwear (or non-specialty prescription safety eyewear) provided that the employer permits such items to be worn off the job-site. Everyday work boots fall into this category.,A pair of rubber insulating gloves for an electrician.,Incorrect: This is highly specialized PPE that the employer must pay for.,,,,,3,"While the rule is that employers pay for required PPE, OSHA has carved out a few specific exceptions. The most common is for certain types of safety footwear. If the footwear is non-specialty (e.g., a standard steel-toed boot vs. a chemical-proof or foundry boot) and the employee can wear it off the job, the employer is not required to foot the bill.",Personal Protective Equipment (PPE)
"A worker is using a non-GFCI protected extension cord in a dry location. The cord has been damaged by a forklift, and the internal hot and neutral wires are touching, but the grounding wire is intact. What is the immediate result of this 'short circuit'?",multiple-choice,The worker will receive a severe electric shock.,"Incorrect: In this specific fault (hot-to-neutral), the current has a low-resistance path back to the source and will not preferentially travel through the higher-resistance path of the worker's body.",The circuit breaker or fuse protecting the circuit will open.,"Correct: A 'short circuit' is a low-resistance path between the hot and neutral conductors. This causes a massive and instantaneous surge of current (amperage), which is designed to be detected by a circuit breaker or fuse, causing it to trip and de-energize the circuit.",The tool at the end of the cord will run twice as fast.,Incorrect: The tool will lose power instantly when the breaker trips.,The cord will slowly overheat and melt over several minutes.,"Incorrect: A direct short circuit causes a very rapid, high-current event, not a slow overheat (which is typical of an overload).",,,,,2,"It's important to distinguish between different types of electrical faults. A 'ground fault' is when current leaks to ground. A 'short circuit' is when the hot and neutral wires touch directly. This creates a virtually unimpeded path for electricity, causing an extremely high current flow that will 'short' the circuit back to the panel, tripping the overcurrent protection device (the breaker) almost instantly.",Electrocution
"A scaffold is erected next to a building, and the platform is fully planked with no gaps. The horizontal distance from the front edge of the platform to the face of the building is 16 inches. Which TWO statements are true about this gap?",multi-select,The gap is acceptable for plastering work without additional protection.,"Correct: 1926.451(b)(1)(ii) creates an exception, allowing a gap of up to 18 inches for plastering and lathing operations.","The gap is a violation for any other type of work, such as painting or bricklaying.","Correct: For all other types of work, 1926.451(b)(1)(i) limits the maximum gap to 14 inches.",The gap requires a personal fall arrest system to be used.,"Incorrect: This would be true if the gap exceeded the 14-inch general limit or the 18-inch plastering limit, but not in this specific plastering scenario.",The scaffold must be moved closer to the building.,"Incorrect: The 18-inch gap is permissible for this specific task, so moving the scaffold is not required.",,,,,"1,2","OSHA's scaffold standard has specific nuances. While the general rule is a maximum 14-inch gap between the platform and the work face, the standard provides a specific exception for plastering and lathing work, allowing up to an 18-inch gap to accommodate the work process. For any other trade, a 16-inch gap would be a violation requiring additional fall protection.",Ladder & Scaffold Safety
A crane operator is using a personnel platform to lift two workers to a work location. Which of the following actions is a direct violation of 1926.1431?,multiple-choice,Conducting a trial lift with the unoccupied platform before lifting the workers.,Incorrect: A trial lift is a mandatory safety requirement before lifting personnel.,Using a crane with a boom that is not 'live' (power up/power down).,"Incorrect: A live boom is required for personnel lifts to prevent uncontrolled lowering. This is a requirement, not a violation.",The workers in the basket are communicating with the operator via hand signals.,"Incorrect: Communication is required, and hand signals are a valid method.",Lifting the workers at a travel rate of 150 feet per minute.,Correct: 1926.1431(k)(1) states that the hoist speed shall not exceed 100 feet per minute. Moving personnel at a higher speed is a violation that can cause dangerous platform movement.,,,,,4,"Lifting personnel with a crane is a high-risk operation governed by a very detailed OSHA standard (1926.1431). The standard sets many specific operational limits to ensure safety, including a maximum hoist speed of 100 feet per minute. This slow, controlled speed prevents bouncing and swinging of the platform, ensuring a safe ride for the occupants.",Struck-By Hazards
"An employer performs air monitoring for silica and gets a result of 60 µg/m³ for a worker over an 8-hour TWA. The Permissible Exposure Limit (PEL) is 50 µg/m³ and the Action Level (AL) is 25 µg/m³. According to 1926.1153, the employer must now:",multiple-choice,"Implement engineering controls, provide respiratory protection with an APF of 10, and establish a regulated area.","Correct: This exposure is above the PEL. The standard requires the employer to implement feasible engineering controls, establish regulated areas, AND provide respiratory protection sufficient to reduce the exposure to below the PEL. A half-mask respirator with an APF of 10 would be required.",Only provide a respirator with an APF of 10.,"Incorrect: PPE is required, but it must be in addition to attempting to implement engineering controls.",Re-test within 30 days to confirm the reading.,"Incorrect: Action must be taken based on the result. While re-testing may be part of a larger strategy, immediate controls are needed.",Enter the worker into a medical surveillance program but take no other action.,"Incorrect: Medical surveillance is required (as the exposure is above the AL), but it does not replace the need for engineering controls and PPE to reduce the exposure.",,,,,1,"OSHA's silica standard dictates specific actions based on exposure levels. Since the exposure of 60 µg/m³ is above the PEL of 50 µg/m³, the employer has multiple mandatory actions. They must try to reduce the exposure through engineering controls, they must demarcate the area as a 'regulated area' to limit access, and they must provide appropriate respiratory protection (in this case, an APF of at least 10) to get the employee's exposure below the PEL.",Health Hazards
"A worker is using a 6-foot stepladder to access a ceiling space. The ladder is placed directly under the work, forcing the worker to stand on the second-to-top step and work directly overhead. What is the primary ergonomic hazard created?",multiple-choice,The ladder is not the correct type for this task.,"Incorrect: A stepladder is appropriate, but its placement is poor.",Working with the neck and shoulders in a state of prolonged hyperextension.,"Correct: Working directly overhead for extended periods forces the neck and back into an awkward, strained posture (hyperextension). This is a significant ergonomic risk factor for developing musculoskeletal disorders in the neck and shoulders.",The worker is not maintaining three points of contact.,"Incorrect: The worker is standing still, not climbing, so the three-point contact rule does not apply in the same way. The static posture is the hazard.",The ladder could tip over.,"Incorrect: While a stability hazard might exist, the question asks for the primary ergonomic hazard related to the posture.",,,,,2,"Ergonomics includes not just lifting but also sustained awkward postures. By placing the ladder directly underneath the work, the worker is forced to tilt their head back severely. This posture puts significant strain on the muscles and vertebrae of the neck and upper back. The correct ergonomic practice would be to place the ladder slightly to the side, allowing the worker to face the work with a more neutral posture.",Health Hazards
"An extension cord is plugged into a wall outlet. This single cord is then connected to a power strip/surge protector, which has five different power tools plugged into it. This practice, known as 'daisy chaining,' is a violation because:",multiple-choice,The power strip is not GFCI protected.,Incorrect: GFCI protection is a separate issue from the daisy-chaining hazard.,"It can overload the original extension cord or wall circuit, creating a fire hazard.","Correct: Power strips do not create more power; they only split the available current. Plugging multiple high-draw tools into one strip, which is then fed by a single extension cord, can easily draw more amperage than the cord or the circuit is rated for, causing it to overheat and potentially start a fire.",The total length of the cord run exceeds 100 feet.,Incorrect: The length is not mentioned and is not the primary hazard of daisy chaining.,The tools have not been inspected under an AEGCP.,Incorrect: The inspection program is a separate issue from the hazardous wiring method.,,,,,2,"Daisy chaining (connecting extension cords to power strips or other extension cords) is a common but dangerous electrical violation. The building's circuit protection (the breaker) is designed to protect the wiring in the wall, not the extension cords plugged into it. By plugging too many devices into one chain, the user can easily overload a cord, causing it to melt and ignite long before the building's breaker ever trips.",Electrocution
A worker is using a portable band saw to cut metal pipe. The portion of the blade that is not cutting the pipe is exposed. This is a violation because:,multiple-choice,The blade should be a bi-metal construction.,"Incorrect: The blade material is a quality/performance issue, not a guarding violation.","All portions of the blade must be guarded, except for the part doing the work (at the point of operation).","Correct: 29 CFR 1926.304(f) requires that all portable, power-driven circular saws be equipped with guards. While this standard specifically names circular saws, the principle of guarding the unused portion of the blade applies to other saws, like band saws, under the general machine guarding standard 1926.300(b).",The worker is not wearing cut-resistant gloves.,Incorrect: PPE is a secondary control; the primary violation is the lack of a machine guard.,The saw is not plugged into a GFCI outlet.,"Incorrect: GFCI protects from shock, not from contact with the moving blade.",,,,,2,"The principle of machine guarding is to prevent contact with the hazardous moving parts. For any saw, this means the portion of the blade that is not actively cutting the material should be enclosed by a guard. On a portable band saw, this prevents the operator's free hand or other body parts from accidentally contacting the moving blade on the top or back side of the tool.",Caught-In/Between Hazards
A 'competent person' for scaffolding inspection must have which specific qualification?,multiple-choice,A certificate from a third-party training provider.,"Incorrect: While certificates are evidence of training, they are not a required qualification in themselves.",At least 5 years of experience erecting scaffolds.,Incorrect: OSHA does not specify a minimum number of years of experience.,The ability to identify existing and predictable hazards and the authority to take prompt corrective measures.,"Correct: This is the specific definition of a competent person provided by OSHA in 29 CFR 1926.450(b). It is about capability and authority, not a specific credential.",A degree in structural engineering.,"Incorrect: This describes a 'qualified person' or RPE, who has different responsibilities (like design).",,,,,3,"The definition of a 'competent person' is one of the most important concepts in the OSHA standards. It is not about a piece of paper or years of service. It is a dual requirement: 1) the person must have the knowledge and training to recognize hazards, and 2) the person must have been given the authority by the employer to stop the work and correct those hazards immediately.",Ladder & Scaffold Safety
"An employee is exposed to an airborne chemical at a concentration of 40 ppm. The chemical's OSHA PEL is 50 ppm, but the ACGIH Threshold Limit Value (TLV) is 30 ppm. From a strict OSHA compliance standpoint, has a violation occurred?",multiple-choice,"Yes, because the exposure exceeds the more protective ACGIH TLV.","Incorrect: OSHA enforces its own PELs. While using the TLV is a best practice, it is not legally enforceable by OSHA.","No, because the exposure is below OSHA's legally enforceable PEL.","Correct: OSHA can only cite employers for violations of its own standards. Since the exposure of 40 ppm is below the OSHA PEL of 50 ppm, no violation of the exposure limit standard has occurred.","Yes, because any exposure to a hazardous chemical is a violation under the General Duty Clause.","Incorrect: The General Duty Clause is for recognized hazards without a specific standard. Here, a specific PEL exists and has not been exceeded.","Maybe, it depends on whether the employee was wearing a respirator.","Incorrect: The question is about whether the ambient concentration itself constitutes a violation, regardless of PPE.",,,,,2,"This question tests the important legal distinction between OSHA's Permissible Exposure Limits (PELs) and other occupational exposure limits like the ACGIH's Threshold Limit Values (TLVs). OSHA can only enforce its own PELs. While TLVs are often more up-to-date and protective (and following them is a sign of a strong safety program), an employer is not in violation of an OSHA standard unless the exposure exceeds the specific OSHA PEL.",Health Hazards
Which of the following is the best example of applying the 'elimination' principle from the hierarchy of controls to a fall hazard?,multiple-choice,Providing every worker with a personal fall arrest system.,"Incorrect: This is an example of PPE, the lowest level of control.",Installing guardrails around the perimeter of the work area.,"Incorrect: This is an engineering control that isolates the hazard, but does not eliminate it.",Performing as much of the work as possible on the ground before lifting the completed assembly into place.,"Correct: Elimination means physically removing the hazard. By assembling the unit on the ground, the need for workers to be exposed to the fall hazard in the first place is eliminated.",Using a mobile elevating work platform instead of a ladder.,"Incorrect: This is substitution; it replaces one hazard with a different (hopefully lesser) one, but it does not eliminate the fall hazard itself.",,,,,3,"The hierarchy of controls prioritizes actions that are most effective. Elimination, at the very top, is the most effective because it removes the hazard entirely. In this case, redesigning the work process to build components on the ground completely removes the need for workers to be at height, thus eliminating the fall hazard for that portion of the work.",Fall Protection
"A worker needs to cross a 10-foot deep trench. The site supervisor lays two 2x12 wooden planks across the trench, but does not add guardrails or secure the planks. A worker falls from the planks into the trench. The lack of guardrails is a violation because:",multiple-choice,All bridges over trenches require guardrails.,Incorrect: The requirement depends on the fall height.,The fall distance from the walkway into the trench is greater than 6 feet.,Correct: 29 CFR 1926.651(l)(2) states that walkways shall be provided with a guardrail system where employees or equipment are required or permitted to cross over excavations. The general fall protection rule (1926.501) would mandate this at 6 feet.,The planks were not wide enough for safe passage.,Incorrect: 24 inches of width is generally considered adequate; the missing guardrails are the primary violation related to the fall.,The planks were not inspected by a competent person.,"Incorrect: The physical defect (missing guardrails) is the violation, not the inspection process.",,,,,2,"When a walkway is created over an excavation, it becomes a walking/working surface. The fall protection rules then apply. Since the drop from the planks into the trench is 10 feet, which is greater than the 6-foot threshold, a standard guardrail system is required on the walkway per 1926.651(l)(2) to prevent workers from falling off the sides.",Excavation & Trenching
A flammable gas meter shows a reading of 15% LEL for methane in a confined space. What does this reading signify?,multiple-choice,The atmosphere is safe for entry without a respirator.,Incorrect: 15% LEL is above the level where entry is permitted.,The atmosphere is at 15% of the concentration needed to support combustion.,Correct: LEL stands for Lower Explosive Limit. A reading of 15% LEL means the atmosphere contains 15% of the fuel concentration required to trigger an explosion if an ignition source is present. OSHA prohibits entry when the LEL is 10% or greater.,The atmosphere contains 15% methane gas by volume.,Incorrect: This is a common and dangerous misinterpretation. 100% LEL for methane is about 5% methane by volume. So 15% LEL is only about 0.75% methane by volume.,The oxygen level has been enriched to 15% above normal.,"Incorrect: LEL measures flammable gas, not oxygen.",,,,,2,Understanding LEL readings is critical for confined space safety. The LEL is the minimum concentration of a gas in air that can ignite. The meter reading is a percentage of that limit. OSHA 1926.1207(e) prohibits entry into a confined space if the flammable gas concentration is 10% of the LEL or higher. A 15% LEL reading indicates a hazardous atmosphere that is approaching an explosive state.,Health Hazards
A worker is using an abrasive wheel on a bench grinder. The gap between the upper wheel guard and the wheel is 1/2 inch. The work rest is properly adjusted to 1/8 inch. What is the hazard associated with the guard spacing?,multiple-choice,It allows the operator to touch the side of the wheel.,"Incorrect: The primary hazard of an improperly gapped guard is not contact, but failure containment.",It will not effectively contain the fragments if the wheel shatters.,Correct: The adjustable tongue guard on a bench grinder must be kept adjusted to within 1/4 inch of the wheel (1926.303(c)(1)). A larger gap allows fragments of a shattered wheel to escape in the direction of the operator.,It creates excessive vibration in the grinder.,Incorrect: Guard spacing does not cause vibration.,It allows the workpiece to be jammed between the guard and the wheel.,"Incorrect: The work rest, not the upper guard, is what prevents the workpiece from being jammed in that manner.",,,,,2,"Bench grinder safety depends on several key adjustments. In addition to the work rest, the upper tongue guard must be set no more than 1/4-inch from the wheel. This guard's purpose is to contain the high-velocity fragments if the wheel explodes. A gap of 1/2-inch is too large and defeats this critical safety function, violating 1926.303(c)(1).",Struck-By Hazards
A worker is applying spray foam insulation in a poorly ventilated room. The Safety Data Sheet (SDS) for the isocyanate component (Part A) requires a supplied-air respirator. The employer provides a half-mask respirator with organic vapor cartridges. This is a serious violation because:,multiple-choice,The worker was not fit-tested for the half-mask respirator.,"Incorrect: While fit-testing is required, the type of respirator is the more fundamental error.",Isocyanates can cause sensitization and do not have good warning properties.,"Correct: Isocyanates are potent sensitizers, meaning they can cause a severe, permanent allergic reaction (occupational asthma). They also have poor warning properties (you can't smell them until you are already overexposed). Therefore, an air-purifying respirator is not protective enough; a supplied-air system is required.",Organic vapor cartridges do not filter out isocyanates.,"Incorrect: They can filter them, but they become saturated quickly and without warning, making them unreliable and unsafe for this chemical.",A full-facepiece respirator should have been provided.,Incorrect: Even a full-facepiece air-purifying respirator is insufficient due to the poor warning properties of isocyanates. Supplied-air is necessary.,,,,,2,"Choosing the right respirator requires understanding the hazard. Isocyanates are particularly dangerous because they can permanently sensitize a worker's respiratory system and they can't be reliably detected by smell. For these reasons, OSHA and NIOSH mandate the use of a supplied-air respirator, which provides a clean source of air from outside the contaminated area, rather than relying on filtering the contaminated air. This is a critical chemical-specific requirement.",Health Hazards
A crane is set up with its outriggers fully extended. One outrigger pad is resting on top of a water valve cover in the street. Why is this a hazardous condition?,multiple-choice,The crane is not perfectly level.,"Incorrect: The ground may be level, but the support point is the issue.",The outrigger pad is not large enough.,Incorrect: The size of the pad is not the violation; it's what the pad is resting on.,The valve cover is not a stable ground surface and could collapse under the load.,"Correct: 29 CFR 1926.1402 requires cranes to be assembled on ground that is firm, drained, and graded. An outrigger exerts immense pressure. Placing it on a hollow structure like a utility vault or valve cover creates a high risk of the cover collapsing, causing the crane to become unstable and tip.",The outrigger is blocking access to the water valve.,Incorrect: Access is a secondary concern; the primary hazard is the catastrophic failure of the support point.,,,,,3,"Proper crane setup is foundational to safety. The ground under each outrigger must be able to support the massive point loads generated during a lift. A utility cover, manhole lid, or valve box is not solid ground. It is a lid over a void. Placing an outrigger on such a surface is a gamble that it will not crack or collapse, leading to a sudden and catastrophic loss of stability for the crane.",Struck-By Hazards
Which of the following is an example of a 'struck-by flying object' hazard?,multiple-choice,A trench wall collapses on a worker.,Incorrect: This is a 'caught-in/between' hazard (caught in a collapse).,A worker is hit by a car while working on the highway.,"Incorrect: This is a 'struck-by vehicle' hazard, a specific sub-category.",A piece of concrete is ejected from a jackhammer and hits a worker's leg.,"Correct: This is a classic example of a 'struck-by flying object' hazard, where an object is propelled through the air by a tool or machine and strikes a person.",A worker's hand is pulled into a belt and pulley system.,Incorrect: This is a 'caught-in/between' hazard.,,,,,3,"OSHA's 'Focus Four' requires distinguishing between hazard types. A 'struck-by flying object' hazard occurs when an object that has been set in motion (e.g., thrown, ejected, propelled) makes contact with a person. Debris being thrown from a power tool like a jackhammer, grinder, or saw is a textbook example.",Struck-By Hazards
A steel erection contractor decides to hoist a load of steel beams at a wind speed of 35 mph. The site-specific erection plan does not specify a maximum wind speed for hoisting. This action is:,multiple-choice,"Permissible, as long as the operator is certified.",Incorrect: Operator certification does not override safety rules regarding weather conditions.,"A violation, because hoisting operations must cease when wind speeds exceed a safe level as determined by a qualified person.","Correct: 29 CFR 1926.753(c)(2) states that a qualified rigger and the crane operator must determine that it is safe to perform a lift. Wind is a critical factor. While no specific mph is listed in the standard, hoisting in high winds is unsafe, and proceeding could be a violation of this rule and the General Duty Clause. Many crane manufacturers set limits around 20-30 mph.","Permissible, because OSHA does not set a specific maximum wind speed.","Incorrect: While OSHA doesn't set a number, it does require the lift to be conducted safely. Proceeding in high winds would not be considered safe by any reasonable standard.","A violation, because the maximum allowable wind speed is 20 mph.","Incorrect: OSHA does not set a specific 20 mph limit; this is a common industry rule of thumb, but not a specific OSHA regulation.",,,,,2,"Crane operations are highly susceptible to wind. High winds can cause the load to swing uncontrollably, put dangerous side-loading on the crane boom, or even cause the crane to tip. While OSHA's standard is performance-based (requiring a qualified person to deem it safe), industry best practice and manufacturer limits generally call for ceasing crane operations at wind speeds between 20 and 30 mph. A lift at 35 mph is reckless and a clear hazard.",Struck-By Hazards
A worker is using a fiberglass extension ladder that has been painted by the company to match their brand colors. Why is this a violation?,multiple-choice,The paint adds extra weight to the ladder.,Incorrect: The weight of the paint is negligible and not the primary safety concern.,The paint can hide structural defects in the ladder's side rails.,"Correct: 29 CFR 1926.1053(a)(1)(ii) requires that ladders be maintained free of hazards. Painting an opaque coating on a ladder can conceal cracks, splits, or other damage that would otherwise be visible during an inspection.",Fiberglass ladders should never be used outdoors.,"Incorrect: Fiberglass is an ideal material for outdoor ladders, especially near electricity.",The paint could be flammable.,"Incorrect: While a potential hazard, the primary violation is that the paint can hide damage.",,,,,2,"Ladder inspections are a critical daily safety practice. A key part of the inspection is looking for cracks, dents, and other structural damage. Applying a coat of non-transparent paint to a ladder, whether wood or fiberglass, can easily hide these potentially catastrophic defects. For this reason, ladders should only be coated with a clear varnish or left uncoated.",Ladder & Scaffold Safety
An employer's written Emergency Action Plan (EAP) must include which TWO of the following elements to be compliant with 29 CFR 1926.35?,multi-select,The names and phone numbers of the company's executive officers.,Incorrect: This is not a required element of an EAP.,Procedures for reporting a fire or other emergency.,Correct: 1926.35(b)(1) explicitly requires the EAP to include procedures for reporting emergencies.,"Procedures for emergency evacuation, including type of evacuation and exit route assignments.",Correct: 1926.35(b)(1) also requires the EAP to include procedures for evacuation and designated escape routes.,A copy of the company's liability insurance policy.,Incorrect: Insurance information is not part of an EAP.,,,,,"2,3","An Emergency Action Plan is a critical document for site safety. According to OSHA 1926.35, the written plan must be a clear, actionable guide. At its core, it must tell employees exactly how to report an emergency (e.g., pull alarm, call 911, use radio) and how to safely evacuate the area (e.g., which routes to take, where the assembly point is).",Domain
"During a trenching operation, the competent person is on another part of the job site, 500 yards away. An excavator operator begins digging a new section of trench and allows a worker to enter it to measure the depth. The trench is 7 feet deep with vertical walls. The absence of the competent person during this critical phase is a violation because:",multiple-choice,The competent person must personally operate the excavator.,"Incorrect: The competent person supervises, they do not need to operate the equipment.",The competent person must be present to supervise the initial excavation and prevent premature entry.,"Correct: One of the key duties of the competent person is to be present during excavation activities to identify hazards as they develop, classify soil, and ensure protective systems are used before any employee enters a hazardous trench. Their absence means there is no qualified oversight.",The worker entering the trench was not a 'qualified' surveyor.,Incorrect: The worker's qualification is not the issue; the violation is the entry into an unprotected trench.,The excavator operator must also be certified as a competent person.,Incorrect: The operator and competent person are two distinct roles with different responsibilities.,,,,,2,"The role of the competent person in trenching is active, not passive. They must be on-site and engaged in the process, especially when conditions are changing or new areas are being excavated. Their absence during a critical activity like digging a new trench means that no one is performing the required hazard analysis, soil classification, and oversight needed to ensure the trench is safe before a worker is exposed to a potential cave-in.",Excavation & Trenching
What is the critical difference between 'bonding' and 'grounding' when dealing with the transfer of flammable liquids?,multiple-choice,Bonding is for metal containers; grounding is for plastic containers.,"Incorrect: The principle applies to conductive containers, which are typically metal. Plastic containers present different static electricity challenges.",Bonding equalizes the electrical potential between two containers; grounding connects a container to the earth.,"Correct: This is the key distinction. Bonding uses a wire to connect two objects (like a drum and a safety can) to keep them at the same electrical potential, preventing a static spark from jumping between them. Grounding connects an object to the earth to drain away any static charge. Both are often used together.","Bonding is required by OSHA, but grounding is only a best practice.",Incorrect: Both are required by 29 CFR 1926.152(e)(2) when transferring Class I flammable liquids.,"Bonding uses a braided wire, while grounding uses a solid wire.",Incorrect: The type of wire construction is not the defining difference.,,,,,2,"Bonding and grounding are related but distinct concepts for controlling static electricity. When pouring a flammable liquid, static can build up. 'Bonding' connects the dispensing and receiving containers so that they are at the same electrical charge, preventing a spark from jumping the gap. 'Grounding' connects the dispensing container to the earth, providing a path for the static charge to safely dissipate. Both are required to prevent a fire or explosion.",Health Hazards
"A worker wearing a full-body harness falls from a height of 10 feet. The personal fall arrest system (PFAS) works correctly and the worker is left suspended, uninjured but unable to self-rescue. What is the immediate hazard the worker now faces?",multiple-choice,Violation of the 6-foot free fall rule.,Incorrect: The fall has already occurred; this is no longer the immediate hazard.,Suspension trauma (orthostatic intolerance).,"Correct: When a person is suspended motionless in a harness, the leg straps can cut off circulation. This can lead to blood pooling in the legs, causing a drop in blood pressure, loss of consciousness, and potentially death in a matter of minutes.",The harness may have been damaged in the fall.,"Incorrect: While possible, the physiological effect on the worker is the more immediate life-threatening hazard.",The anchor point may have been weakened.,Incorrect: The anchor point held; the hazard is now to the suspended worker.,,,,,2,"An arrested fall is not the end of the emergency; it's the beginning of a rescue. Suspension trauma is a deadly and fast-acting hazard. The pressure from the harness leg straps can restrict blood flow, leading to fainting and serious medical complications. This is why every fall protection plan must include a prompt rescue plan to retrieve a suspended worker as quickly as possible.",Fall Protection
"An electrical panel has a sign that reads 'DANGER - HIGH VOLTAGE - 480 VOLTS'. The panel door is closed but not locked. A qualified electrician is about to begin work on the circuits inside. According to NFPA 70E and safe work practices, what is the first step the electrician must take?",multiple-choice,Put on a full arc flash suit with a hood and gloves.,"Incorrect: PPE is necessary for live work, but the first step is always to try to de-energize.",Verify the circuit is de-energized using a voltmeter.,"Incorrect: This is a critical step, but it happens after the circuit has been shut off and locked out.",Shut off the circuit breaker feeding the panel and apply a personal lock and tag.,Correct: The first principle of electrical safety is to establish an electrically safe work condition. This always begins with de-energizing the equipment at its source and applying Lockout/Tagout (LOTO) to prevent re-energization.,Post a safety watch outside the panel.,"Incorrect: This is a supplemental precaution, not the primary step to control the hazard.",,,,,3,"Electrical safety protocols, guided by NFPA 70E, follow a strict hierarchy. The preferred and mandatory first step before any work begins is to eliminate the hazard. This is accomplished by de-energizing the circuit and applying a lock and tag. All other actions, like testing for absence of voltage and putting on PPE, follow this initial, most critical step.",Electrocution
"A worker is using a 10-foot stepladder. To reach an object on a high shelf, they place one foot on the top step and the other foot on the top cap of the ladder. This is a serious violation because:",multiple-choice,The ladder's load rating is exceeded.,Incorrect: The worker's weight has not changed; the stability has.,The worker is not maintaining three points of contact.,"Incorrect: While also likely true, the more severe violation is standing on the prohibited top surfaces.",The top step and top cap are not designed to be stood upon and make the ladder extremely unstable.,"Correct: 29 CFR 1926.1053(b)(13) explicitly forbids using the top or top step of a stepladder as a step. These surfaces are not designed for standing and place the worker's center of gravity too high, leading to a high risk of tipping over.",A 12-foot ladder should have been used.,"Incorrect: Using a taller ladder would be safer, but the violation is the misuse of the current ladder.",,,,,3,"The top cap and top step of a stepladder are not steps. They are part of the ladder's bracing and are not intended to bear a person's weight. Standing on them, as prohibited by 1926.1053(b)(13), creates a top-heavy, unstable situation that is a leading cause of stepladder fall incidents.",Ladder & Scaffold Safety
"During a daily inspection, a competent person notes that the hydraulic fluid is leaking from one of the cylinders of a trench shoring system. What is the required immediate action?",multiple-choice,Continue work but have the leak repaired at the end of the shift.,Incorrect: A leaking protective system is considered damaged and unsafe.,Remove all workers from the trench until the system is repaired or replaced.,"Correct: Any damage to a protective system, such as a leaking hydraulic cylinder which can lead to a loss of pressure and collapse, renders it unsafe. Per 1926.651(k)(2) and 1926.652(d)(3), employees must be removed from the hazardous area until repairs are made.",Add more hydraulic fluid to the system to compensate for the leak.,Incorrect: This does not fix the underlying defect and provides a false sense of security.,Place a bucket under the leak to contain the fluid.,Incorrect: This addresses the environmental spill but ignores the critical structural failure of the protective system.,,,,,2,A protective system must be maintained in good condition to be effective. A leaking hydraulic shore indicates a loss of integrity. It can no longer be relied upon to resist the force of the trench walls. The competent person's duty is to recognize this as a sign of potential failure and immediately remove all employees from the zone of danger until the system is repaired and re-inspected.,Excavation & Trenching
A platform is suspended from a crane to hoist materials to a rooftop. The rigging consists of a single wire rope sling attached to a single lifting eye in the center of the platform. This setup is hazardous because:,multiple-choice,"The platform must be made of steel, not wood.","Incorrect: The material is not specified, as long as it is strong enough.","The load is not stable and can easily tip or spin, spilling the materials.","Correct: Using a single suspension point for a wide platform creates an inherently unstable load. Any slight shift in the center of gravity will cause the platform to tilt, and it can rotate uncontrollably. Multiple-leg slings attached to designated corner points are required for stability.",A chain sling should have been used instead of wire rope.,Incorrect: The type of sling is not the issue; the number and location of pick points is the violation.,The platform must have a designated signal person riding on it.,Incorrect: Riding on a materials platform is strictly prohibited.,,,,,2,"Proper rigging requires controlling the load. A single pick point on a platform is like trying to carry a large tray with one finger in the middle—it is inherently unstable. Safe rigging practice for a platform requires a multi-leg sling bridle attached to at least three, and preferably four, points near the corners. This creates a stable 'table' that will resist tipping and spinning during the lift.",Struck-By Hazards
A worker needs to use a respirator for a task. The employer hands them a new respirator in a sealed bag and tells them to start work. This fails the requirements of a respiratory protection program because which TWO key steps were missed?,multi-select,Medical evaluation to ensure the user is healthy enough to wear a respirator.,"Correct: Before a worker can be assigned to wear a respirator, 1910.134(e) requires a medical evaluation to determine if they can safely handle the physiological burden.",A qualitative or quantitative fit test for that specific respirator.,Correct: 1910.134(f) requires that all users of tight-fitting respirators pass a fit test to ensure the mask can form an effective seal against their face.,The respirator was not NIOSH-approved.,"Incorrect: The scenario states it is a new respirator, which are typically NIOSH-approved. The failure is in the employer's program, not the mask itself.",The worker was not provided with the respirator's SDS.,Incorrect: Respirators do not have Safety Data Sheets.,,,,,"1,2","Simply providing a respirator is not enough. OSHA's standard, 1910.134, requires a comprehensive program. Before an employee can wear a respirator, the employer must ensure two things: 1) a medical professional has cleared them as physically able to wear it, and 2) a formal fit test has been conducted to prove that specific make and model of respirator can seal properly to their face.",Personal Protective Equipment (PPE)
A worker needs to momentarily step onto a roof with a 5:12 pitch to retrieve a tool that is 5 feet from the edge. The fall distance is 20 feet. What fall protection is required?,multiple-choice,"None, because the exposure is brief and less than 10 feet from the edge.",Incorrect: The duration of exposure does not negate the fall protection requirement on a steep roof.,A safety monitor can be used.,Incorrect: Safety monitors are not permitted for fall protection on steep-slope roofs.,"Guardrails, safety nets, or a personal fall arrest system (PFAS) must be used.","Correct: A roof with a pitch greater than 4:12 is considered a 'steep roof' under 1926.501(b)(11). For any work on a steep roof with a fall hazard of 6 feet or more, conventional fall protection (guardrails, nets, or PFAS) is required, regardless of the task duration.",A warning line system can be used.,"Incorrect: Warning lines are for low-slope roofs, not steep roofs.",,,,,3,"OSHA's fall protection rules for roofs are based on the slope. Any roof steeper than a 4:12 pitch is a 'steep roof,' and the rules are much stricter. For any worker on a steep roof with a fall distance of 6 feet or more, the employer must provide one of the three conventional fall protection methods: guardrails, nets, or a personal fall arrest system. There are no exceptions for brief tasks.",Fall Protection
An employee complains of headaches and dizziness when working in a specific room where a solvent is being used. What is the employer's responsibility under the Hazard Communication standard?,multiple-choice,Tell the employee to work faster to minimize their exposure time.,Incorrect: This is an inappropriate response and does not address the potential hazard.,Provide the employee with the Safety Data Sheet (SDS) for the solvent and investigate the exposure.,"Correct: The employee's symptoms indicate a potential overexposure. The employer has a duty to provide information (the SDS), investigate the employee's concerns, ensure controls are adequate, and provide medical evaluation if necessary.",Move the employee to a different task permanently.,Incorrect: This might solve the problem for one employee but doesn't address the potentially hazardous condition in the room that could affect others.,Record the complaint in the OSHA 300 log.,"Incorrect: A complaint is not a recordable injury. An injury or illness would only be recorded if it met the criteria (e.g., resulted in days away from work or medical treatment).",,,,,2,"The Hazard Communication standard is not just about paperwork; it's about action. When an employee reports symptoms that could be related to a chemical exposure, the employer must take it seriously. This includes providing the employee with information about the chemical (the SDS), re-evaluating the adequacy of ventilation and other controls, and determining if the exposure warrants medical attention.",Health Hazards
A worker uses a 'cheater pipe' (a long pipe placed over the handle of a wrench) to get more leverage to tighten a large bolt. This is a hazardous practice because:,multiple-choice,It can cause the bolt to be over-torqued and fail.,"Correct: The wrench is designed to be used with a specific handle length. Adding a cheater pipe applies much more force than the bolt, wrench, or system may be designed for, leading to component failure.",It is a violation of the lockout/tagout standard.,"Incorrect: This is a tool misuse issue, not a LOTO violation.",It increases the ergonomic strain on the worker's back.,"Incorrect: It actually reduces the force the worker needs to apply, but it does so by dangerously over-stressing the equipment.",It requires a 'hot work' permit.,"Incorrect: This is a mechanical task, not hot work.",,,,,1,"Using a 'cheater pipe' is a classic example of tool misuse. Tools are engineered to be used as designed. By adding a long extension for leverage, a worker can apply exponentially more torque than the tool or the fastener was ever meant to handle. This can lead to the wrench shattering, the bolt shearing off, or the component being damaged, all of which can result in a sudden release of energy and a serious injury.",Struck-By Hazards
The primary purpose of a Ground-Fault Circuit Interrupter (GFCI) is to protect a person from what type of electrical hazard?,multiple-choice,An overloaded circuit.,"Incorrect: Overloads are handled by circuit breakers or fuses, which detect excess current flow.",A direct short circuit.,Incorrect: Short circuits are also handled by circuit breakers or fuses.,"A ground fault, where electricity takes an unintended path to ground.","Correct: A GFCI works by constantly monitoring the current flowing in the hot and neutral wires. If it detects a tiny imbalance (as little as 4-6 milliamps), it assumes the missing current is leaking to ground—potentially through a person—and shuts the circuit off in a fraction of a second.",A power surge from a lightning strike.,"Incorrect: Power surges are handled by surge protective devices (SPDs), not GFCIs.",,,,,3,"GFCI technology is specifically designed for personnel protection from electric shock. It doesn't prevent overloads or short circuits. Its sole job is to detect the tiny amount of current that leaks from a circuit to ground during a ground fault. Because this leakage path can be through a person, the GFCI's rapid shutdown is a life-saving feature, especially in wet or damp locations.",Electrocution
Which of the following situations describes a 'caught-in' hazard?,multiple-choice,A worker is hit by a falling brick from a scaffold.,Incorrect: This is a 'struck-by' hazard.,A worker's hair gets entangled in the rotating shaft of a large motor.,"Correct: This is a classic 'caught-in' hazard, where a part of the person's body or their clothing is drawn into a piece of moving machinery.",A worker trips on a power cord and falls.,"Incorrect: This is a slip, trip, and fall hazard.",A worker is splashed by a corrosive chemical.,Incorrect: This is a chemical exposure hazard.,,,,,2,"'Caught-in or -between' hazards are one of OSHA's Focus Four. A 'caught-in' incident specifically involves a person being pulled into the moving parts of a machine. Entanglement of hair, gloves, or loose clothing in rotating shafts, belts, or gears is a primary example and a cause of horrific injuries and amputations.",Caught-In/Between Hazards
