Group,Type,Question,CorrectAns,Answer1,Answer2,Answer3,Answer4,Answer5,Answer6,Answer7,Answer8,CorrectExplanation,IncorrectExplanation
Section 1,TMC,"A MATLAB script calculates the area of a circle using the formula `area = pi * r^2`. However, the `pi` variable is accidentally shadowed by another variable named `pi = 3;`. How can you ensure the correct value of pi is used without renaming the variable?",3,Clear the workspace using `clear all;`,Redefine `pi = 3.14159;` before the calculation,Use the built-in `pi` function directly in the calculation,Use the `eval` function with the original equation,,,,,"Using the built-in `pi` function ensures you're using MATLAB's constant, even if a variable named `pi` exists.",Clearing all variables might be disruptive and unnecessary. Redefining `pi` is less robust. Using `eval` is generally discouraged.
Section 1,TMC,What is the purpose of the semicolon (`;`) at the end of a MATLAB command?,4,To terminate the MATLAB session.,To indicate the end of a comment.,To execute the command in the background.,To suppress the output of the command in the command window.,,,,,"The semicolon suppresses the output, preventing the command's results from being displayed.",The other options are incorrect.
Section 1,TMC,What does the command `clearvars -except x y` do in MATLAB?,2,Clears all variables except `x` and `y` from the workspace.,Clears variables `x` and `y` from the workspace.,Clears all variables in the current script.,Throws an error because the syntax is incorrect.,,,,,The `-except` flag tells `clearvars` to remove all variables *except* those specified.,The other options are incorrect interpretations of the command.
Section 1,TTF,"In MATLAB, the `==` operator performs assignment, while `=` performs comparison.",,1,"The `=` operator performs assignment, while `==` performs comparison.",,,,,,,Opposite is true.,
Section 1,TMC,"You encounter an error in a MATLAB script stating: `Undefined function or variable 'myVariable'`. After carefully reviewing the code, you confirm that `myVariable` is indeed defined within the script. What is the MOST likely cause of this error?",4,The variable `myVariable` is misspelled.,The variable `myVariable` is used before it is assigned a value.,The variable `myVariable` is defined in a nested function scope and is not accessible in the current scope.,The variable `myVariable` is defined within a function that hasn't been called before using the variable.,,,,,"If the function containing the variable declaration has not yet run, the variable does not exist in the main workspace.",The other options are less likely as the error suggests the variable is entirely 'undefined'.
Section 1,TMC,What is the difference between `.` and `.*` operators in MATLAB?,1,"`.` is a field access operator for structures, while `.*` is an element-wise multiplication operator.","`.` is a transpose operator, while `.*` is a matrix multiplication operator.","`.` is used to create symbolic variables, while `.*` is used for numerical computations.","`.` is used to call methods of an object, while `.*` is a scalar multiplication operator.",,,,,The `.` operator is used to access fields within a structure. The `.*` operator performs element-by-element multiplication of arrays.,Other descriptions don't represent the correct function of these operators.
Section 1,TMC,You want to check if a variable named `myVar` exists in the current workspace before using it. Which command is the MOST appropriate for this purpose?,2,"`exist('myVar', 'file')`","`exist('myVar', 'var')`",`isvarname('myVar')`,`isempty(myVar)`,,,,,"`exist('myVar', 'var')` specifically checks for the existence of a variable in the workspace.",Correct usage of the `exist` command.
Section 1,TTF,"The command `close all` closes all figure windows in MATLAB, including those created by Simulink.",1,,"`close all` affects all figure windows in the MATLAB environment, irrespective of how they were created.",,,,,,,This includes Simulink figures.,
Section 1,TMC,You are working with a large MATLAB script and notice that it is running slowly. You suspect that excessive memory usage might be contributing to the performance issues. Which action is LEAST likely to help improve memory efficiency?,1,"Use appropriate data types (e.g., `int8` instead of `double`) to reduce memory footprint.",Preallocate arrays to avoid dynamic memory allocation.,Clear unnecessary variables from the workspace using `clear`.,Create a persistent variable in a function.,,,,,"Persistent variables retain their value between function calls, which could lead to a larger memory footprint if they're not handled carefully.",Can cause memory issues.
Section 1,TMC,What is the purpose of the `nargout` function in MATLAB?,1,Returns the number of output arguments requested when a function is called.,Returns the number of input arguments passed to a function.,Returns the number of lines in a MATLAB script.,Returns the number of characters in a string.,,,,,The `nargout` function is used to determine how many output arguments the *caller* of a function is expecting.,This allows a function to behave differently based on how it's called.
Section 1,TMC,What is the correct way to create a symbolic variable 'x' in MATLAB?,1,`syms x`,`x = symbolic()`,`x = sym('variable')`,`x = symbol('x')`,,,,,`syms x` is the standard and most concise way to create a symbolic variable.,Correct symbolic variable declaration.
Section 1,TTF,The `clc` command clears all variables from the MATLAB workspace.,,1,"`clc` clears the command window, but it does not affect the variables in the workspace. `clear` clears the variables.",,,,,,,Clears the command window,
Section 1,TMC,"You are debugging a MATLAB script and need to inspect the values of several variables at a specific point in the code. However, you don't want to modify the script by adding `disp` commands. What is the MOST convenient way to examine the variable values during debugging?",3,Use the `tic` and `toc` functions to measure the execution time.,Use the `edit` command to open the script in the editor.,Set a breakpoint at the desired line and use the debugger to inspect the variables.,Use the `keyboard` command to pause execution and enter interactive mode.,,,,,Setting a breakpoint allows you to pause execution and examine variable values in the debugger's workspace window.,Examining variables during debugging.
Section 1,TMC,What is the output of the following MATLAB code? `x = 5; y = @(x) x + 2; x = 10; disp(y(x))`,1,12,7,10,15,,,,,"The anonymous function `y` captures the value of `x` (which is 5) at the time it is created. Therefore, when `y(x)` is called, it evaluates `5 + 2 = 7`. However, since the input parameter `x` to `y` is passed in the function call, `x` will have the new value 10 inside the function call. So `y(10)` evaluates `10 + 2 = 12`.",Capture by value for function input.
Section 1,TMC,"What is the purpose of the `ispc`, `isunix`, and `ismac` functions in MATLAB?",2,To check the version of MATLAB being used.,To determine the operating system on which MATLAB is running.,To check if a particular file or directory exists.,To determine the amount of available memory.,,,,,"These functions return true if MATLAB is running on a Windows, Unix-based, or macOS system, respectively.",Returns the operating system.
Section 1,TTF,"In MATLAB, the `inf` value represents infinity and can be obtained by dividing a non-zero number by zero.",1,,Dividing a non-zero number by zero in MATLAB results in `inf` (infinity).,,,,,,,This is the standard way `inf` is made.,
Section 1,TMC,"You've written a MATLAB script that uses several global variables. You're finding it difficult to track which parts of the script modify these global variables, leading to unexpected behavior. What is the MOST effective way to improve the code's maintainability and reduce the risk of unintended side effects related to the global variables?",3,Document all uses of global variables in comments.,Rename the global variables to make them more descriptive.,"Refactor the code to minimize or eliminate the use of global variables, passing data as function arguments instead.",Use the `who global` command to list all global variables.,,,,,"Refactoring to eliminate or minimize global variables improves modularity, reduces dependencies, and makes it easier to reason about the code's behavior.",Reduce usage of global variables where possible.
Section 1,TMC,"You have a MATLAB script that is intended to run unattended. However, sometimes the script encounters errors that cause it to halt execution. You want to ensure that the script continues running even if errors occur. What is the MOST effective way to handle these errors?",2,Use the `assert` function to check for potential errors.,Use a `try-catch` block to catch potential errors and log them to a file.,Use the `warning` function to display warning messages for potential errors.,Ignore the errors and allow the script to halt execution.,,,,,"A `try-catch` block allows you to catch errors, log them, and then continue execution, ensuring that the script doesn't halt unexpectedly.",Continues execution when errors are caught.
Section 1,TMC,What is the purpose of the `why` command in MATLAB?,4,To display the version number of MATLAB.,To display a list of all functions in the current directory.,To display a description of a specific function.,To display a (often humorous) explanation of why MATLAB is behaving in a particular way.,,,,,"The `why` command is a fun command that provides a random, often humorous, explanation for the current state of MATLAB.",It's a hidden MATLAB joke.
Section 1,TTF,"In MATLAB, the `ans` variable always contains the result of the last executed command, even if the command was an assignment statement.",,1,The `ans` variable only stores the result of a command if that result is not explicitly assigned to another variable.,,,,,,,Not for explicit assignments.,
Section 1,TMC,You are working with a large MATLAB project and need to manage dependencies between different scripts and functions. You want to ensure that all required functions are available in the MATLAB path before running the main script. What is the MOST effective way to manage these dependencies?,4,Manually add all required functions to the MATLAB path.,Use the `addpath` function to add all required directories to the MATLAB path.,Use the `cd` command to change the current directory to the location of the required functions.,Create a startup script that automatically adds the required directories to the MATLAB path and/or create a project file (.prj) to manage the dependencies.,,,,,"A startup script ensures that the MATLAB path is configured correctly whenever MATLAB is started. Also, using a project file, dependencies are automatically managed making the project more portable.",Startup scripts automatically configure the path.
Section 1,TMC,What is the purpose of the `persistent` keyword when declaring a variable inside a MATLAB function?,1,To allow the variable to retain its value between calls to the function.,To make the variable accessible from other functions.,To declare the variable as a constant.,To declare the variable as a global variable.,,,,,Declaring a variable as `persistent` allows it to retain its value between calls to the function.,`persistent` variables persist between function calls.
Section 1,TMC,What is the purpose of the `methods` function in MATLAB?,2,To display a list of all functions in the current directory.,To display a list of the methods defined for a specific class or object.,To display the source code of a specific function.,To display the documentation for a specific function.,,,,,The `methods` function is used to list the methods (functions) that are defined for a specific class or object.,Display object function methods.
Section 1,TTF,"In MATLAB, the command `doc functionName` will always open the documentation for the built-in function with that name, even if you have a custom function with the same name in your current directory.",,1,"If you have a custom function with the same name as a built-in function, the `doc` command will open the documentation for *your* function instead of the built-in function. To explicitly access the built-in function's documentation, you can use `help builtins functionName`.",,,,,,,"It shows your functions first, not built in.",
Section 1,TMC,"You have a MATLAB script that is intended to be executed by multiple users. You want to ensure that each user has a separate workspace for their script, so that variables created by one user do not interfere with those of another user. What is the MOST effective way to achieve this?",2,Declare all variables as global variables.,Ensure that each user runs the script in a separate MATLAB session or instance.,Use the `clear all` command at the beginning of the script.,Use the `persistent` keyword for all variables.,,,,,Running the script in a separate session guarantees a distinct workspace.,Separate sessions ensure separation of the workspace.
Section 1,TMC,What is the purpose of the `inputParser` class in MATLAB?,3,To display a prompt and get user input.,To validate the data type of input arguments to a function.,To parse input arguments to a function and handle optional arguments.,To generate help documentation for a function.,,,,,"The `inputParser` class provides a flexible and robust way to parse input arguments, handle optional arguments, and provide default values.","Parses inputs, handles optional arguments, and gives default values."
Section 1,TMC,What is the purpose of the `ver` command in MATLAB?,3,To display the current directory.,To display a list of all variables in the workspace.,To display the version information for MATLAB and all installed toolboxes.,To display the help documentation for a specific function.,,,,,The `ver` command displays the version information for MATLAB and all installed toolboxes.,Outputs the version of software and toolboxes.
Section 1,TTF,"In MATLAB, the command `clear functions` removes all function definitions from the workspace, but does not affect variables.",1,,`clear functions` removes all function definitions from the workspace. Variables are unaffected.,,,,,,,Variables are unaffected.,
Section 1,TMC,You are collaborating on a MATLAB project with multiple developers. You want to ensure that everyone is using the same version of MATLAB and the same set of toolboxes. What is the MOST effective way to achieve this?,1,Create a project file (.prj) that specifies the required MATLAB version and toolboxes.,Manually instruct each developer to install the correct version of MATLAB and toolboxes.,Use the `ver` command to check the MATLAB version and toolboxes on each developer's machine.,Use the `dependencies` function to list the dependencies of the project.,,,,,Project files can specify the required MATLAB version and toolboxes ensuring consistent project setup among developers.,Project files ensure consistent environments.
Section 1,TMC,What is the purpose of the `properties` function in MATLAB?,4,To display a list of all variables in the workspace.,To display a list of all functions in the current directory.,To display the source code of a specific function.,To display the properties of a specific object.,,,,,"The `properties` function displays the properties of a specific object, such as its class, size, and data type.",Displays the properties for objects.
Section 1,TMC,What is the purpose of the `drawnow` command in MATLAB?,2,To clear the command window.,To force MATLAB to update the graphics display.,To pause execution of the script.,To display the current date and time.,,,,,"The `drawnow` command forces MATLAB to update the graphics display, ensuring that any pending graphics updates are immediately displayed.",Updates the graphics displays.
Section 1,TTF,"In MATLAB, the `help` command only displays the first comment line in a function's M-file.",,1,"The `help` command displays the entire help block, which is a contiguous block of comment lines at the beginning of the M-file.",,,,,,,Displays the entire help block.,
Section 1,TMC,"You are tasked with writing a MATLAB script that needs to be portable across different operating systems (Windows, macOS, Linux). The script needs to determine the location of the user's home directory. What is the MOST reliable and cross-platform compatible way to achieve this?",2,Use the `pwd` command to get the current directory.,Use the `getenv` function to get the value of the 'HOME' environment variable (or 'USERPROFILE' on Windows).,Hardcode the path to the home directory.,Use the `userpath` command to get the user's MATLAB path.,,,,,"The `getenv` function allows you to access environment variables, which are typically used to store the path to the user's home directory. Different systems have different variables.",The right way to get the operating system's base path.
Section 1,TMC,What is the purpose of the `cellfun` function in MATLAB?,3,To create a cell array.,To convert a cell array to a numeric array.,To apply a function to each element of a cell array.,To display the contents of a cell array.,,,,,The `cellfun` function applies a function to each element of a cell array and returns a numeric array of the results.,Applies a function to each array element.
Section 1,TMC,What is the purpose of the `evalc` function in MATLAB?,4,To evaluate a MATLAB expression and display the result in the command window.,To evaluate a MATLAB expression and assign the result to a variable.,To execute a MATLAB script file.,To evaluate a MATLAB expression and capture the output to a string.,,,,,The `evalc` function evaluates a MATLAB expression and captures the output (including any text displayed in the command window) to a string.,Can capture the output in a string.
Section 1,TTF,"In MATLAB, the command `rmpath` removes the specified directory from the MATLAB path only for the current session.",,1,"`rmpath` removes the specified directory from the MATLAB path permanently, unless you save the path using `savepath`.",,,,,,,The command removes path forever.,
Section 1,TMC,"You are developing a MATLAB application that interacts with an external hardware device. You want to handle potential communication errors gracefully, preventing the application from crashing. What are the BEST practices for achieving robust error handling in this scenario?",4,Use the `error` function to stop execution if a communication error occurs.,Use the `warning` function to display a warning message if a communication error occurs.,Use the `disp` function to display an error message if a communication error occurs.,Use a `try-catch` block to catch potential communication errors and implement a retry mechanism or gracefully degrade functionality. Also check the system return code where applicable and handle expected errors explicitly.,,,,,"Robust error handling involves anticipating potential errors, catching them gracefully, and implementing a recovery strategy. Also handling errors explicitly is important for external device communications.",Important for communication with external devices.
Section 1,TMC,What is the purpose of the `profile viewer` in MATLAB?,4,To display the contents of the MATLAB workspace.,To display the list of all functions in the current directory.,To display the source code of a specific function.,To analyze the performance of MATLAB code and identify performance bottlenecks.,,,,,The Profile Viewer analyzes the performance of MATLAB code and identify performance bottlenecks.,Tool to test code performance.
Section 1,TMC,What is the purpose of the `function_handle` data type in MATLAB?,2,To store a string containing the name of a function.,To store a reference to a function that can be passed as an argument to another function.,To store the source code of a function.,To store the output of a function.,,,,,"Function handles allow you to pass functions as arguments to other functions, enabling you to write more flexible and reusable code.",These function handles allow you to make code reusable.
Section 1,TTF,"In MATLAB, the command `clear all` removes all variables and functions from the workspace, but does not affect the MATLAB path.",1,,"`clear all` clears variables and functions from the workspace, and *also* resets the MATLAB path to its default state.",,,,,,,It resets to default path.,
Section 1,TMC,You are writing a MATLAB function that will be used by other developers. You want to provide clear and concise documentation for the function. What are the BEST practices for documenting the function?,2,Use inline comments to explain the purpose of each line of code.,"Create a help block at the beginning of the M-file that describes the function's purpose, inputs, outputs, and any other relevant information.",Use the `disp` function to display a help message when the function is called with no arguments.,Use the `error` function to throw an error if the function is called with invalid arguments.,,,,,A help block at the beginning of the M-file will get displayed with `help functionName` and is the standard way of documenting MATLAB code.,Displayed with function help command.
Section 1,TMC,What is the purpose of the `mfilename` function in MATLAB?,4,To display the name of the current directory.,To display a list of all functions in the current directory.,To display the source code of a specific function.,To display the name of the M-file that is currently being executed.,,,,,The `mfilename` function displays the name of the M-file that is currently being executed.,Displays the current function's file name.
Section 1,TMC,What is the purpose of the `profile` function in MATLAB?,3,To display the contents of the MATLAB workspace.,To display the list of all functions in the current directory.,To measure the execution time of MATLAB code and identify performance bottlenecks.,To display the help documentation for a specific function.,,,,,The `profile` function is used to measure the execution time of MATLAB code and identify performance bottlenecks.,Code needs to be running to use and test.
Section 1,TTF,"In MATLAB, the `clc` command clears all variables from the workspace, but does not affect the command history.",,1,"`clc` command clears the command window, the `clear` command removes variables.",,,,,,,Does not affect the history.,
Section 1,TMC,You are writing a MATLAB script that needs to perform different actions depending on the version of MATLAB that is running. What is the MOST reliable way to determine the MATLAB version?,3,Use the `version` command to get the MATLAB version string.,Use the `ver` command to get the MATLAB version string.,Use the `version` command and the `split` function to extract the major and minor version numbers.,Use the `ver` command and the `split` function to extract the major and minor version numbers.,,,,,`version` gives a string which can be split and easily compared to a version you need for your program.,You may need to make comparisons to determine differences.
Section 1,TMC,What is the purpose of the `profile` function in MATLAB?,3,To generate a random matrix.,To format code.,To measure performance.,To display variables.,,,,,The primary goal is to measure performance of MATLAB scripts.,Allows tests to run.
Section 1,TMC,What is the purpose of the `dbstop` function in MATLAB?,3,To display the contents of the MATLAB workspace.,To clear the command window.,To set a breakpoint in a MATLAB script.,To display help documentation.,,,,,`dbstop` is used to set a breakpoint for debugging.,A key to debugging.
Section 1,TTF,"In MATLAB, the command `quit` closes MATLAB, and it is the same as `exit`.",1,,`exit` and `quit` both close MATLAB; there is no difference.,,,,,,,Both close MATLAB.,
Section 1,TMC,"You've created a MATLAB script that runs without errors on your machine. However, when another user tries to run the same script, they receive an error message indicating that a specific function is not found. What is the MOST likely cause of this issue, and what is the BEST way to resolve it?",4,The other user is not using the same version of MATLAB.,The other user does not have the necessary toolboxes installed.,The other user does not have the function in their current directory.,The function is not in the MATLAB path on the other user's machine. Use the `addpath` command or create a startup script to ensure the function's directory is added to the path.,,,,,It's important to keep an updated path of any functions to run MATLAB commands.,It will allow the user to run all code.
Section 1,TMC,What is the purpose of the `cd` command in MATLAB?,3,Display the current working directory.,Display a list of files in the current directory.,Change the current working directory.,To rename a file.,,,,,The `cd` command's goal is to move the current working directory.,Allows the folder change.
Section 1,TTF,"In MATLAB, comments can only be placed at the beginning of a line.",,1,Any code can be commented anywhere in the code by specifying it with `%`.,,,,,,,Code can be commented anywhere.,
Section 1,TMC,You are writing a MATLAB script that will be distributed to other users. The script relies on certain data files that are located in a specific subdirectory relative to the script's location. How can you ensure that the script can find these data files regardless of the user's current working directory?,1,Use the `fullfile` function with `mfilename` to construct the full path to the data files.,Use the `pwd` command to get the current working directory and then construct the full path to the data files.,Use the `addpath` function to add the subdirectory to the MATLAB path.,Use the `cd` command to change the current directory to the location of the data files.,,,,,"By taking into account both the current directory and the mfile name, you can access the function relative to the given file.",Proper file locations with relative to existing location.
Section 1,TMC,What is the purpose of the `methodsview` function in MATLAB?,4,To display the contents of the MATLAB workspace.,To display a list of all functions in the current directory.,To display the source code of a specific function.,"To display a graphical view of the methods, properties, and events of a MATLAB class.",,,,,It's an organized and clear approach for users to check what options exist within functions.,Makes testing organized.
Section 1,TTF,"In MATLAB, you can not change the name of the running function.",,1,`mfilename` can be reassigned after the function begins.,,,,,,,Functions can be reassigned.,
Section 1,TMC,"You need to write a cross-platform MATLAB script that handles file paths. You want to concatenate a directory path and a file name, ensuring that the resulting path is valid regardless of the operating system (Windows, macOS, Linux). Which method is MOST reliable for creating correct file paths?",4,Use string concatenation with the `/` character.,Use string concatenation with the `\` character.,Manually check the operating system and use the appropriate path separator.,"Use the `fullfile` function to construct the file path, as this automatically handles the correct path separator for the operating system.",,,,,"With cross-platform MATLAB code, `fullfile` is a reliable option to access code with various systems.",This can make the function truly reusable.
Section 1,TMC,What is the purpose of the `dbstep` function in MATLAB?,1,To execute the next line of code in a debugging session.,To clear the command window.,To display a list of all variables in the workspace.,To set a breakpoint in a MATLAB script.,,,,,This allows the debugger to step through the code.,Allows a proper and thorough testing to confirm functionality.
Section 1,TTF,"In MATLAB, the command `clear all` removes all variables, functions, and persistent variables from the workspace.",1,,"clear all doesn't remove persistent variables, and to remove persistent variables, it's needed to create `clear functions` at a minimum.",,,,,,,Persistent variables require `clear functions` to be removed.,
Section 1,TMC,Which command is used to pause execution in MATLAB for debugging purposes?,1,dbstop,pause,break,stop,,,,,'dbstop' allows you to set breakpoints in the code for debugging.,'pause' halts execution but does not set breakpoints.
Section 1,TTF,True or False: MATLAB uses 1-based indexing for arrays.,1,1,,,,,,,,"MATLAB arrays start indexing at 1, unlike many programming languages.",Incorrect. Many languages use 0-based indexing.
Section 1,TMC,Which command allows you to view the documentation for a specific function in MATLAB?,1,doc,help,lookfor,info,,,,,"'doc' opens the full documentation for the specified function, providing comprehensive details.","'help' provides a brief overview, while 'lookfor' searches for functions."
Section 1,TTF,"True or False: The command 'clear all' removes all variables, functions, and MEX-files from memory.",1,1,,,,,,,,"'clear all' clears all variables, functions, and MEX-files from memory, resetting the workspace.",Incorrect. It also affects functions and MEX-files.
Section 1,TMC,What command would you use to clear all variables from the workspace in MATLAB?,1,clear,clear all,clc,reset,,,,,The 'clear' command removes all variables from the workspace without affecting functions or MEX-files.,'clear all' is more comprehensive but can slow down performance.
Section 1,TTF,True or False: MATLAB supports object-oriented programming.,1,1,,"MATLAB does support object-oriented programming, allowing for the creation of classes and objects.",,,,,,Incorrect. MATLAB has robust OOP capabilities.,
Section 1,TTF,"True or False: The command 'clear all' removes all variables, functions, and MEX-files from memory.",1,1,,"'clear all' clears all variables, functions, and MEX-files from memory, resetting the workspace.",,,,,,Incorrect. It also affects functions and MEX-files.,
Section 1,TTF,True or False: MATLAB uses 0-based indexing for arrays.,1,,1,"MATLAB uses 1-based indexing for arrays, which is different from many programming languages.",,,,,,Incorrect. Most programming languages use 0-based indexing.,
Section 1,TMC,Which command is used to display the current working directory in MATLAB?,1,pwd,cd,ls,dir,,,,,The 'pwd' command displays the current working directory path in MATLAB.,"'cd' changes the directory, while 'ls' and 'dir' list files."
Section 1,TTF,True or False: The command 'clc' clears the command window in MATLAB.,1,1,,"'clc' clears the command window, providing a clean slate for new outputs.",,,,,,Incorrect. It does not affect variables or the workspace.,
Section 1,TTF,True or False: MATLAB automatically clears all variables when you close the program.,1,1,,"When MATLAB is closed, all variables are cleared from memory, resetting the workspace.",,,,,,Incorrect. Variables are cleared only when explicitly instructed.,
Section 1,TMC,Which command is used to change the current directory in MATLAB?,1,cd,pwd,ls,dir,,,,,The 'cd' command changes the current working directory to the specified path.,"'pwd' displays the current directory, while 'ls' and 'dir' list files."
Section 1,TTF,True or False: The command 'close all' closes all open figure windows in MATLAB.,1,1,,"'close all' effectively closes all open figure windows, providing a clean slate for new plots.",,,,,,Incorrect. It does not affect the command window or any variables.,
Section 1,TTF,True or False: MATLAB supports complex numbers natively.,1,1,,"MATLAB has built-in support for complex numbers, allowing operations on them directly.",,,,,,Incorrect. Complex numbers are a fundamental part of MATLAB.,
Section 1,TMC,Which command is used to list all variables in the workspace?,1,who,whos,list,dir,,,,,"The 'who' command lists all variables in the workspace, while 'whos' provides additional details such as size and type.",'list' and 'dir' are not valid commands for this purpose.
Section 1,TTF,True or False: The command 'fprintf' is used to format and print data to the command window.,1,1,,"'fprintf' formats data and prints it to the command window or a file, allowing for customized output.",,,,,,Incorrect. It is not limited to just printing to the command window.,
Section 1,TTF,True or False: MATLAB automatically clears all variables when you close the program.,1,1,,"When MATLAB is closed, all variables are cleared from memory, resetting the workspace.",,,,,,Incorrect. Variables are cleared only when explicitly instructed.,
Section 1,TMC,Which command is used to create a new figure window in MATLAB?,1,figure,newfig,openfig,createfig,,,,,The 'figure' command opens a new figure window for plotting.,"'newfig', 'openfig', and 'createfig' are not valid commands."
Section 1,TTF,True or False: The command 'clc' clears the command window in MATLAB.,1,1,,"'clc' clears the command window, providing a clean slate for new outputs.",,,,,,Incorrect. It does not affect variables or the workspace.,
Section 1,TTF,True or False: MATLAB uses 0-based indexing for arrays.,1,,1,"MATLAB uses 1-based indexing for arrays, which is different from many programming languages.",,,,,,Incorrect. Most programming languages use 0-based indexing.,
Section 1,TMC,"Given a matrix `A = [1 2 3; 4 5 6; 7 8 9]`, which command will efficiently extract the diagonal elements (1, 5, 9) and store them in a column vector named `diag_elements`?",2,"`diag_elements = A(1:3,1:3);`",`diag_elements = diag(A);`,`diag_elements = A(eye(size(A))==1);`,"`diag_elements = A(:,1).*A(:,2).*A(:,3);`",,,,,The `diag(A)` function directly extracts the diagonal elements of a matrix into a column vector.,"Other methods either don't correctly extract the diagonal, are inefficient, or produce incorrect results."
Section 1,TMCMA,Which of the following methods can be used to create a matrix with dimensions 5x5 where all elements are equal to 0?,"1, 3","`zeros(5,5)`","`ones(5,5)`","`repmat(0,5,5)`",`eye(5)`,"`rand(5,5)`",,,,"`zeros(5,5)` creates a 5x5 matrix of zeros and `repmat(0,5,5)` replicates the scalar 0 into a 5x5 matrix.","`ones` creates a matrix of ones, `eye` creates an identity matrix, and `rand` creates a matrix of random numbers."
Section 1,TMC,"Given a matrix `A`, how do you create a new matrix `B` that is a flipped version of `A` along the columns (left-right)?",1,`B = fliplr(A);`,`B = flipud(A);`,`B = A';`,"`B = A(:,end:-1:1);`",,,,,`fliplr(A)` flips the matrix `A` along the columns (left-right).,"`flipud` flips along the rows, `A'` transposes, and while the last option works it's less readable."
Section 1,TTF,"The expression `A(end)` will always return the last element of a matrix `A`, regardless of its dimensions.",,1,"If A is a matrix, `A(end)` returns the last element in a column-wise traversal. For a vector, it will return the last element, but its behavior differs for a matrix.",,,,,,,Only works for vectors,
Section 1,TMC,"You have two matrices, `A` (3x4) and `B` (4x2). You want to perform matrix multiplication `C = A * B`. However, MATLAB throws an error: `Inner matrix dimensions must agree`. What is the MOST common reason for this error, and how can you fix it?",3,The matrices are not square matrices.,The data types of the matrices are incompatible.,The number of columns in `A` does not equal the number of rows in `B`.,The matrices are singular matrices.,,,,,"For matrix multiplication, the number of columns in the first matrix (`A`) must equal the number of rows in the second matrix (`B`).",Other options are not the core reason for dimension mismatch in matrix multiplication.
Section 1,TMCMA,Which of the following statements are true regarding logical indexing in MATLAB?,"1, 3, 4",Logical indexing can be used to select elements of an array based on a condition.,Logical indexing requires the index to be an integer.,The logical index array must have the same dimensions as the array being indexed.,The result of logical indexing is always a vector.,Logical indexing cannot be used with strings.,,,,Logical indexing uses a logical array (true/false) to select elements where the corresponding element in the logical array is true. The result is indeed always a vector. Logical indexing needs to have the same dimensions as the array being indexed,Requires same dimensions to map and returns a vector.
Section 1,TMC,"Given a matrix `A`, how can you efficiently remove all rows that contain at least one `NaN` value?",4,`A(isnan(A)) = [];`,"`A(any(isnan(A),1)) = [];`",`A(~isnan(A)) = [];`,"`A(any(isnan(A),2),:) = [];`",,,,,"`A(any(isnan(A),2),:) = [];` efficiently removes any row that has at least one NaN in it using `any(isnan(A),2)` to specify the rows.",This filters the rows correctly.
Section 1,TTF,"In MATLAB, `A(:)` reshapes the matrix `A` into a column vector, regardless of the original dimensions of `A`.",1,,`A(:)` linearizes the matrix `A` into a single column vector by stacking the columns on top of each other.,,,,,,,This is the standard linearize operator.,
Section 1,TMC,You have a matrix `A = [1 2 NaN; 4 NaN 6; 7 8 9]`. You want to replace all `NaN` values in the matrix with the mean of the non-`NaN` values in their respective columns. Which approach is the MOST concise and efficient?,3,Use a loop to iterate through each column and replace `NaN` values with the column mean.,Replace all `NaN` values with a single global mean calculated from all non-`NaN` values in the matrix.,Use `nanmean` along with logical indexing to replace `NaN` values in each column with the corresponding column mean.,Use the `fillmissing` function with the 'linear' method.,,,,,Using `nanmean` in conjunction with logical indexing is the most efficient and direct way to calculate and replace `NaN` values with column-wise means.,This is the correct implementation.
Section 1,TMCMA,Which of the following methods can be used to sort the rows of a matrix `A` based on the values in the first column?,"1, 4","`sortrows(A,1)`","`sort(A(:,1))`","`A = A(sort(A(:,1)),:)`","`A = sortrows(A,1)`","`sort(A, 'row')`",,,,"`sortrows(A,1)` sorts based on the first column, and `A = sortrows(A,1)` sorts and reassigns `A`.",Syntax of `sortrows`.
Section 1,TMC,"Given a matrix `A`, how do you efficiently find the indices of all elements that are greater than a certain value, `threshold`?",3,"`[row, col] = find(A > threshold)`",`indices = A > threshold`,`indices = find(A > threshold)`,`indices = (A > threshold)`,,,,,"`indices = find(A > threshold)` returns a linear index of all elements that satisfy the condition. `[row, col] = find(A > threshold)` returns the row and column indices.",Correct usage of `find`.
Section 1,TTF,"In MATLAB, the expression `A(1,:) = []` removes the first column of the matrix `A`.",,1,"`A(1,:) = []` removes the first *row* of the matrix `A`. To remove the first column, you would use `A(:,1) = []`.",,,,,,,"Removes the first row, not column.",
Section 1,TMC,"You have a 3D array `A` of size 10x10x10. You want to extract a 2D slice from the array, specifically the plane where the third dimension is equal to 5. Which indexing method is MOST efficient for this task?",1,"`slice = A(:,:,5)`","`slice = A(:,:,[5])`","`slice = A(1:10,1:10,5)`","`slice = squeeze(A(:,:,5))`",,,,,"`A(:,:,5)` directly selects the 2D slice without any unnecessary operations. `squeeze` removes singleton dimensions, which is redundant if the goal is just to extract the slice.",Correct indexing for 3D matrices.
Section 1,TMCMA,"Which of the following methods can be used to concatenate two matrices, `A` and `B`, horizontally in MATLAB?","1, 3","`C = [A, B]`","`C = vertcat(A, B)`","`C = horzcat(A, B)`","`C = concat(A, B, 'horizontal')`","`C = append(A, B, 2)`",,,,"`[A, B]` and `horzcat(A, B)` perform horizontal concatenation, while `vertcat` performs vertical concatenation.",Correct syntax for matrix concatenation.
Section 1,TMC,"Given a matrix `A`, how can you efficiently create a new matrix `B` that contains only the unique rows of `A`?",4,`B = unique(A)`,"`B = A(unique(A),:)`","`B = A(ismember(A, 'rows'))`","`B = unique(A, 'rows')`",,,,,"`unique(A, 'rows')` is the correct and most efficient way to extract the unique rows of a matrix.",The correct method for unique rows.
Section 1,TTF,"The command `reshape(A, [ ], 1)` always converts the matrix `A` into a row vector.",,1,"`reshape(A, [ ], 1)` converts the matrix `A` into a column vector. To create a row vector, use `reshape(A, 1, [ ])`.",,,,,,,Creates a column vector instead of a row.,
Section 1,TMC,You have a matrix `A` containing numerical data. You need to find the indices of the rows where the sum of the elements in each row is greater than a specified threshold value. Which approach is MOST efficient?,1,"`rows = find(sum(A, 2) > threshold)`",`rows = find(sum(A') > threshold)`,"`rows = [] ; for i = 1:size(A,1) if sum(A(i,:)) > threshold; rows = [rows i]; end; end`","`rows = A(sum(A,2) > threshold)`",,,,,"`find(sum(A, 2) > threshold)` calculates the row sums using `sum(A, 2)`, compares them to the threshold, and uses `find` to get the row indices.",This is the right implementation.
Section 1,TMCMA,Which of the following commands can be used to find the maximum value in a matrix `A` along with its linear index?,"1, 3","`[max_val, index] = max(A(:))`",`max(A(:))`,"`[max_val, index] = max(A)`",`max(max(A))`,`find(max(A))`,,,,"`[max_val, index] = max(A(:))` gives the maximum value and index. `max(A(:))` only gives the maximum value.",Correct syntax for finding max value and index.
Section 1,TMC,"Given a matrix `A`, how can you efficiently replace all elements greater than a threshold with a specific value, `replacementValue`, using logical indexing?",3,`A(A > threshold) = replacementValue`,`A(find(A > threshold)) = replacementValue`,`A(A > threshold) = replacementValue`,`for i=1:numel(A) if A(i) > threshold A(i) = replacementValue; end; end`,,,,,`A(A > threshold) = replacementValue` is the most concise and efficient way to perform this replacement using logical indexing.,Accurate logical indexing usage.
Section 1,TTF,"The expression `A(1:end)` will always return the entire matrix `A` as a column vector, regardless of the dimensions of `A`.",,1,`A(1:end)` will return the entire matrix `A` as a column vector only when A is a 2D matrix. If A has more dimensions then it will return the first column as a vector.,,,,,,,Only for 2D matrix will it linearize the entire matrix.,
Section 1,TMC,You have a matrix `A` representing an image. You want to rotate the image by 90 degrees counterclockwise. Which function is MOST appropriate for this task?,2,`flipud(A)`,`rot90(A)`,`fliplr(A)`,`transpose(A)`,,,,,`rot90(A)` rotates the matrix `A` by 90 degrees counterclockwise.,The function for 90-degree rotation.
Section 1,TMCMA,Which of the following are valid ways to access the last element in the first row of a matrix `A`? Assume that A is at least 1x1 in dimension.,"1, 4","`A(1, end)`",`A(end)`,"`A(1, size(A, 2))`","`A(1, size(A,2))`","`A(end, 1)`",,,,"`A(1, end)` is the standard way to access the last element in the first row, and `A(1, size(A,2))` is another way to do so using the size function to calculate the last element's index in the second dimension.",Proper array access for the end value.
Section 1,TMC,"Given a matrix `A` and a vector `v`, how can you efficiently add the vector `v` to each row of the matrix `A`? Assume they are appropriately sized.",1,"`A + repmat(v, size(A, 1), 1)`",`A + v`,`A + v'`,"`A(i,:) + v`",,,,,"`A + repmat(v, size(A, 1), 1)` replicates the vector `v` to match the number of rows in `A`, then adds it to `A`. The other suggestions either won't work or assume that `v` is a column vector, when it is a vector in general.",Correct syntax for adding a vector to each matrix row.
Section 1,TTF,"In MATLAB, the expression `A(:,:)` is equivalent to simply writing `A`, regardless of the dimensions of `A`.",1,,"`A(:,:)` is equivalent to `A`.",,,,,,,Selects the whole matrix.,
Section 1,TMC,You have a matrix `A`. You want to shift the elements of each row circularly to the left by `n` positions. Which approach is MOST efficient?,4,Use a `for` loop to iterate through each row and shift the elements individually.,Use the `circshift` function to shift the entire matrix by `n` columns.,Use the `reshape` function to convert the matrix to a vector and then shift the elements.,Use the `circshift` function with the appropriate dimensions argument to shift each row separately.,,,,,"`circshift(A, [0 n], 2)` shifts each row circularly by n positions using the dimension argument.",Proper use of circular shift.
Section 1,TMCMA,Which of the following commands can be used to find the row and column indices of all non-zero elements in a matrix `A`?,"1, 4","`[row, col] = find(A)`",`find(A)`,"`[row, col] = find(A ~= 0)`",`find(A ~= 0)`,"`[row, col] = ind2sub(size(A), find(A))`",,,,"`[row, col] = find(A)` returns the row and column indices, while `find(A ~= 0)` is a redundant double-check for nonzero values.",find syntax
Section 1,TMC,"Given a matrix `A`, how can you efficiently calculate the sum of the diagonal elements?",2,`sum(A)`,`trace(A)`,`sum(diag(A))`,"`for i=1:size(A,1) sum = sum + A(i,i); end`",,,,,`trace(A)` is the simplest and most efficient way to calculate the sum of the diagonal elements.,Simplest implementation.
Section 1,TTF,"In MATLAB, the expression `A(1)` always refers to the first element of the matrix `A`, regardless of its dimensions.",,1,"`A(1)` refers to the first element only if A is a vector or if it's accessing A in linear index fashion. For a matrix, MATLAB traverses the array column-wise.",,,,,,,"For a matrix, MATLAB traverses the array column-wise.",
Section 1,TMC,You have a matrix `A` representing a digital image. You want to reduce the resolution of the image by averaging the pixel values in non-overlapping blocks of size `n x n`. Which approach is MOST efficient?,3,Use a `for` loop to iterate through each block and calculate the average pixel value.,Use the `imresize` function with the 'nearest' interpolation method.,Use the `blockproc` function to process the image in blocks and calculate the average pixel value for each block.,Use the `conv2` function with a kernel of size `n x n` to smooth the image.,,,,,`blockproc` is designed for processing images in blocks and provides a flexible way to calculate the average pixel value for each block.,Correct way to reduce the image resolution.
Section 1,TMCMA,Which of the following commands can be used to create an identity matrix of size `n x n` in MATLAB?,"1, 3",`eye(n)`,`zeros(n)`,"`diag(ones(n,1))`",`ones(n)`,`identity(n)`,,,,"`eye(n)` creates an n x n identity matrix and `diag(ones(n,1))` creates a vector of ones and then converts that vector to an identity matrix by setting the vector as the diagonal.",Syntax for identity matrix creation.
Section 1,TMC,"Given a matrix `A`, how can you efficiently extract the upper triangular part of the matrix (including the diagonal)?",3,`triu(A)`,`tril(A)`,`A(triu(logical(ones(size(A)))))`,"`for i=1:size(A,1) for j=1:size(A,2) if i>j A(i,j) = 0; end; end; end`",,,,,triu(A) extracts the upper triangular part including the diagonal.,The function for upper triangular matrix.
Section 1,TTF,"In MATLAB, the expression `A == A.'` is always true for any matrix `A` containing numeric values.",,1,The expression `A == A.'` is only true for symmetric matrices.,,,,,,,Only true for symmetric matrices.,
Section 1,TMC,You have a large sparse matrix `S` in MATLAB. You need to perform element-wise multiplication of `S` with another sparse matrix `T` and store the result in a sparse matrix `R`. Which approach is MOST memory-efficient?,1,`R = S .* T`,`R = sparse(S .* T)`,`R = S .* full(T)`,`R = full(S) .* T`,,,,,"Element-wise operations between two sparse matrices result in a sparse matrix as well, reducing the memory footprint.",Sparse matricies can reduce memory load.
Section 1,TMCMA,Which of the following commands can be used to sort the columns of a matrix `A` independently?,"1, 3","`sort(A,1)`",`sortrows(A)`,`sort(A)`,"`for i=1:size(A,2) A(:,i) = sort(A(:,i)); end`","`sort(A,2)`",,,,"`sort(A,1)` sorts the columns independently and `sort(A)` also sorts down each column of `A`.",Functions to independently sort columns.
Section 1,TMC,"Given a matrix `A`, how can you efficiently find the indices of the `k` largest elements in the matrix?",1,"`[row, col] = ind2sub(size(A),find(A >= sort(A(:),'descend')(k)))`","`[row, col] = find(A>=sort(A,'descend')(1:k))`","`[row, col] = find(A >= maxk(A(:),k))`",`for i=1:k [row(i) col(i)] = find(A == max(A(:))); A(row(i) col(i)) = -Inf; end`,,,,,"This is a complicated expression to identify which has the best approach. In this case, `[row, col] = ind2sub(size(A),find(A >= sort(A(:),'descend')(k)))`.",Requires multiple steps.
Section 1,TTF,"In MATLAB, the expression `A(isnan(A))=0` will replace all NaN values in the matrix `A` with zero, regardless of the data type of `A`.",,1,The assignment only works for data types that have a concept of NaN and zero.,,,,,,,Can only assign 0 if there is NaN.,
Section 1,TMC,"You have a large matrix `A` in MATLAB. You want to efficiently extract all elements that lie within a specific range [lowerBound, upperBound]. Which approach is MOST memory-efficient and computationally fast?",3,Use a loop to iterate through each element and check if it lies within the range.,Use the `find` function to find the indices of the elements that lie within the range.,Use logical indexing with the `&` operator to create a logical mask and then extract the elements.,Use the `ismember` function to check if each element is a member of the range.,,,,,Logical indexing with the `&` operator creates a logical mask that can be used to extract the elements within the range.,Requires logical indexing.
Section 1,TMCMA,Which of the following commands can be used to find the common elements between two vectors `A` and `B`?,"1, 3","`intersect(A,B)`","`union(A,B)`",`unique([A B])`,"`ismember(A,B)`","`find(ismember(A,B))`",,,,"`intersect(A,B)` is the command for finding the common elements, and `unique([A B])` will only return unique elements.",Correct syntax for intersections.
Section 1,TMC,"Given a matrix `A`, how can you efficiently compute the eigenvalues and eigenvectors of the matrix?",3,"`[V, D] = eig(A)`","`[D, V] = svd(A)`","`[V, D] = eig(A)`","`[V, D] = pca(A)`",,,,,"`[V, D] = eig(A)` is the function of choice when computing the eigenvalues (D) and eigenvectors (V).",Computes the eigenvalues and eigenvectors.
Section 1,TTF,"In MATLAB, the expression `A(1:end, end)` always returns the last column of the matrix `A` as a column vector.",1,,"`A(1:end, end)` returns the last column of the matrix `A` as a column vector.",,,,,,,Extracts the entire last column.,
Section 1,TMC,You have a matrix `A`. You need to extract a submatrix that contains all rows and columns from a starting row and column index to the end of the matrix. You do not know what dimensions the matrix is going to be and need the expression to be flexible. What is the MOST concise and flexible method to implement that?,1,"`A(startRow:end, startCol:end)`","`A(startRow:size(A,1), startCol:size(A,2))`","`A(startRow:length(A), startCol:length(A))`","`A(startRow:end(), startCol:end())`",,,,,Using `end` as the boundary condition is the easiest expression when you do not know the bounds.,Easy expression with the `end` parameter.
Section 1,TMCMA,Which of the following commands can be used to determine the size (dimensions) of a matrix `A`?,"1, 2",`size(A)`,`length(size(A))`,`numel(A)`,`ndims(A)`,`numel(size(A))`,,,,"`size(A)` returns the dimensions, `length(size(A))` will return the number of dimensions.",Useful tools to find the number of dimensions.
Section 1,TMC,"Given a matrix `A`, how can you efficiently find the number of rows and columns in the matrix?",1,"`[numRows, numCols] = size(A)`","`[numRows, numCols] = size(A(:,:))`","`[numRows, numCols] = size(A).'`","`for i=1:size(A,1) for j=1:size(A,2) numRows=i; numCols=j; end; end`",,,,,The simplest and most effective approach is to extract the dimensions of the matrix with the parameters listed in the call.,Correct way to access matrix dimensions.
Section 1,TTF,"In MATLAB, the expression `A(:)` always returns a row vector containing all the elements of the matrix `A`.",,1,The expression `A(:)` always returns a column vector containing all elements of matrix `A`.,,,,,,,A column vector not a row.,
Section 1,TMC,"You have a matrix `A` that represents the adjacency matrix of a directed graph. You want to compute the reachability matrix, which indicates whether there is a path between any two vertices in the graph. Which approach is MOST efficient?",2,Use a `for` loop to iterate through each vertex and perform a depth-first search to find all reachable vertices.,Use the `graph` and `shortestpaths` functions to compute the shortest path between all pairs of vertices.,Use the `bsxfun` function to perform element-wise comparisons between the rows and columns of the matrix.,Use the `power` operator to raise the adjacency matrix to a high power and then threshold the result.,,,,,By raising the matrix to a high power and then thresholding allows an efficient way to determine reachability between vertices.,Determines the reachability.
Section 1,TMCMA,"Which of the following commands can be used to perform element-wise division of two matrices, `A` and `B`?","2, 4",`A/B`,`A ./ B`,"`mldivide(A,B)`","`mrdivide(A,B)`","`rdivide(A,B)`",,,,"`A ./ B` divides on an element-wise construct, and `rdivide(A,B)` divides each element in `A` by corresponding elements in `B`.",The operators allow element wise division.
Section 1,TMC,"Given a matrix `A`, how can you efficiently compute the inverse of the matrix?",1,`inv(A)`,`A^-1`,`mpinv(A)`,`A \ eye(size(A))`,,,,,`inv(A)` is the function of choice to perform a matrix inverse.,Computes the inverse.
Section 1,TTF,"In MATLAB, the expression `A(end, end)` always returns the last element in the matrix, regardless of whether A is a row or column vector.",1,,"A(end, end) returns the last row AND last column element, while A(end) only returns the last element for a vector.",,,,,,,Needs to be a matrix.,
Section 1,TMC,"You have a 2D matrix representing pixel intensities of a grayscale image, where pixel values range from 0 to 255. You need to apply a contrast stretching transformation to enhance the image. The transformation maps the original range [minIntensity, maxIntensity] to the full range [0, 255]. What is the MOST efficient way to implement this in MATLAB?",2,Use nested loops to iterate over each pixel and apply the transformation.,Use vectorized operations with linear scaling and clipping to map the pixel intensities to the new range.,Use the `imadjust` function from the Image Processing Toolbox.,Use the `histeq` function from the Image Processing Toolbox.,,,,,Vectorization is preferred in MATLAB and avoids iteration. `imadjust` and `histeq` are typically used for other types of image enhancement.,Requires vectorized operations.
Section 1,TMCMA,Which of the following methods can be used to calculate the transpose of a matrix `A` in MATLAB?,"1, 2",`A.'`,`transpose(A)`,`A^-1`,`A'`,`cross(A)`,,,,"`A.'` is the standard way to create the transpose matrix of `A`, and `transpose(A)` performs the same operation.",Easy transpose matrix with these functions.
Section 1,TTF,"In MATLAB, `size(A)` returns a scalar value representing the total number of elements in the matrix `A`.",,1,"`size(A)` returns a vector containing the dimensions of the matrix `A`, not the total number of elements.",,,,,,,Not the total number of elements.,
Section 1,TMC,You have a matrix `A` that represents a set of data points in a high-dimensional space. You want to perform dimensionality reduction using Principal Component Analysis (PCA) to reduce the number of dimensions while preserving as much variance as possible. What is the MOST efficient way to implement this in MATLAB?,2,Implement PCA from scratch using the `eig` function.,Use the `pca` function from the Statistics and Machine Learning Toolbox and specify the desired number of principal components.,Use the `svd` function from the Statistics and Machine Learning Toolbox.,Use the `kmeans` function from the Statistics and Machine Learning Toolbox.,,,,,The `pca` function is the best function for PCA since it computes the principal components and reduces dimensions.,Best to reduce the dimensionality.
Section 1,TMCMA,Which of the following commands can be used to calculate the sum of all elements in a matrix `A`?,"1, 3",`sum(A)`,"`sum(A,1)`",`sum(A(:))`,`sum(sum(A))`,`A(:).sum()`,,,,`sum(A(:))` will sum all elements and `sum(sum(A))` sums down each row with `sum(A)` and then sums the row itself.,All elements from the matrix are now summed.
Section 1,TTF,"In MATLAB, the expression `A(end,:)` returns the last column of the matrix `A`.",,1,"`A(end,:)` returns the last row of matrix `A`. `A(:,end)` returns the last column.",,,,,,,This gets the final row.,
Section 1,TMC,You have two matrices A (m x n) and B (p x q). What are their MOST important constraints of performing the operation `C = A + B`?,2,m and p must be equal,"m, n must be equal to p, q",A + B is valid for any A and B,"There are no constraints, code will run with warnings",,,,,Addition requires both matricies to be the same to perform the matrix algebra.,This will correctly calculate a sum.
Section 1,TMCMA,"Which of the following commands can be used to perform matrix multiplication of two matrices, `A` and `B`?","2, 5",`A * B`,`A .* B`,`A/B`,`B \ A`,"`mtimes(A,B)`",,,,"`A * B` performs matrix multiplication and `mtimes(A,B)` also multiplies matrixies together.",These functions make it easier to properly multiply matrixies.
Section 1,TTF,"In MATLAB, the `diag` function can only be used to extract the diagonal elements of a square matrix.",,1,The `diag` function can also be used to create a diagonal matrix from a vector.,,,,,,,The `diag` function can also be used to create a diagonal matrix from a vector.,
Section 1,TMCMA,Which of the following methods can be used to extract the second row of a matrix 'A'?,"2, 3","A(2,:)","A(2:end,1)","A(:,2)","A(1:2,:)",,,,,"'A(2,:)' extracts the second row, and 'A(2:end,1)' extracts the second column from the first row onwards.","'A(:,2)' gives the second column, not the second row."
Section 1,TMC,"What will be the result of executing the command 'A = [1, 2; 3, 4]; A(1,2) = 10;'?",1,"A = [1, 10; 3, 4]","A = [10, 2; 3, 4]","A = [1, 2; 10, 4]","A = [1, 2; 3, 10]",,,,,The command changes the second element of the first row to 10.,Incorrect. The command specifically targets the first row and second column.
Section 1,TMC,"What will be the output of 'A = [1, 2, 3; 4, 5, 6]; A(1:2, 2)'?",1,[2; 5],"[2, 5]",[1; 4],[3; 6],,,,,"This command extracts the second column for rows 1 and 2, resulting in a column vector.","Incorrect. The output is a column vector, not a row vector."
Section 1,TMC,"What is the output of the following code: A = [1, 2, 3; 4, 5, 6]; B = A(1,:); B(2) = 10; A?",1,"A = [1, 10, 3; 4, 5, 6]","A = [1, 2, 3; 10, 5, 6]","A = [1, 2, 10; 4, 5, 6]","A = [1, 2, 3; 4, 10, 6]",,,,,The second element of B modifies A's first row due to reference passing.,"Incorrect. B is a copy of the row, changing B does not affect A."
Section 1,TMCMA,Which of the following methods can be used to create a 5x5 identity matrix?,"1, 3",eye(5),ones(5),zeros(5),I = eye(5),,,,,"'eye(5)' creates a 5x5 identity matrix, while 'ones' and 'zeros' create matrices filled with ones and zeros respectively.",Incorrect. 'ones' and 'zeros' do not produce an identity matrix.
Section 1,TMC,"What does the command 'A = [1, 2; 3, 4]; B = A(1,:); B(2) = 10; A' return?",1,"A = [1, 10; 3, 4]","A = [10, 2; 3, 4]","A = [1, 2; 10, 4]","A = [1, 2; 3, 10]",,,,,"The command modifies the second element of the first row to 10, affecting the output.",Incorrect. The command specifically targets the first row and second column.
Section 1,TMC,"What is the output of the following code: A = [1, 2, 3; 4, 5, 6]; B = A(1,:); B(2) = 10; A?",1,"A = [1, 10, 3; 4, 5, 6]","A = [1, 2, 3; 10, 5, 6]","A = [1, 2, 10; 4, 5, 6]","A = [1, 2, 3; 4, 10, 6]",,,,,The second element of B modifies A's first row due to reference passing.,"Incorrect. B is a copy of the row, changing B does not affect A."
Section 1,TMCMA,Which of the following commands will create a row vector containing the numbers 1 to 10?,"1, 3",0.048611111111111,"linspace(1,10,10)","zeros(1,10)","ones(1,10)",,,,,"'1:10' creates a row vector with elements from 1 to 10, and 'linspace' generates equally spaced numbers.","'zeros' and 'ones' create vectors filled with zeros or ones, not a sequence."
Section 1,TMC,"What is the result of executing 'A = [1, 2, 3; 4, 5, 6]; B = A(:,2); B(1) = 10; A' ?",1,"A = [1, 10; 4, 5]","A = [1, 2, 3; 4, 10, 6]","A = [1, 2, 3; 10, 5, 6]","A = [10, 2; 4, 5, 6]",,,,,"The first element of B modifies A's second column, changing it to 10.","Incorrect. The modification affects only the column, not the whole matrix."
Section 1,TMC,"What will be the output of the following command: A = [1, 2; 3, 4]; B = A(1:2, 2); B(1) = 5; A?",1,"A = [1, 5; 3, 4]","A = [5, 2; 3, 4]","A = [1, 2; 5, 4]","A = [1, 2; 3, 5]",,,,,"The first element of B modifies A's second column to 5, affecting the output.",Incorrect. The command specifically targets the second column.
Section 1,TMCMA,Which of the following commands will create a column vector containing the numbers 1 to 10?,"1, 2",(1:10)',"reshape(1:10,10,1)","zeros(10,1)","ones(10,1)",,,,,"'(1:10)' transposes the row vector to a column vector, and 'reshape' creates a column vector from a sequence.","'zeros' and 'ones' create vectors filled with zeros or ones, not a sequence."
Section 1,TMC,"What is the result of executing 'A = [1, 2, 3; 4, 5, 6]; B = A(2,:); B(1) = 10; A' ?",1,"A = [1, 2, 3; 10, 5, 6]","A = [1, 2, 3; 4, 10, 6]","A = [1, 10, 3; 4, 5, 6]","A = [10, 2, 3; 4, 5, 6]",,,,,"The first element of B modifies A's second row to 10, affecting the output accordingly.",Incorrect. The command specifically targets the second row.
Section 1,TMC,"What will be the output of the following command: A = [1, 2, 3; 4, 5, 6]; B = A(:,1); B(1) = 10; A?",1,"A = [10, 2, 3; 4, 5, 6]","A = [1, 2, 3; 10, 5, 6]","A = [1, 2, 3; 4, 10, 6]","A = [10, 2; 4, 5, 6]",,,,,"The first element of B modifies A's first column to 10, affecting the output accordingly.",Incorrect. The command specifically targets the first column.
Section 1,TMCMA,Which of the following commands will create a 3x3 matrix filled with ones?,"1, 3",ones(3),"ones(3,3)",zeros(3),"zeros(3,3)",,,,,"'ones(3)' creates a 3x3 matrix filled with ones, and 'ones(3,3)' explicitly defines the size.","'zeros(3)' creates a 3-element vector of zeros, not a matrix."
Section 1,TMC,"What is the result of executing 'A = [1, 2, 3; 4, 5, 6]; B = A(1,:); B(2) = 10; A' ?",1,"A = [1, 10, 3; 4, 5, 6]","A = [10, 2, 3; 4, 5, 6]","A = [1, 2, 3; 10, 5, 6]","A = [1, 2, 10; 4, 5, 6]",,,,,"The second element of B modifies A's first row to 10, affecting the output accordingly.",Incorrect. The command specifically targets the first row.
Section 1,TMC,"What will be the output of 'A = [1, 2, 3; 4, 5, 6]; B = A(:,2); B(1) = 10; A' ?",1,"A = [1, 10, 3; 4, 5, 6]","A = [1, 2, 3; 10, 5, 6]","A = [1, 2, 10; 4, 5, 6]","A = [10, 2; 4, 5, 6]",,,,,"The first element of B modifies A's second column to 10, affecting the output accordingly.",Incorrect. The command specifically targets the second column.
Section 1,TMCMA,Which of the following commands will create a 4x4 identity matrix?,"1, 2",eye(4),identity(4),ones(4),zeros(4),,,,,"'eye(4)' creates a 4x4 identity matrix, while 'identity' is not a valid MATLAB function.","'ones' and 'zeros' create matrices filled with ones or zeros, not an identity matrix."
Section 1,TMC,"What is the result of executing 'A = [1, 2, 3; 4, 5, 6]; B = A(1,:); B(2) = 10; A' ?",1,"A = [1, 10, 3; 4, 5, 6]","A = [1, 2, 3; 10, 5, 6]","A = [1, 2, 3; 4, 10, 6]","A = [10, 2; 4, 5, 6]",,,,,"The first element of B modifies A's second column to 10, affecting the output accordingly.",Incorrect. The command specifically targets the first row.
Section 1,TMC,"What will be the output of the following command: A = [1, 2, 3; 4, 5, 6]; B = A(2,:); B(1) = 10; A?",1,"A = [1, 2, 3; 10, 5, 6]","A = [1, 2, 3; 4, 10, 6]","A = [10, 2; 4, 5, 6]","A = [1, 10, 3; 4, 5, 6]",,,,,"The first element of B modifies A's second row to 10, affecting the output.",Incorrect. The command specifically targets the second row.
Section 1,TMC,"You've written a recursive function `factorial(n)` to calculate the factorial of a number. However, when calling `factorial(1000)`, MATLAB throws a stack overflow error. What's the MOST effective way to resolve this?",3,"Increase the recursion limit using `set(0,'RecursionLimit',10000);`",Reduce the input value `n` to a smaller number.,Rewrite the function using a loop instead of recursion.,Implement memoization within the recursive function.,,,,,Using a loop avoids the stack overflow issue inherent in deep recursion.,"Increasing the recursion limit is a temporary fix. Reducing 'n' limits the function's utility. Memoization can help, but a loop is generally preferred for factorial."
Section 1,TMC,Consider the following code snippet: `x = 5; if x > 10; disp('Greater than 10'); else disp('Less than or equal to 10'); end`. What will be displayed in the command window?,2,`Greater than 10`,`Less than or equal to 10`,An error message,Nothing will be displayed,,,,,"Since `x` is 5, which is not greater than 10, the `else` block will execute.",The `if` condition is not met.
Section 1,TMC,Which of the following is the correct syntax for defining an anonymous function in MATLAB that calculates the square of a number?,3,`square = function(x) x^2;`,`square(x) = x^2;`,`square = @(x) x^2;`,`function square(x) = x^2;`,,,,,The `@(x) x^2` is the standard way to define an anonymous function.,The other options have incorrect syntax.
Section 1,TTF,A function defined in a separate .m file *must* have the same name as the file itself.,1,,This is a requirement of MATLAB's function handling.,,,,,,,Correct requirement for standalone function files.,
Section 1,TMC,You have a MATLAB script containing a `try-catch` block. An error occurs within the `try` block. What happens next?,2,The script terminates immediately.,The code within the `catch` block is executed.,The `try` block is re-executed.,The script skips the `catch` block and continues execution.,,,,,The `catch` block is specifically designed to handle errors that occur within the `try` block.,The other options do not correctly reflect the error handling mechanism of `try-catch`.
Section 1,TMC,What is the output of the following MATLAB code? `x = 0; while x < 5; x = x + 1; if x == 3; continue; end; disp(x); end`,2,1 2 3 4 5,1 2 4 5,1 2,1 2 3,,,,,The `continue` statement skips the rest of the loop body for the current iteration when `x` is 3.,`continue` skips iteration 3.
Section 1,TMC,You have a function that needs to return multiple output arguments. What is the correct syntax for defining such a function?,3,`function [output1; output2] = myFunction(input)`,"`function output1, output2 = myFunction(input)`","`function [output1, output2] = myFunction(input)`","`function (output1, output2) = myFunction(input)`",,,,,The correct syntax uses square brackets to enclose multiple output arguments.,Correct syntax for multiple outputs.
Section 1,TTF,"A subfunction can be called from any other function within the same file, regardless of its position in the file.",,1,Subfunctions can only be called by the primary function or other subfunctions *within the same .m file*.,,,,,,,This is a core subfunction restriction.,
Section 1,TMC,"Consider the following MATLAB code snippet: `function result = myFun(a, b) if nargin < 2; b = 0; end; result = a + b; end`. What will be the output when you call `myFun(5)`?",1,5,An error will occur.,,0,,,,,"Since `nargin` is 1 (less than 2), the `if` statement will execute and set `b = 0`. The function will then return `a + b = 5 + 0 = 5`.",Correctly handles input.
Section 1,TMC,Consider the following MATLAB code: `x = 10; if x > 5 disp('A'); elseif x > 7 disp('B'); elseif x > 9 disp('C'); else disp('D'); end`. What will be displayed?,1,A,B,C,D,,,,,"Since `x > 5` is true, the first `disp('A')` will be executed, and the remaining `elseif` and `else` branches will be skipped.",The first condition is met.
Section 1,TMC,What is the purpose of the `inputname` function in MATLAB?,2,Returns the name of the function being executed.,Returns the name of the input variable passed to a function.,Returns the number of input arguments to a function.,Returns the data type of the input variable.,,,,,`inputname(argNumber)` returns the name of the variable passed as the argNumber-th argument to the calling function.,Function usage.
Section 1,TTF,"An anonymous function can access variables defined in the workspace where it was created, even if those variables are no longer in scope when the anonymous function is called.",1,,"Anonymous functions capture the values of variables in their defining scope, and they retain those values even if the original variables are later modified or go out of scope.",,,,,,,This is how closures work.,
Section 1,TMC,"You have a MATLAB function with the following signature: `function [a, b] = myFun(x, varargin)`. Inside the function, you want to check if a specific optional input argument named 'Multiplier' was provided in the `varargin` cell array and, if so, retrieve its value. How can you achieve this MOST reliably?",4,Use the `inputParser` class to parse the input arguments and check for the 'Multiplier' parameter.,Iterate through the `varargin` cell array and search for the 'Multiplier' string.,Assume that the 'Multiplier' argument is always the last element of `varargin`.,Use the `nargin` function to check the number of input arguments.,,,,,"The `inputParser` class provides a robust and flexible way to parse input arguments, handle optional parameters, and provide default values.",This allows parsing of optional parameters and inputs
Section 1,TMC,Consider the following MATLAB function: `function result = myFun(x) switch x case 1 result = 'A'; case 2 result = 'B'; otherwise result = 'C'; end end`. What will be the output when you call `myFun(3)`?,3,A,B,C,An error will occur.,,,,,"Since `x` is 3, none of the `case` values match, so the `otherwise` case will be executed, and the function will return 'C'.",The default case.
Section 1,TMC,What is the purpose of the `error` function in MATLAB?,3,To display a warning message to the user.,To display a debugging message to the user.,To signal an error condition and halt execution of the script or function.,To display the contents of the MATLAB workspace.,,,,,The `error` function is specifically designed to signal an error and stop the execution of the program.,Correct usage for function errors.
Section 1,TTF,The `return` statement is always required at the end of a MATLAB function.,,1,The `return` statement is optional. A function will implicitly return when it reaches the end of its code.,,,,,,,Only needed to exit early.,
Section 1,TMC,"Consider the following MATLAB code snippet: `function result = myFun(x, varargin) opt = struct('Name', 'DefaultName', 'Value', 0); opt = varargin{:}; result = opt.Value; end`. What is the issue with this code?",2,The `varargin` is being accessed incorrectly.,"The struct `opt` is overwritten by `varargin{:}`, causing an error.",The `varargin` cell array must first be converted to a struct to be used as input.,The code will run without any error.,,,,,"The `varargin{:}`, where varargin is a cell array is attempting to unpack the contents of `varargin` into the struct. This doesn't work.",Won't unpack into `opt` struct as written.
Section 1,TMC,Consider the following MATLAB code: `x = 5; function y = myFun(x) x = x + 1; y = x * 2; end; disp(myFun(x))`. What will be the output?,1,12,10,An error will occur.,6,,,,,"The function `myFun` is called with `x = 5`. Inside the function, `x` is incremented to 6, and then `y` is calculated as `6 * 2 = 12`.",Incremented variable in function returns incremented value.
Section 1,TMC,What is the purpose of the `arguments` block in a MATLAB function?,1,"To define the input arguments to the function, including data types, validation rules, and default values.","To define the output arguments of the function, including data types and descriptions.",To define local variables that are used within the function.,To define global variables that are accessible from within the function.,,,,,"The `arguments` block provides a structured way to define input arguments, specify their data types and validation rules, and assign default values.",Defines input arguments to a function.
Section 1,TTF,"The `arguments` block in a MATLAB function must be placed at the very beginning of the function definition, before any other code.",1,,"While it must be declared before any executable code, it isn't necessarily the *very* first thing if you have comments or function declarations first.",,,,,,,Correct placement is key,
Section 1,TMC,Consider the following MATLAB code snippet: `x = 1; while true if x > 5 break; end x = x + 1; end disp(x)`. What will be the output?,1,6,5,An infinite loop.,0,,,,,"The `while true` loop will continue indefinitely until the `if x > 5 break;` statement is executed. When `x` becomes 6, the loop will terminate and `disp(x)` will display 6.",Reaches break condition at 6.
Section 1,TMC,Consider the following MATLAB code: `x = 0; for i = 1:10 if i == 5 continue; end x = x + i; end disp(x)`. What will be the output?,2,50,50,45,55,,,,,"The loop sums the numbers 1 through 10, excluding 5, so the total is `1 + 2 + 3 + 4 + 6 + 7 + 8 + 9 + 10 = 50`.","Skip is 5, so the sum is 50."
Section 1,TMC,What is the purpose of the `global` keyword in MATLAB?,3,To declare a variable as a constant.,To declare a variable as a local variable.,To make a variable accessible from any function or script in the MATLAB session.,To make a variable accessible only within a specific function.,,,,,The `global` keyword declares a variable that can be accessed and modified from any function or script in the MATLAB session.,Global variable access
Section 1,TTF,The `input` function in MATLAB can only be used to prompt the user for numeric input.,,1,The `input` function can also be used to prompt the user for string input by specifying the `'s'` option.,,,,,,,Can be used for strings.,
Section 1,TMC,Consider the following MATLAB function: `function result = myFun(x) if x < 0 error('Input must be non-negative.'); end result = sqrt(x); end`. What happens if you call `myFun(-5)`?,2,The function returns NaN.,The function throws an error with the message 'Input must be non-negative.'.,The function returns 0.,The function enters an infinite loop.,,,,,"The `error` function is called when `x` is less than 0, so the function throws an error with the specified message.",Calls the error statement.
Section 1,TMC,Consider the following MATLAB code: `x = 5; y = 10; if x > 0 if y > 5 disp('A'); else disp('B'); end else disp('C'); end`. What will be displayed?,1,A,B,C,Nothing will be displayed.,,,,,"Since `x` is greater than 0 and `y` is greater than 5, the first `if` statement is true, and the second `if` statement is also true, so 'A' is displayed.",The conditions are met and A is displayed.
Section 1,TMC,What is the purpose of the `assert` function in MATLAB?,4,To display a warning message if a condition is false.,To pause execution of the script if a condition is false.,To display an error message if a condition is false.,To check if a condition is true and throw an error if it is false.,,,,,The `assert` function checks if a condition is true and throws an error if it is false.,Correct usage with functions.
Section 1,TTF,The `return` statement in MATLAB can be used to return multiple values from a function.,,1,"The `return` statement causes the function to exit, but the *values* returned are defined in the function declaration (e.g., `function [a,b] = myFun(...)`).",,,,,,,"Can cause functions to exit, but cannot be used to return values explicitly.",
Section 1,TMC,Consider the following MATLAB code snippet: `x = 5; try y = x / 0; catch ME disp(ME.message); end`. What will be displayed?,2,`Inf`,`Division by zero.`,`0`,An error will occur.,,,,,"The `try` block attempts to divide `x` by 0, which results in a division by zero error. The `catch` block catches the error object ME and displays its message.",Catches the error and displays the message.
Section 1,TMC,Consider the following MATLAB code: `x = 5; y = 10; if x > 0 && y < 5 disp('A'); elseif x > 0 || y < 5 disp('B'); else disp('C'); end`. What will be displayed?,2,A,B,C,Nothing will be displayed.,,,,,"Since `x > 0` is true and `y < 5` is false, the first `if` condition is false. However, the second `if` condition is true because `x > 0` is true, so `disp('B')` is executed.",The second conditional is met and runs.
Section 1,TMC,What is the purpose of the `narginchk` function in MATLAB?,4,To check if the number of input arguments is within a specified range.,To check if the data type of the input arguments is correct.,To check if the input arguments are valid file names.,To check if the input arguments are valid numbers.,,,,,The `narginchk` function is used to check if the number of input arguments is within a specified range and throws an error if it is not.,Function inputs checker
Section 1,TTF,The `arguments` block can include code to perform complex calculations and data processing.,,1,"The arguments block can include code to perform validation and assign default values, but it should not include code for complex calculations or data processing.",,,,,,,Shouldn't include complex computations.,
Section 1,TMC,Consider the following MATLAB code: `function y = myFun(x) persistent count; if isempty(count) count = 0; end count = count + 1; y = x + count; end`. You call the function `myFun(5)` three times in a row. What will be the output of the third call?,1,8,6,7,9,,,,,"The `persistent` variable `count` is initialized to 0 the first time the function is called. Then `count` will be incremented to 1, then 2, then 3 with three calls. The output of the third call will be `5+3=8`.",The third call will increment the variable to 3.
Section 1,TMC,Consider the following MATLAB code: `x = 5; function y = myFun(x) global x; x = x + 1; y = x; end; disp(myFun(x)); disp(x)`. What will be displayed in the MATLAB command window?,2,`6 5`,`6 6`,`5 6`,`5 5`,,,,,"The `global x` statement makes the variable `x` in the function refer to the global variable `x`. The function increments the global variable `x` to 6 and returns this value. Thus, both display statements show the final value of the global variable.",Global variable in use will update.
Section 1,TMC,What is the purpose of the `try-catch` block in MATLAB?,3,To display a warning message if an error occurs.,To pause execution of the script if an error occurs.,To handle errors and prevent the script from crashing.,To display the contents of the MATLAB workspace.,,,,,"The `try-catch` block allows you to catch errors, log them, and then continue execution, ensuring that the script doesn't halt unexpectedly.",Function will not stop on error.
Section 1,TTF,"The `nargout` function returns the number of *required* output arguments, while the `nargoutchk` function returns the total number of output arguments.",,1,`nargout` returns the number of *requested* output arguments. `nargoutchk` is for argument checking.,,,,,,,Both functions check output.,
Section 1,TMC,Consider the following MATLAB code: `function y = myFun(x) if x > 0 return; end y = x + 1; end`. What will be the value of `y` after calling `myFun(5)`?,4,6,5,An error will occur.,`y` will not be defined as the function returns before it is defined.,,,,,"The return occurs before the `y` is assigned, therefore, the value does not exist after the function is called.",Value of `y` will not be defined.
Section 1,TMC,Consider the following MATLAB code: `x = 0; if x > 0 && x < 10 disp('A'); elseif x == 0 || x > 5 disp('B'); else disp('C'); end`. What will be displayed?,2,A,B,C,Nothing will be displayed.,,,,,"Since `x > 0` is false, the first condition fails. The second condition, `x == 0 || x > 5` will succeed and display B.","Second condition met, so displays B."
Section 1,TMC,What is the purpose of the `inputParser` class in MATLAB?,1,To parse function inputs and validate them.,To create a graphical user interface.,To display help documentation.,To handle errors in code.,,,,,The `inputParser` class is used to parse inputs and validate data in those inputs.,Parses and validates the input data.
Section 1,TTF,The `inputname` function can be used to determine the name of the *output* variable to which a function's result is assigned.,,1,`inputname` is used to get the names of *input* variables. There is no direct way to get the name of the output variable.,,,,,,,Relates only to input variables.,
Section 1,TMC,Consider the following MATLAB code: `x = 5; y = @(a) x + a; x = 10; disp(y(5))`. What will be the output of the `disp` command?,3,15,10,10,An error will occur.,,,,,"This tests the nuance of closures. The anonymous function saves `x` during creation, so the changing of the value doesn't change the saved closure variable.","The closure has the variable saved, so 5+5."
Section 1,TMC,Consider the following MATLAB code: `x = 5; if x > 0 && x < 10 disp('A'); elseif x > 5 || x < 5 disp('B'); else disp('C'); end`. What will be displayed?,1,A,B,C,Nothing will be displayed.,,,,,"Since `x > 0 && x < 10` is true with both being true, the display prints A.",Prints the `A` output.
Section 1,TMC,What is the purpose of the `global` keyword in MATLAB?,2,"Makes a function always available, without needing to be in the path.",Makes a variable shareable among functions.,Makes an expression easier to read and follow.,It has no purpose in code.,,,,,"When the `global` keyword is used, code can now share the defined variables with any file.",The function inputs can vary.
Section 1,TTF,The `switch` statement in MATLAB can only be used with numeric values.,,1,The `switch` statement can also be used with character vectors and strings.,,,,,,,Versatile with multiple data formats.,
Section 1,TMC,Consider the following MATLAB code: `x = 5; y = 10; z = @() x + y; x = 15;`. What will be the value of `z()`?,1,15,25,An error will occur.,Unknown without running.,,,,,It tests the understanding of closures. The anonymous function stored the `x` and `y` such that they are not updated.,Test if closures are remembered.
Section 1,TMC,Consider the following MATLAB code: `x = 1; while x < 10 if x == 5 break; end x = x + 1; end disp(x)`. What will be displayed?,1,5,6,10,An infinite loop.,,,,,The x stops running when x is equal to 5.,The x terminates at 5.
Section 1,TMC,What is the primary difference between `nargin` and `nargout`?,3,`nargin` describes how many lines a code is while `nargout` dictates lines needed at least.,`nargin` is the function to catch errors with invalid calls while `nargout` is for correcting them.,`nargin` represents the number of inputs a user passes to a function while `nargout` is for the number of outputs a user requests when calling.,Both variables are unrelated.,,,,,`nargin` describes inputs while `nargout` describes outputs.,Inputs versus outputs.
Section 1,TTF,The `inputParser` class can only be used within function definitions.,1,,"The `inputParser` class can be used in scripts too, as long as there's a need to parse name-value pairs or validate inputs programmatically.",,,,,,,Can be used outside functions.,
Section 1,TMC,Consider this MATLAB code: `function output = myFun(x) switch class(x) case 'double' output = x * 2; case 'char' output = upper(x); otherwise output = NaN; end end`. What would `myFun(struct())` output?,3,Error.,Empty result.,,Undefined,,,,,"With a struct, the result will be NaN, according to the `otherwise` keyword.",Returns NaN.
Section 1,TMC,Consider the following MATLAB code: `x = 1; while x < 10 if x > 5 continue; end x = x + 1; end disp(x)`. What will be displayed after the code executes?,2,10,6,An infinite loop.,Error.,,,,,It creates an infinite loop. The x will always be less than 10 and greater than 5.,It goes on forever.
Section 1,TTF,A function defined in a MATLAB script file can be called from any other script or function in the same directory.,,1,"In MATLAB, functions defined in a script file are only accessible within that script, functions need to be in separate files.",,,,,,,Functions must be in a separate file for access.,
Section 1,TMC,"Consider this MATLAB code: `function y = myFun(x) switch x case {1, 2, 3} y = 'Low'; case {4, 5, 6} y = 'Medium'; otherwise y = 'High'; end end`. What does `myFun(4)` output?",2,Low,Medium,High,Undefined,,,,,"Since cases can be used as multiple, `4` will return `Medium`.",It's a medium.
Section 1,TMC,Consider the following MATLAB code: `x = 5; y = 10; if x > 0 && y < 5 disp('A'); elseif x > 5 || y > 5 disp('B'); else disp('C'); end`. What will be displayed?,2,A,B,C,Nothing will be displayed.,,,,,"Since `y` is greater than 5, the expression will run condition B.",`y` exceeds its threshold to print.
Section 1,TTF,All functions must have an `end` statement in MATLAB.,,1,Functions do not require an `end` statement.,,,,,,,It's not a requirement.,
Section 1,TMC,Consider this MATLAB code: `function y = myFun(x) switch x case 1:3 y = 'Low'; case 4:6 y = 'Medium'; otherwise y = 'High'; end end`. What does `myFun([1 2 3])` output?,3,Low,Medium,High,Undefined,,,,,"The function cannot handle vector input, thus the `otherwise` code will be used and set the value to `High`.",Doesn't perform as expected and goes to otherwise.
Section 1,TMC,Consider the following MATLAB code: `x = 5; if x > 0 && x < 10 disp('A'); elseif x > 5 && x < 10 disp('B'); else disp('C'); end`. What will be displayed?,1,A,B,C,Nothing will be displayed.,,,,,The only code that works in that setup is to print the A command.,Only code that's available.
Section 1,TTF,It's considered good practice to use long nested if/elseif/else code structures.,,1,"The more organized, less nested code will have better readability for the other users that will iterate on top of the work.",,,,,,,Good for code quality.,
Section 1,TMC,"What is the output of the following MATLAB code: A = [1, 2; 3, 4]; B = A(1,:); B(1) = 10; A?",3,"[10, 2; 3, 4]","[1, 2; 3, 4]","[10, 4]","[1, 10]",,,,,The first element of B modifies A's first row due to reference passing.,"Incorrect. B is a copy of the row, changing B does not affect A."
Section 1,TMCMA,Which of the following statements about MATLAB functions is TRUE?,"1, 3",Functions can have variable number of input arguments.,Functions must return at least one output.,Functions can be nested within other functions.,Functions cannot access variables from the base workspace.,Functions can only return one output.,Functions must be defined in separate files.,,,"Functions can accept variable inputs, which is a powerful feature.",Incorrect. Functions can return multiple outputs and access base workspace variables if declared appropriately.
Section 1,TMCMA,Which of the following statements about control flow in MATLAB is correct?,"1, 2",'if' statements can be nested.,'for' loops can iterate over arrays.,'while' loops cannot be used with conditions.,'switch' statements are only for numerical comparisons.,'try-catch' blocks are used for error handling.,,,"'if' statements can indeed be nested, and 'for' loops can iterate over arrays efficiently.","Incorrect. 'while' loops can be used with conditions, and 'switch' statements are versatile.",
Section 1,TMCMA,Which of the following statements about MATLAB functions is TRUE?,"1, 3",Functions can have variable number of input arguments.,Functions must return at least one output.,Functions can be nested within other functions.,Functions cannot access variables from the base workspace.,Functions can only return one output.,Functions must be defined in separate files.,,,"Functions can accept variable inputs, which is a powerful feature.",Incorrect. Functions can return multiple outputs and access base workspace variables if declared appropriately.
Section 1,TMC,"What will the following code output? A = [1, 2, 3]; A(2) = 5; disp(A);",1,"[1, 5, 3]","[5, 2, 3]","[1, 2, 5]","[2, 3, 5]",,,,,"The second element of A is changed to 5, resulting in [1, 5, 3].",Incorrect. The first element remains unchanged.
Section 1,TMCMA,Which of the following statements about MATLAB functions is TRUE?,"1, 2",Functions can have variable number of input arguments.,Functions must return at least one output.,Functions can be nested within other functions.,Functions cannot access variables from the base workspace.,Functions can only return one output.,Functions must be defined in separate files.,,,"Functions can accept variable inputs, which is a powerful feature.",Incorrect. Functions can return multiple outputs and access base workspace variables if declared appropriately.
Section 1,TMCMA,Which of the following statements about control flow in MATLAB is correct?,"1, 2",'if' statements can be nested.,'for' loops can iterate over arrays.,'while' loops cannot be used with conditions.,'switch' statements are only for numerical comparisons.,'try-catch' blocks are used for error handling.,,,"'if' statements can indeed be nested, and 'for' loops can iterate over arrays efficiently.","Incorrect. 'while' loops can be used with conditions, and 'switch' statements are versatile.",
Section 1,TMC,"What will be the output of the following code? A = [1, 2, 3]; A(3) = A(1) + A(2); disp(A);",1,"[1, 2, 3]","[1, 2, 4]","[4, 2, 3]","[1, 3, 4]",,,,,"The third element of A is updated to the sum of the first and second elements, resulting in [1, 2, 3].","Incorrect. The correct result is [1, 2, 3]."
Section 1,TMCMA,Which of the following statements about MATLAB functions is TRUE?,"1, 2",Functions can have multiple outputs.,Functions can be called without arguments.,Functions must always be defined in separate files.,Functions can only return one output.,Functions cannot be nested within other functions.,,,"Functions can return multiple outputs, and some can be called without arguments.",Incorrect. Functions can be nested and must be defined properly.,
Section 1,TMCMA,Which of the following statements about control flow in MATLAB is correct?,"1, 2",'if' statements can be nested.,'for' loops can iterate over arrays.,'while' loops cannot be used with conditions.,'switch' statements are only for numerical comparisons.,'try-catch' blocks are used for error handling.,,,"'if' statements can indeed be nested, and 'for' loops can iterate over arrays efficiently.","Incorrect. 'while' loops can be used with conditions, and 'switch' statements are versatile.",
Section 1,TMC,"What will be the output of the following code? A = [1, 2, 3]; A(1) = A(1) + A(2); disp(A);",1,"[3, 2, 3]","[1, 2, 5]","[1, 3, 3]","[1, 2, 2]",,,,,"The first element of A is updated to 3, resulting in [3, 2, 3].",Incorrect. The first element is updated to the sum of itself and A(2).
Section 1,TMCMA,Which of the following statements about MATLAB functions is TRUE?,"1, 3",Functions can have default input arguments.,Functions must always return at least one output.,Functions can be nested within other functions.,Functions cannot access variables from the base workspace.,Functions can only return one output.,Functions must be defined in separate files.,,,"Functions can accept default arguments, and some can be nested, enhancing modularity.",Incorrect. Functions can access variables from the workspace if declared properly.
Section 1,TMCMA,Which of the following statements about control flow in MATLAB is correct?,"1, 2",'if' statements can be nested.,'for' loops can iterate over arrays.,'while' loops cannot be used with conditions.,'switch' statements are only for numerical comparisons.,'try-catch' blocks are used for error handling.,,,"'if' statements can indeed be nested, and 'for' loops can iterate over arrays efficiently.","Incorrect. 'while' loops can be used with conditions, and 'switch' statements are versatile.",
Section 1,TMC,"What will be the output of the following code? A = [1, 2, 3]; A(2) = 10; disp(A);",1,"[1, 10, 3]","[10, 2, 3]","[1, 2, 10]","[2, 10, 3]",,,,,"The second element of A is updated to 10, resulting in [1, 10, 3].",Incorrect. The first and third elements remain unchanged.
Section 1,TMCMA,Which of the following statements about MATLAB functions is TRUE?,"1, 2",Functions can have variable number of input arguments.,Functions must always return at least one output.,Functions can be nested within other functions.,Functions cannot access variables from the base workspace.,Functions can only return one output.,Functions must be defined in separate files.,,,"Functions can accept variable inputs, which enhances flexibility, and some can be nested.",Incorrect. Functions can access variables from the workspace if declared properly.
Section 1,TMCMA,Which of the following statements about control flow in MATLAB is correct?,"1, 2",'if' statements can be nested.,'for' loops can iterate over arrays.,'while' loops cannot be used with conditions.,'switch' statements are only for numerical comparisons.,'try-catch' blocks are used for error handling.,,,"'if' statements can indeed be nested, and 'for' loops can iterate over arrays efficiently.","Incorrect. 'while' loops can be used with conditions, and 'switch' statements are versatile.",
Section 1,TMC,"What will be the output of the following code? A = [1, 2, 3]; A(3) = A(1) + A(2); disp(A);",1,"[1, 2, 3]","[1, 2, 4]","[1, 2, 5]","[5, 2, 3]",,,,,"The third element of A is updated to the sum of the first and second elements, resulting in [1, 2, 4].","Incorrect. The correct result is [1, 2, 4]."
Section 1,TMCMA,Which of the following statements about MATLAB functions is TRUE?,"1, 2",Functions can have variable number of input arguments.,Functions must always return at least one output.,Functions can be nested within other functions.,Functions cannot access variables from the base workspace.,Functions can only return one output.,Functions must be defined in separate files.,,,"Functions can accept variable inputs, which enhances flexibility, and some can be nested, improving modularity.",Incorrect. Functions can access variables from the workspace if declared properly.
Section 1,TMCMA,Which of the following statements about control flow in MATLAB is correct?,"1, 2",'if' statements can be nested.,'for' loops can iterate over arrays.,'while' loops cannot be used with conditions.,'switch' statements are only for numerical comparisons.,'try-catch' blocks are used for error handling.,,,"'if' statements can indeed be nested, and 'for' loops can iterate over arrays effectively.","Incorrect. 'while' loops can be used with conditions, and 'switch' statements are versatile.",
Section 1,TMC,You need to read data from a CSV file named 'data.csv' containing mixed data types (numeric and string). Which combination of functions provides the MOST robust way to read all the data including handling missing values represented as 'NaN' or empty strings?,1,"`T = readtable('data.csv','TreatAsEmpty',{'NaN',''});`",`data = csvread('data.csv');`,`data = importdata('data.csv');`,"`fid = fopen('data.csv'); data = textscan(fid, '%f %s', 'Delimiter', ','); fclose(fid);`",,,,,"`readtable` with `TreatAsEmpty` offers the most flexible and robust approach, correctly handling mixed data types and missing values.","`csvread` only handles numeric data, `importdata` can be inconsistent, and `textscan` requires careful formatting specifications."
Section 1,TMC,"You have a large text file with comma-separated values, where some rows have missing values. You want to read this data into a MATLAB table while handling the missing data gracefully. What is the BEST approach?",1,Use `readtable` with appropriate options to handle missing data.,Use `textscan` and manually handle missing values.,Use `csvread` and replace missing values with NaN.,Use `importdata` and manually handle missing values.,,,,,`readtable` provides the most convenient and robust way to handle missing data directly during import.,"Other options require more manual handling of missing values, which is less efficient."
Section 1,TMC,You have a data file where the values are separated by varying numbers of spaces. Which MATLAB function would be MOST suitable for reading this data efficiently?,3,`csvread`,`xlsread`,`textscan` with appropriate regular expressions.,`load`,,,,,"`textscan` allows you to specify a regular expression as a delimiter, making it suitable for handling varying numbers of spaces.",Other functions are less flexible.
Section 1,TTF,"The `save` command, by default, saves data in a human-readable format.",,1,"The `save` command, by default, saves data in binary `.mat` format, which is not human-readable. To save in a human-readable format (like ASCII), you must specify the `-ascii` flag.",,,,,,,The default format is binary.,
Section 1,TMC,"You have a text file containing data that includes both numeric values and text strings. Some of the numeric values are represented with different decimal separators (e.g., some use commas, others use periods). What is the MOST reliable way to import this data into MATLAB and ensure all numeric values are correctly interpreted?",4,Use `csvread` after manually replacing all commas with periods in the file.,Use `importdata` and manually parse the data to handle different decimal separators.,Use `textscan` with a generic format specifier (`%s`) and then convert the strings to numbers.,"Use `readtable` with the 'ReadVariableNames' option set to true, and specify the 'DecimalSeparator' option.",,,,,"`readtable` combined with `DecimalSeparator` allows direct specification of how decimal values should be parsed, correctly handling different separators.",The other methods are less direct and require more manual parsing and string manipulation.
Section 1,TMC,"You need to load data from a `.mat` file. However, you only want to load specific variables from the file and not all of them. Which command allows you to achieve this?",3,"`load('data.mat', 'all')`",`data = matfile('data.mat');`,"`load('data.mat', 'var1', 'var2')`",`readmatrix('data.mat')`,,,,,You can specify the names of the variables to load as arguments to the `load` command.,That's the correct `load` command syntax.
Section 1,TMC,You have a large Excel file with multiple sheets. You want to import data from a specific sheet named 'Sheet2' into MATLAB. Which command is MOST appropriate?,1,"`data = readtable('file.xlsx', 'Sheet', 'Sheet2')`","`data = xlsread('file.xlsx', 'Sheet2')`","`data = importdata('file.xlsx', 'Sheet2')`","`data = load('file.xlsx', 'Sheet2')`",,,,,`readtable` with the `'Sheet'` option is the preferred way to load excel file sheet contents.,Appropriate syntax for excel loading.
Section 1,TTF,The `fprintf` function can only be used to write data to the command window; it cannot write data to a file.,,1,"`fprintf` can write to the command window *or* to a file, depending on whether a file identifier (obtained using `fopen`) is provided as the first argument.",,,,,,,Can write to the command window OR a file.,
Section 1,TMC,"You have a CSV file where some cells contain text strings enclosed in double quotes. You need to read this data into MATLAB, ensuring that the quoted strings are correctly interpreted as single strings and not split into multiple values. Which approach is MOST suitable?",2,Use `csvread` to read the data.,Use `readtable` with the `QuoteRule` property set to 'enclose'.,Use `textscan` with a delimiter that includes the double quote character.,"Manually process the file line by line, removing the double quotes before importing.",,,,,Setting the `QuoteRule` property to 'enclose' in `readtable` instructs MATLAB to treat quoted strings as single fields.,This is the proper method of handling double quotes.
Section 1,TMC,"You are trying to load a large dataset from a text file, but MATLAB is running out of memory. What is the MOST effective strategy to reduce memory usage during the import process?",4,Use the `load` command with the `-ascii` option.,Increase the amount of RAM in your computer.,Reduce the number of variables in the dataset.,Use `textscan` to read the data in smaller chunks or specify appropriate data types.,,,,,Reading the data in smaller chunks allows you to process the data incrementally without loading the entire dataset into memory at once.,Reduces memory footprint during loading.
Section 1,TMC,You have a JSON file containing nested data structures. You want to efficiently extract specific data elements from the JSON file into MATLAB variables. Which function is BEST suited for this task?,1,`jsondecode` in combination with structure/cell array indexing.,`loadjson` (if available) and then use structure/cell array indexing.,`textscan` with manual parsing.,`fread` followed by string manipulation.,,,,,"`jsondecode` efficiently parses the JSON data into MATLAB structures or cell arrays, which can then be easily accessed using standard indexing techniques.",Efficient parsing of JSON data.
Section 1,TTF,"The `fread` function can be used to read data from any type of file, regardless of its format.",,1,"`fread` is primarily used for reading binary files. While it can read text files, other functions like `textscan` and `readtable` are more appropriate for structured text data.",,,,,,,Binary file reading,
Section 1,TMC,"You need to read data from a large text file where each line represents a record with multiple fields separated by a delimiter. However, some lines contain comments that start with a specific character (e.g., '#'). You want to skip these comment lines during the import process. Which approach is MOST efficient?",2,Read the entire file into a string and then remove the comment lines using regular expressions.,Use `textscan` with the `CommentStyle` property to specify the comment character.,Read the file line by line and manually check if each line starts with the comment character.,Use `importdata` and then remove the comment lines from the resulting data structure.,,,,,"The `CommentStyle` property in `textscan` allows you to directly specify the comment character, causing `textscan` to ignore those lines during import.",Automatically skips comment lines.
Section 1,TMC,You have a data file that contains dates in a variety of formats. You want to import this data into MATLAB and convert the dates to a consistent format. What is the MOST reliable way to handle the different date formats during the import process?,4,Manually edit the data file to standardize the date formats before importing.,Use the `datenum` function to convert the dates to serial date numbers after importing.,Use regular expressions to parse the dates and convert them to a consistent format.,Use `readtable` or `datetime` with the `InputFormat` property to specify the different possible date formats.,,,,,"The `InputFormat` property allows you to specify multiple possible date formats, which `readtable` or `datetime` will use to parse the dates correctly.",This allows automatic date formatting during import.
Section 1,TMC,You have a large dataset stored in a binary file with a complex structure. You need to read specific portions of the file based on their byte offsets. Which function is MOST suitable for this task?,2,`load`,`fread` with the `fseek` function,`textscan`,`importdata`,,,,,"`fread` allows you to read binary data, and `fseek` allows you to move the file pointer to specific byte offsets.",Accurate way to load byte offsets.
Section 1,TTF,The `xlsread` function can read data from both `.xls` and `.xlsx` files.,1,,"`xlsread` is generally used for older `.xls` files. While it can sometimes handle `.xlsx` files, it is less reliable. `readtable` is better for `.xlsx`.",,,,,,,Better used for `.xls` files.,
Section 1,TMC,You have a very large CSV file that exceeds the available memory. You need to perform statistical analysis on specific columns of the data without loading the entire file into memory. Which approach is MOST efficient?,3,Use `csvread` to load the data and then perform the statistical analysis.,Use `importdata` to load the data and then perform the statistical analysis.,Use `datastore` to create a datastore for the file and then use `tall` arrays to perform out-of-memory calculations.,Use `readtable` with the `ReadVariableNames` option set to true and then perform the statistical analysis.,,,,,"`datastore` and `tall` arrays are designed for out-of-memory computations on large datasets. `datastore` reads data in chunks, and `tall` arrays enable calculations on data that doesn't fit in memory.",Best approach for very large datasets.
Section 1,TMC,You have a Microsoft Access database file (.mdb or .accdb) and want to import a specific table from the database into MATLAB. You do *not* have the Database Toolbox installed. What would be the easiest way to do this?,2,Use `readtable` with the file name.,Use `importdata` with the file name.,Use a direct ODBC connection via the `database` function.,Export the table to a CSV file and import that into MATLAB.,,,,,"Without the Database Toolbox, the easiest approach is to export the table to a CSV file, then import it using `readtable` or other suitable MATLAB functions.",Load as CSV if you lack database toolbox.
Section 1,TMC,You have a dataset that is updated frequently. The dataset is stored in a format that is not directly supported by MATLAB. You need to create a mechanism to automatically import the data into MATLAB whenever the dataset is updated. What is the MOST effective approach?,3,Manually import the data into MATLAB each time the dataset is updated.,Write a MATLAB script that uses the `load` or `importdata` function to import the data.,"Write a MATLAB script that uses the `system` function to call an external program that converts the data to a supported format, then imports the converted data into MATLAB.",Write a MATLAB script that uses the `textscan` function to import the data.,,,,,Using `system` to call an external program allows you to leverage existing tools for data conversion and automate the import process.,Leverage external tools for automation.
Section 1,TTF,The `webread` function can only be used to read data from websites that use the HTTP protocol.,,1,The `webread` function can be used to read data from websites that use both the HTTP and HTTPS protocols.,,,,,,,Works for HTTPS and HTTP.,
Section 1,TMC,You have a dataset stored in a HDF5 file. You want to read a specific dataset from the HDF5 file into MATLAB. Which function is BEST suited for this task?,3,`load`,`importdata`,`h5read`,`fread`,,,,,`h5read` is specifically designed for reading datasets from HDF5 files.,Correct function for loading HDF5 data.
Section 1,TMC,"You need to import a large dataset from a database into MATLAB. The database contains multiple tables, and you only need to import data from a few specific tables. You have the Database Toolbox installed. What is the MOST efficient way to import the data?",3,Use the `load` command to load the entire database into MATLAB.,Use the `importdata` function to import the data from the database.,Use SQL queries with the `database` function to select the specific tables and columns you need.,Export the data from the database to a CSV file and then import the CSV file into MATLAB.,,,,,"Using SQL queries allows you to select the specific data you need from the database, reducing the amount of data that is transferred and processed.",Efficient selection of data to load.
Section 1,TMC,"You have a very large text file that contains data in a fixed-width format. You need to import specific columns from the file into MATLAB, but the columns are not separated by delimiters. What is the MOST efficient approach?",2,Use the `load` command to load the entire file into MATLAB.,Use the `textscan` function with the `Widths` property to specify the widths of the columns.,Use the `importdata` function to import the data from the file.,Use the `csvread` function to read the data.,,,,,"The `Widths` property in `textscan` allows you to specify the widths of the columns in a fixed-width file, enabling you to import specific columns without delimiters.",Loads by width rather than delimiter.
Section 1,TTF,The `csvread` function automatically handles missing values in a CSV file by replacing them with NaN.,,1,`csvread` doesn't automatically handle missing values. You typically need to pre-process the file or use `readtable` or other functions that provide more flexible handling of missing data.,,,,,,,Doesn't handle missing values without specific commands.,
Section 1,TMC,You have a dataset stored in a database. You want to import only the data that satisfies a specific condition. You have the Database Toolbox installed. What is the MOST efficient way to achieve this?,3,Import the entire dataset into MATLAB and then filter the data based on the condition.,Use the `load` command to load the entire dataset into MATLAB and then filter the data.,Use a SQL query with a `WHERE` clause to select only the data that satisfies the condition.,"Export the entire dataset to a CSV file, import the CSV file into MATLAB, and then filter the data.",,,,,"Using a SQL query with a `WHERE` clause allows you to filter the data at the database level, reducing the amount of data transferred and processed.",Best for loading specific values.
Section 1,TMC,You have a dataset stored in a format that is not directly supported by MATLAB. You need to write a custom function to import the data. What is the MOST important consideration when writing the custom function?,4,Use the `load` function to import the data.,Use the `importdata` function to import the data.,Ensure that the function is well-documented.,Ensure that the function handles potential errors and invalid data gracefully.,,,,,Robust error handling is crucial to prevent the function from crashing and to provide informative error messages to the user.,Functions should avoid errors.
Section 1,TMC,You have a dataset that is stored in a web API that returns JSON data. You need to import the data into MATLAB. You want to handle issues with the API connection and potentially retry the data import if it fails. What is the MOST effective approach?,1,"Use `webread` within a `try-catch` loop, including a retry mechanism (e.g., loop with a delay) in the `catch` block.",Use `urlread` and handle potential connection errors manually.,Use `importdata` with a URL as the input.,Manually construct an HTTP request using the `java.net` package.,,,,,`webread` within a `try-catch` loop with a retry mechanism provides a clean and robust way to handle potential connection errors and retry the data import if necessary.,Automatic error and retry handling.
Section 1,TTF,The `textscan` function can only be used to read data from text files.,,1,`textscan` can also be used to read data from strings and other sources.,,,,,,,Versatile text parsing function.,
Section 1,TMC,You have a dataset that is updated frequently. You want to create a MATLAB script that automatically imports the data into MATLAB whenever the dataset is updated. You want to minimize the amount of code required to update the imported data when the source data changes its column numbers and order. What is the MOST effective approach?,4,Write a MATLAB script that uses the `load` function to import the data.,Write a MATLAB script that uses the `importdata` function to import the data.,Write a MATLAB script that uses the `textscan` function to import the data.,Use a robust file format such as JSON or XML to represent the data with descriptive tags. Also use `readtable` and appropriate syntax to catch columns by variable names.,,,,,"If the number and order of columns are subject to change, using a text format in combination with reading by variable names is the most robust approach.",Robust format for changing column numbers and ordering.
Section 1,TMC,You have a dataset stored in a remote server that is accessed via HTTPS. The server requires authentication. You need to import the data into MATLAB. What is the MOST secure and efficient approach?,3,Use the `urlread` function with the username and password in the URL.,Use the `importdata` function with the URL as the input.,Use the `weboptions` function with the `Username` and `Password` properties to create an options object and then use the `webread` or `websave` function with the options object.,Manually construct an HTTP request using the `java.net` package with the username and password.,,,,,`weboptions` allows you to securely pass authentication credentials without exposing them in the URL.,Ensures credentials aren't exposed in the URL.
Section 1,TMC,"You have a large dataset stored in a database table. The table contains a column with timestamps, and you want to import only the data from a specific date range. You have the Database Toolbox installed. You know that you are going to use this connection many times. What is the MOST efficient approach?",1,"Use a SQL query with a `WHERE` clause to select only the data from the specific date range each time a query is needed. Also, create the database connection once, storing it, and using that stored connection each time.",Use the `load` command to load the entire table into MATLAB and then filter the data based on the date range.,Use the `importdata` function to import the data from the table and then filter the data based on the date range.,Use the `textscan` function to import the data from the table and then filter the data based on the date range.,,,,,"Performing the selection at the database level with a database connection avoids reading unneeded data. Also, storing the connection information avoids the constant reestablishment of a connection.",Performs calculations on the SQL database and retains a connection.
Section 1,TTF,The `writetable` function can only be used to write data to CSV files.,,1,"The `writetable` function can also be used to write data to text files, Excel files, and other formats.",,,,,,,Multi-format output.,
Section 1,TMC,You need to import data from a web API that returns data in XML format. You want to efficiently extract specific data elements from the XML document into MATLAB variables. What is the BEST suited for this task?,2,Manually parse the XML data using string functions.,Use the `xmlread` function and the `getNodeListByTagName` method to access specific elements.,Use the `urlread` function to read the XML data and then manually parse it.,Use the `importdata` function with the URL as the input.,,,,,`xmlread` and `getNodeListByTagName` provide a structured way to parse XML data and access specific elements by their tag names.,XML can be structured and parsed.
Section 1,TMC,You have a very large dataset stored in a remote database. You need to perform a complex query that involves joining multiple tables and applying a sophisticated filtering criteria. You have the Database Toolbox installed. What is the MOST efficient approach?,4,Import the entire dataset into MATLAB and then perform the query in MATLAB.,"Export the entire dataset to a CSV file, import the CSV file into MATLAB, and then perform the query in MATLAB.",Use the `database` function to connect to the database and then use multiple SQL queries to retrieve the data and perform the joins and filtering in MATLAB.,Use the `database` function to connect to the database and then use a single SQL query to perform the join and filtering operations in the database.,,,,,Performing the complex query at the database level minimizes the amount of data transferred and processed.,Most calculations should be performed in the database.
Section 1,TMC,You have a dataset stored in a file format that is not directly supported by MATLAB. The format is binary and requires a specific knowledge of the data layout to parse it correctly. You need to write a custom function to import the data. You do not want to spend a lot of time deciphering how to write the code. What are the most effective approach?,2,Write a MATLAB script that uses the `load` command to import the data.,"Create a function in Python that imports the data, returning the data to MATLAB.",Write a MATLAB script that uses the `importdata` function to import the data.,Write a MATLAB script that uses the `textscan` function to import the data.,,,,,Python provides many great tools to import binary files. The data can then be transferred to MATLAB.,Sometimes other languages are easier.
Section 1,TTF,The `webread` function can only be used to read data from a website if you know the exact file extension.,,1,The `webread` function can read data from websites that do not have a file extension. It relies on MIME type.,,,,,,,No file extension needed.,
Section 1,TMC,"You need to import data from a web API that returns data in JSON format, but the API has a rate limit, meaning that you can only make a certain number of requests per minute. What is the MOST effective way to handle the rate limit and avoid exceeding it?",1,Manually insert a `pause` command into the code after each request to the API.,Use the `urlread` function with the `'Timeout'` property to limit the request duration.,Use the `webread` function with the `'Timeout'` property to limit the request duration.,Implement a token bucket or leaky bucket algorithm to control the rate of requests to the API.,,,,,"A token bucket or leaky bucket algorithm provides a more sophisticated way to control the request rate, ensuring that you don't exceed the API's rate limit.",Tokens provide good control over rate limits.
Section 1,TMC,"You have a dataset stored in a NoSQL database (e.g., MongoDB). You need to import the data into MATLAB. What is the MOST effective approach, assuming you do not have a specific toolbox for NoSQL databases?",1,Write a custom MATLAB script that uses the database's API to retrieve the data and parse it into MATLAB variables.,Export the data to a CSV file and then import the CSV file into MATLAB.,Use the `database` function to connect to the database and then use SQL queries to retrieve the data.,Use the `load` command to load the data from the database.,,,,,A database specific MATLAB script will properly handle data importing.,The database specific script will import and handle loading data into variables.
Section 1,TMC,"You have a dataset stored in a cloud storage service (e.g., Amazon S3). You need to import the data into MATLAB. Assuming the cloud service has a REST API, what is the MOST effective approach?",2,Manually download the data to your local machine and then import it into MATLAB.,Use the `webread` or `websave` functions to interact with the cloud storage service's REST API and retrieve the data directly into MATLAB.,Use the `load` command to load the data from the cloud storage service.,Use the `importdata` function to import the data from the cloud storage service.,,,,,webread/websave functions allow the interaction with cloud service Rest APIs and retrieve the data directly into MATLAB.,Data retrieved directly.
Section 1,TTF,The `fwrite` function can only be used to write numeric data to a file.,,1,"`fwrite` can write data of any type to a file, including character data and strings.",,,,,,,Writes various types.,
Section 1,TMC,You have a large dataset stored in a database that you want to analyze with MATLAB. The database is frequently updated with new data. You want to create a MATLAB script that automatically imports the new data into MATLAB whenever it becomes available. What is the MOST efficient approach?,2,Use the `load` command to load the entire database into MATLAB.,Create a database trigger that automatically exports the new data to a file and then use a MATLAB script to import the data from the file.,Use the `importdata` function to import the entire database into MATLAB.,Use the `textscan` function to import the entire database into MATLAB.,,,,,"A database trigger ensures that the new data is automatically exported to a file, which can then be imported into MATLAB. This approach minimizes the amount of data that needs to be transferred.",Automated export of the data into a file.
Section 1,TMC,You have a very large dataset stored in a text file. The file is too large to fit into memory. You want to perform a specific calculation on a subset of the data. What are the MOST important aspects to take into consideration?,2,Use the `load` function to load the entire file into MATLAB.,"Use the `datastore` and `tall` construct, specifying a data type that minimizes memory consumption and only read in the relevant rows and columns from the dataset.",Use the `importdata` function to import the entire dataset into MATLAB.,Use the `textscan` function to import the entire dataset into MATLAB.,,,,,Using the `datastore` function reads the rows and columns needed rather than loading the entire set.,Only reads the columns needed for the calculations.
Section 1,TMC,"You want to read several files that are all in a directory. These files all have unique file names that you don't know ahead of time. However, you do know that they all share the same file type. Which code is the best way to import all the data?",3,Read files one at a time.,Run all file names manually.,Use the `dir` command with its expression to get each of the files to then load.,Create each variable by name and then load using that.,,,,,The `dir` command finds all the files of the specified file type. It's necessary to find the file and then `load` the data with this structure.,Automated loading of files.
Section 1,TTF,"The `save` command, by default, saves all variables in the workspace to a file named 'matlab.mat' in the current directory.",1,,"The `save` command saves variables into a .mat file. However, the name is *not* `matlab.mat`, it saves to *all* variables if the name is not specified, creating a `.mat` file with a name you give it.",,,,,,,Name of the .mat file is flexible.,
Section 1,TMC,"You have a very large dataset stored in a CSV file. The file contains both numeric and text data. The text data is in a column that represents customer names. You want to perform a specific analysis that requires removing all rows where the customer name contains a specific pattern (e.g., 'Inc'). What is the MOST memory efficient approach?",3,Use `readtable` or `textscan` or `datastore` with appropriate options to handle loading only required rows and remove those based on a customer name.,Run row by row removing elements.,Read the file into a database and drop the elements from SQL.,Store data in python and analyze from there.,,,,,Using `readtable` or `textscan` or `datastore` with appropriate options allows MATLAB to read the values efficiently.,Requires `readtable`.
Section 1,TMC,"You have a dataset stored in a proprietary binary format. You want to develop a custom MATLAB function to import the data, but you do not have detailed information about the format. What is the BEST initial step?",3,Use textscan on it.,Open the file and use a hex editor to analyze the file structure.,Read documentation or ask the file provider about file structure.,Do not import it.,,,,,"The best initial step is to analyze it with a hex editor, in order to see what data types it may consist of.",The format structure can determine the method needed to decode.
Section 1,TMC,You have to load a data from a website but find that the URL has invalid HTML. What should you do?,2,There is no way to read the data.,Manually parse the website using the webread command to remove the data and prepare it.,Do not trust the data.,"Use the urlread function to retrieve the contents of a web page, even if it contains invalid HTML.",,,,,"If the data is still correct, the manual parsing and webread is the correct function to use to retrieve the specific data needed for testing.",The data is still retrievable if manually parsed.
Section 1,TTF,The `textscan` function automatically skips header lines in a text file.,,1,The `textscan` function does not automatically skip header lines.,,,,,,,Can be skipped manually.,
Section 1,TMC,"You have a data file in a proprietary format. You know that the first 4 bytes represent an integer indicating the number of data records, and the rest of the file contains the data records themselves. Without the ability to change the data and needing to performantly read into variables, what are the most appropriate steps?",4,Use readtable or importdata to read into it.,Use textscan to automatically convert binary data.,Cannot import binary data.,"Open the file with `fopen`, read the header using `fread`, then parse the data records based on the information in the header, such as the length.",,,,,"`fopen` and `fread` can read data from a format, while being able to parse a header at the beginning.",Requires `fopen` and `fread`.
Section 1,TMC,You have to read binary data but find an invalid magic number in your file for the file type. What are the BEST steps to take?,4,Force the data reading.,Import the data as is.,Change the magic number.,"Check data integrity to confirm file structure. Then either correct, reject, or use different algorithm.",,,,,"By ensuring data integrity, proper code can be created to adjust for the different format.",Ensures data is correct.
Section 1,TTF,The `writematrix` function automatically appends data to an existing file if the file already exists.,,1,"The `writematrix` function overwrites an existing file. To append, you would need to use `fopen` and `fprintf` or similar low-level file I/O functions.",,,,,,,Function cannot append.,
Section 1,TMC,You have a very large log file that is constantly being updated with new data. You need to create a MATLAB script that continuously monitors the log file for new entries and imports them into MATLAB. What are the MOST robust steps?,3,Load the whole file all at once.,Create separate functions for reading and writing the file to disk.,"Store the last file position, periodically check file size, read new data using `fseek` and `fread`.",Do not import the data at all.,,,,,"With these steps the file will be able to update with data as its being imported, and it will only load new chunks from where it left off.",Can run without loading all of the code at once.
Section 1,TMC,"You have data that is spread out amongst many websites. You need to import it, clean it, and store it in an easy to use format for colleagues. What are the most appropriate steps?",3,Have all data on one web page.,Read the websites as you need them.,"Use MATLAB to `webread` or `websave` from multiple locations, clean the data, and store it in a `.mat` format that is easy to work with.",Let each colleague get the data on their own.,,,,,Using `webread/websave` and storing the data means the function can be used across many systems to pull this data.,Make the data useful and reusable.
Section 1,TTF,The `websave` function can only be used to save data to a local file.,,1,You can save to various web locations.,,,,,,,You can save to more places.,
Section 1,TMC,You need to load all of the files within a folder to MATLAB that can be tested with another user. You'd like to limit the lines of code that you need. What are the most important steps you should take?,4,Load all code one at a time using a text editor.,Send the text files.,Send all binary files.,Create a struct by recursively searching for each mfile and send the struct.,,,,,"Structs are easy to work with and move data around as you need. By also recursively searching for files, they can be easily tested on different systems.",Requires simple functions.
Section 1,TMC,"When creating a code project, how does it compare when pulling from a network versus keeping local files?",2,Pulling from a network is better because they'll be updated.,"There are pros and cons, and pulling the code from a source like GIT or other code locations is better if there are multiple people or you want versions. Whereas files on a hard drive can be used when working locally, as long as the location is accurate.","They are the same, both work fine.",Code should never be re used.,,,,,It can be easy to read the data into the application and keep it ready for others to work with and iterate upon.,Good way to collaborate with a team.
Section 1,TTF,The `csvread` function automatically converts text data to numeric data if possible.,,1,`csvread` is designed to read the data and does not convert any of the types.,,,,,,,No conversions with csvread.,
Section 1,TMC,A MATLAB function is designed to perform computationally intensive calculations. Profiling reveals that a significant portion of the execution time is spent within a `for` loop. How can you optimize this code for maximum performance?,1,Replace the `for` loop with a vectorized operation using array broadcasting.,Use the `parfor` loop construct for parallel execution on a single core.,Implement just-in-time (JIT) compilation using the `codegen` command.,Convert the entire MATLAB script to a MEX file written in C++.,,,,,"Vectorization leverages MATLAB's optimized routines for array operations, significantly improving performance.",`parfor` needs multiple cores to be effective. `codegen` requires recompilation. C++ is more complex.
Section 1,TMC,"You have a computationally intensive MATLAB function that is called repeatedly within a loop. To optimize performance, you want to profile the function's execution. Which approach is the MOST accurate and comprehensive way to profile the MATLAB code?",4,Use the `tic` and `toc` functions to measure the total execution time.,Use the `timeit` function to measure the average execution time.,Use the `cputime` function to measure the CPU time.,Use the MATLAB Profiler to identify performance bottlenecks and function call counts.,,,,,"The MATLAB Profiler provides detailed information about function execution times, call counts, and lines of code that consume the most time.",Other options only provide limited timing information.
Section 1,TMC,You are writing a MATLAB function that needs to handle a variable number of input arguments. How can you access these arguments within the function?,2,Using the `input` function.,Using the `varargin` cell array.,Using the `nargin` function to determine the number of arguments.,Using the `arg` structure.,,,,,The `varargin` cell array collects all the input arguments into a single cell array.,"The `nargin` function determines the *number* of input arguments, but not their values, and there are no `input` or `arg` functions for this purpose"
Section 1,TTF,Vectorization always results in faster code execution compared to using loops in MATLAB.,,1,"While vectorization is generally faster, it's not always the case. Sometimes, loop-based code can be more efficient or easier to optimize depending on the specific operation and data structure.",,,,,,,"While preferred, isn't universally true.",
Section 1,TMC,You're developing a performance-critical MATLAB application. Profiling reveals that memory allocation is a bottleneck. Which technique is MOST effective for minimizing memory fragmentation and improving performance in this scenario?,3,Use the `memory` command to monitor memory usage.,Allocate large arrays using `sparse` matrices.,Preallocate arrays of the required size before using them.,Clear unused variables frequently using the `clear` command.,,,,,"Preallocating arrays ensures that MATLAB reserves a contiguous block of memory, minimizing fragmentation caused by dynamic allocation during calculations.",The other options do not address memory fragmentation directly.
Section 1,TMC,"You've written a MATLAB function that performs a series of calculations. To improve code readability and maintainability, you want to divide the function into smaller, more manageable sub-functions. Which type of function is MOST suitable for this purpose?",1,Nested functions,Anonymous functions,Subfunctions,Global functions,,,,,"Nested functions are defined within another function and have access to the workspace of the outer function, making them ideal for breaking down complex calculations into smaller parts.",The other types are less appropriate for this scenario.
Section 1,TMC,"You are debugging a complex MATLAB script and want to set a breakpoint that triggers only when a specific condition is met (e.g., when a variable `x` exceeds a certain value). Which debugging command allows you to achieve this?",2,`dbstop at line_number`,`dbstop if condition`,`dbstep`,`dbcont`,,,,,`dbstop if condition` allows you to set a breakpoint that is triggered only when the specified condition is true.,Sets conditional debugging.
Section 1,TTF,Using `eval` is generally considered good practice in MATLAB because it provides flexibility in executing arbitrary code.,,1,"`eval` is generally discouraged because it can make code harder to debug, less secure, and slower. It should be avoided when possible.",,,,,,,`eval` is generally discouraged.,
Section 1,TMC,"You are writing a MATLAB script to process a large dataset. To improve performance, you want to parallelize a `for` loop that performs independent calculations on different parts of the data. However, you encounter an error: `Undefined function or variable 'i'`. What is the MOST likely reason for this error, and how can you fix it?",3,The `for` loop is not correctly initialized.,The code inside the loop depends on a global variable that is not defined.,The loop variable 'i' is being accessed outside the scope of the `parfor` loop. Access loop variables from outside the loop or pass them as inputs.,MATLAB does not support parallel `for` loops.,,,,,"In a `parfor` loop, the loop variable has specific scoping rules. It is not accessible outside the loop, and its value should not be changed within the loop in a way that affects subsequent iterations.",Scope limitations of parallelized loops.
Section 1,TMC,You want to create a custom error message in MATLAB that includes the name of the function where the error occurred. Which approach is MOST appropriate?,2,Use the `disp` function to display the error message.,Use the `error` function with the `mfilename` function to include the function name in the error message.,Use the `warning` function with a custom message.,Create a try-catch block and handle the error within the catch block.,,,,,"The `error` function is specifically designed to signal an error and halt execution, and `mfilename` provides the name of the current function.",Proper error reporting.
Section 1,TMC,You are writing a function that needs to be robust and handle unexpected input values gracefully. Which of the following is the BEST practice for handling potential errors and preventing the function from crashing?,3,Ignore the errors and continue execution.,Use the `assert` function to check for valid input values.,Implement a `try-catch` block to catch potential errors and provide informative error messages.,Use the `warning` function to display warning messages for invalid input values.,,,,,"`try-catch` blocks allow you to gracefully handle errors, prevent the function from crashing, and provide informative error messages to the user.",Proper error handling.
Section 1,TTF,"Vectorized code always runs faster than loop-based code in MATLAB, regardless of the complexity of the calculations.",,1,"While vectorization generally improves performance, there are situations where loop-based code can be more efficient, particularly for very complex or irregular calculations.",,,,,,,Sometimes loops are faster.,
Section 1,TMC,You are developing a MATLAB application that involves complex numerical simulations. Profiling reveals that the simulation is computationally intensive and consumes a significant amount of CPU time. Which optimization technique is MOST likely to provide the GREATEST performance improvement in this scenario?,2,Use the `profile` command to identify performance bottlenecks.,Vectorize the code to eliminate loops and leverage MATLAB's optimized array operations.,Preallocate arrays to avoid dynamic memory allocation.,Use the `codegen` command to generate C code from the MATLAB code.,,,,,Vectorization can often lead to significant performance gains because MATLAB's built-in functions are highly optimized for array operations.,This is a good way to optimize code.
Section 1,TMC,"You are writing a MATLAB script that needs to perform a specific task repeatedly with different input parameters. To improve code organization and reusability, you want to encapsulate this task into a separate function. However, you also want to minimize the overhead of function calls. Which type of function is MOST suitable for this purpose?",3,A regular function defined in a separate `.m` file.,A nested function defined within the main script.,An anonymous function.,A subfunction.,,,,,"Anonymous functions have minimal overhead and can be defined inline, making them suitable for simple, reusable tasks that are called repeatedly.",Low overhead with simple functions.
Section 1,TMC,"You are writing a MATLAB function that uses a large lookup table. To improve performance, you want to avoid recalculating the lookup table every time the function is called. Which technique is MOST appropriate?",1,Use a persistent variable to store the lookup table.,Store the lookup table in a global variable.,Pass the lookup table as an input argument to the function.,Recalculate the lookup table every time the function is called.,,,,,"Persistent variables retain their values between function calls, allowing you to calculate the lookup table only once and reuse it in subsequent calls.",Efficient for memory storage.
Section 1,TTF,The `parfor` loop always guarantees a significant performance improvement compared to a regular `for` loop in MATLAB.,,1,"The `parfor` loop can provide significant performance improvements, but it depends on the problem being suitable for parallelization and the availability of multiple cores. It also incurs overhead for task distribution.",,,,,,,Not always faster than serial.,
Section 1,TMC,You are developing a MATLAB application that involves solving a system of nonlinear equations. You want to provide a way for the user to monitor the progress of the solver during the iterations. Which approach is MOST appropriate?,4,Use the `disp` function to display the current iteration number.,Use the `tic` and `toc` functions to measure the execution time.,Use the `keyboard` command to pause the execution and inspect the variables.,Use an output function with `fsolve` (or similar solver) to display progress information at each iteration.,,,,,"Output functions provide a mechanism to execute custom code at each iteration of the solver, allowing you to display progress information or perform other tasks.",Allows monitoring solver progress.
Section 1,TMC,"You are optimizing a computationally intensive MATLAB function that involves a nested loop structure. You have already vectorized the inner loop, but the outer loop is still slow. Which optimization technique is MOST likely to provide a further significant performance improvement?",4,Use the `profile` command to identify performance bottlenecks.,Preallocate arrays to avoid dynamic memory allocation.,Use the `clear` command to remove unnecessary variables.,Rewrite the outer loop in C++ using a MEX file.,,,,,"Writing the outer loop in C++ using a MEX file can provide a significant performance boost, especially if the loop is performing complex calculations that cannot be easily vectorized.",Best approach for large computations.
Section 1,TMC,You are developing a MATLAB application that requires significant computational resources. You want to distribute the calculations across multiple computers to reduce the overall execution time. Which approach is MOST appropriate?,2,Use the `tic` and `toc` functions to measure the execution time.,Use the Parallel Computing Toolbox to distribute the calculations across multiple workers.,Preallocate arrays to avoid dynamic memory allocation.,Use the `profile` command to identify performance bottlenecks.,,,,,"The Parallel Computing Toolbox provides tools and functions for distributing calculations across multiple workers, enabling you to leverage the resources of multiple computers to reduce the execution time.",Best for calculations spread across computers.
Section 1,TTF,"In MATLAB, using persistent variables is generally considered bad practice because it makes code harder to debug and reason about.",,1,"Persistent variables can be useful in certain situations (e.g., for caching results), but they can also make code harder to debug if not used carefully. They are not *inherently* bad, though.",,,,,,,"Can be good, but also tricky to debug.",
Section 1,TMC,You are developing a MATLAB application that performs a large number of string manipulations. Profiling reveals that string operations are a performance bottleneck. Which technique is MOST likely to improve the performance of string manipulations?,2,Use the `string` data type for string variables.,Preallocate cell arrays of strings to avoid dynamic memory allocation.,Use the `char` data type for string variables.,Use regular expressions for all string manipulations.,,,,,Preallocating cell arrays of strings avoids the overhead of dynamic memory allocation that can occur when strings are resized repeatedly.,Preallocation is best for string manipulations.
Section 1,TMC,You are developing a MATLAB application that uses a graphical user interface (GUI). You want to create a responsive GUI that remains interactive even during long-running computations. Which technique is MOST appropriate?,1,Perform all computations on the main GUI thread.,Use a timer object to perform the computations in the background.,Use the `drawnow` function to update the GUI after each computation step.,Use a separate thread or process to perform the computations in the background.,,,,,"Using a separate thread or process allows the computations to run without blocking the GUI thread, ensuring that the GUI remains responsive.",Allows continued interaction with the GUI.
Section 1,TMC,You are developing a MATLAB application that requires generating random numbers with a specific distribution. You want to ensure that the random numbers are reproducible. Which technique is MOST appropriate?,4,Use the `rand` function without specifying the seed.,Use the `randn` function to generate normally distributed random numbers.,Use the `rng` function to set the seed of the random number generator before generating the numbers.,Use the `clock` function to generate a unique seed for the random number generator.,,,,,"The `rng` function allows you to explicitly set the seed of the random number generator, ensuring that the same sequence of random numbers is generated each time the code is run.",Specify the generator sequence for reproducibility.
Section 1,TTF,"In MATLAB, it is always more efficient to use a `for` loop than a `while` loop.",,1,"The choice between `for` and `while` depends on the specific problem. A `for` loop is generally more efficient when the number of iterations is known in advance, while a `while` loop is more appropriate when the number of iterations is not known.",,,,,,,Loop choice depends on the application.,
Section 1,TMC,You are developing a MATLAB application that uses a large number of files. You want to ensure that all required files are included in the application package. What is the MOST effective way to achieve this?,1,Manually include all required files in the application package.,Use the `addpath` function to add all required directories to the MATLAB path.,Use the `cd` command to change the current directory to the location of the required files.,Use the MATLAB Compiler to create a standalone application that includes all required files.,,,,,The MATLAB Compiler will automatically detect and include all required files in the standalone application.,This is the core purpose of the compiler.
Section 1,TMC,You are developing a MATLAB application that uses a large number of function handles. You want to minimize the memory overhead associated with these function handles. Which technique is MOST appropriate?,2,Use the `clear` command to remove unused function handles.,Use anonymous functions instead of named functions.,Use the `methods` function to list the methods associated with the function handles.,Use the `functions` function to examine the properties of the function handles.,,,,,Anonymous functions are lightweight and have minimal overhead compared to named functions.,Anonymous functions minimize memory usage.
Section 1,TMC,"You are developing a MATLAB application that performs a specific task repeatedly with different input parameters. To improve performance, you want to use memoization to cache the results of previous calculations. Which technique is MOST appropriate?",3,Use a global variable to store the cached results.,Use a persistent variable to store the cached results.,Use a function handle to store the cached results.,Use a nested function to store the cached results.,,,,,"A persistent variable retains its value between function calls, making it suitable for caching the results of previous calculations.",Function will retain values for future calls.
Section 1,TTF,"In MATLAB, it is always more efficient to use a built-in function than to write your own custom function.",,1,"While built-in functions are generally highly optimized, there may be cases where a custom function can be more efficient for a specific task or dataset.",,,,,,,Custom functions might be faster.,
Section 1,TMC,You are developing a MATLAB application that performs a specific task. You want to create a command-line interface (CLI) for the application. What is the MOST effective way to create a CLI in MATLAB?,2,Use the `input` function to prompt the user for input.,Use the `argparse` library to parse command-line arguments.,Use the `system` function to execute external commands.,Use the `eval` function to execute commands entered by the user.,,,,,"The `argparse` library provides a powerful and flexible way to define and parse command-line arguments, making it easy to create a CLI for your application.",For best CLI usability.
Section 1,TMC,You are developing a MATLAB application that requires a significant amount of memory. You want to minimize the memory footprint of the application. What is the MOST effective way to achieve this?,2,Use the `clear` command to remove unused variables.,"Use appropriate data types (e.g., `int8` instead of `double`) to reduce the memory footprint of variables.",Use the `pack` command to consolidate memory.,Use the `memory` command to monitor memory usage.,,,,,Using smaller data types such as int8 or single instead of double reduces the memory footprint of variables.,Reduces the size of variables.
Section 1,TMC,You are developing a MATLAB application that requires generating unique identifiers (UUIDs). You want to ensure that the generated UUIDs are truly unique. Which technique is MOST appropriate?,3,Use the `rand` function to generate a random number and convert it to a string.,Use the `randn` function to generate a random number and convert it to a string.,Use the `java.util.UUID` class to generate a UUID.,Use the `clock` function to generate a unique seed for the random number generator.,,,,,The `java.util.UUID` class provides a standard way to generate universally unique identifiers.,Standard way to make UUIDs.
Section 1,TTF,"In MATLAB, it is always more efficient to use recursion than to use iteration.",,1,"In many cases, iteration is more efficient than recursion because recursion involves function call overhead.",,,,,,,Iteration is better in most cases.,
Section 1,TMC,You are developing a MATLAB application that needs to perform a computationally intensive task that can be divided into independent subtasks. You want to use the Parallel Computing Toolbox to distribute the subtasks across multiple workers. You have a loop that iterates through the subtasks. Which type of loop is MOST appropriate for parallel execution in this scenario?,1,`parfor`,`for`,`while`,`spmd`,,,,,The `parfor` loop is specifically designed for parallel execution of independent iterations.,The loop made for parallel computations.
Section 1,TMC,You are developing a MATLAB application that uses a large number of custom classes. You want to organize the classes into a logical hierarchy and manage dependencies between them. What is the MOST effective way to achieve this?,1,Use packages to organize the classes into a hierarchical structure.,Use global variables to share data between the classes.,Use nested functions to define the methods of the classes.,Use the `classdef` keyword to define the classes.,,,,,"Packages provide a way to organize classes and functions into namespaces, making it easier to manage dependencies and avoid naming conflicts.",Proper arrangement and dependency management.
Section 1,TMC,You are developing a MATLAB application that requires parallel computation. You want to measure the performance improvement achieved by using parallel computing. What is the MOST appropriate way to measure the performance improvement?,4,Use the `tic` and `toc` functions to measure the execution time of the serial code.,Use the `profile` command to identify performance bottlenecks in the serial code.,Use the `clear` command to remove unnecessary variables from the workspace.,Measure the execution time of both the serial code and the parallel code and compare the results.,,,,,Measuring both the serial and parallel code is needed to properly compare performance.,Proper code measurement requires both times.
Section 1,TTF,"In MATLAB, it is always faster to preallocate memory for arrays than to allow them to grow dynamically.",1,,"Preallocation avoids the overhead of repeated memory allocation, which is more efficient than dynamically growing arrays.",,,,,,,Preallocation is generally faster.,
Section 1,TMC,You are developing a MATLAB application that requires a custom data structure. You want to create a class that encapsulates the data and provides methods for manipulating it. You need to overload the addition operator (`+`) so that it performs a specific operation on objects of this class. What is the MOST appropriate way to overload the addition operator?,2,Use the `add` function to define the addition operation.,Create a function named `plus` in the class directory and define the addition operation in this function.,Use the `mplus` function to define the addition operation.,Use the `overload` function to overload the addition operator.,,,,,Creating a function named `plus` in the class directory is the standard way to overload the addition operator in MATLAB.,Proper syntax to overload addition.
Section 1,TMC,"You are developing a MATLAB application that needs to perform a specific task on a large number of images. You want to use a parallel loop to process the images concurrently. However, you are concerned about the overhead of transferring the image data to the workers. What is the MOST effective way to minimize the data transfer overhead?",3,Use the `parfor` loop with the `spmd` statement to distribute the images to the workers.,Use the `parfeval` function to evaluate the task on each worker.,"Use a distributed job queue (e.g., using `batch` and `createTask`) and avoid transferring data explicitly by loading the data on each worker.",Use the `tic` and `toc` functions to measure the execution time of the parallel loop.,,,,,Using `batch` avoids the default data transfer and explicitly handles data loading at the worker.,Handles the data loading individually at each worker.
Section 1,TMC,You are developing a MATLAB application that requires a user interface. You want to create a responsive and visually appealing user interface with customizable layouts and components. What is the MOST appropriate option?,3,Use the `input` function to prompt the user for input and display the output in the command window.,Use the `disp` function to display the output in the command window.,Use the App Designer to create a graphical user interface with customizable layouts and components.,Use the `plot` function to display the output in a graphical format.,,,,,"The App Designer provides a visual environment for creating a modern, responsive, and customizable user interface for MATLAB applications.",Has customized layouts for visually appealing interfaces.
Section 1,TTF,"In MATLAB, it is always more efficient to use a function handle than to call the function directly by its name.",,1,"Using a function handle can sometimes be slightly faster than calling the function directly, but the difference is usually negligible. There can be other reasons to use function handles.",,,,,,,Slight performance gain sometimes.,
Section 1,TMC,You are developing a MATLAB application that requires debugging and error handling. Which actions will help you handle those issues most effectively?,4,Use many global variables in order to easily read all code aspects.,Use only one `try-catch` block that will handle all areas at once.,Do not add inline comments or use the profiler because this gets in the way of debugging.,"Use consistent naming conventions and code formatting, divide code into reusable functions, write unit tests with clear assertions, comment code well, and use the debugger to step through code.",,,,,"Developing code with testing, commenting, and readability creates a great debugging environment.",Makes for simple debugging and reading.
Section 1,TMC,You are developing a MATLAB application that requires a graphical user interface (GUI). You want to create a GUI that is responsive and visually appealing. What components will improve GUI qualities?,3,Use a separate thread or process for long computations.,Use many `drawnow` commands.,"Avoid nested loops that slow down computations, use responsive UI components, and make use of asynchronous operations where appropriate.",Use many global variables.,,,,,"Fast computations, appropriate variable usage, and responsiveness creates a great user experience.","Makes for a fast, good user experience."
Section 1,TMC,You want to create code that utilizes object-oriented programming techniques to create great MATLAB code. Which steps will improve object-oriented programming?,4,Do not utilize object oriented code.,Put all functions into one class.,Do not test object oriented code because it will always work.,"Use inheritance, encapsulation, and polymorphism to create code that meets requirements and avoids code duplication.",,,,,Developing code well with object-oriented techniques will create code that meets requirements and avoids code duplication.,This avoids duplicate lines of code.
Section 1,TTF,"In MATLAB, it is more efficient to use a `for` loop with a preallocated array than to use vectorization for large data sets.",,1,Vectorization is faster than a `for` loop with a preallocated array.,,,,,,,Vectorization is still faster.,
Section 1,TMC,You are developing a MATLAB application that performs a computationally intensive task. You want to use multiple cores to speed up the calculation but the performance scaling is poor. What is the MOST likely reason?,1,There are many global variables.,There are many small or dependent tasks.,The overhead of data communication between cores is dominating the calculations.,There are insufficient licenses to run the operations.,,,,,Data communication overhead is generally the biggest issue when running multi-core processing and it can cause poor performance scaling.,A major problem.
Section 1,TMC,You want to run code that has limited memory. What approach is MOST likely to achieve that?,4,Load all code to memory.,Create larger ram.,Don't worry about it.,"Use functions to perform operations. Then, once the functions return, all values are removed.",,,,,"With this approach, the memory is removed when the function is completed.",It is removed from memory on completion.
Section 1,TMC,"You want to refactor MATLAB code, but you have a large code base. How can you achieve this?",3,Rewrite code often.,Refactoring is generally unneeded for efficient code.,Refactor in manageable pieces and then test that it works correctly.,Refactoring large code bases often creates more problems.,,,,,Refactoring in manageable pieces lets you have code that is understandable and reduces risk.,Requires understandable code and careful planning.
Section 1,TTF,"In MATLAB, using global variables is always the fastest way to share data between functions.",,1,"Global variables tend to slow down testing in other places and can also cause other issues, such that their performance tends to be worse than simply passing values around.",,,,,,,More appropriate for function testing and debugging.,
Section 1,TMC,You have a MATLAB script that is running slower than expected. You suspect that the performance bottleneck is in a particular function. What is the BEST tool to use to find that?,1,The MATLAB profiler to find function execution times.,The breakpoint functionality within the MATLAB script.,Utilizing a hex editor.,Load and test different functions.,,,,,The MATLAB profiler provides times needed to run and can be used to isolate performance issues.,This is the best approach to solving performance issues.
Section 1,TMC,Which qualities of code need to exist for optimal testing?,1,Deterministic and testable.,Low memory usage.,Well formatted.,Object oriented.,,,,,Testable code can be assessed to ensure all functions are working in the code.,Ensuring code components function.
Section 1,TTF,It's generally bad practice to include comments in your code.,,1,Comments are essential to allowing users to understand why a certain function or logic was performed.,,,,,,,Essential tool for understanding code.,
Section 1,TMC,You want to create a class that creates reusable code in MATLAB. What are the MOST important actions you can take?,4,Use very few variable names.,Create all functions as global.,Make object oriented code and try to minimize all the variables.,"Use inheritance, polymorphism, and encapsulation when appropriate to reduce code duplication and make it more reusable.",,,,,Good coding principles leads to reusable code for future iterations.,Creates efficient code.
Section 1,TMC,You are optimizing a large MATLAB application for performance. What approach should you avoid?,4,Profiling performance to identify bottlenecks.,"Vectorizing your code with `bsxfun`, `arrayfun`, and others.",Preallocate variables when necessary.,"Load variables that you don't need, preallocate every array, and use globals.",,,,,"Loading uneeded variables, not using local copies, and other issues increase performance overhead.",Improves performance greatly.
Section 1,TTF,MATLAB can only use a single thread.,,1,MATLAB is optimized for multithreading.,,,,,,,MATLAB is efficient with multiple threads.,
Section 1,TMC,"You have a large multi-file project you want to test, what are important factors to take into account?",1,"Each file has code that has minimal dependencies, with each file having a short testing cycle.",The files need to connect often.,Each file has many functions.,Tests can be skipped to save time.,,,,,It's best to organize code into pieces that can be thoroughly tested and can be used in other projects.,Easier to run and maintain.
Section 1,TMC,"When debugging code, which approach should you use to optimize the process?",3,"Run tests as you can, there is no need for organization.",Try one thing at a time to confirm that something is working.,"Reproduce the error, make a test to find it, then make the test pass with a working function.",Randomly try different commands to make the project work.,,,,,"By testing functions that reproduce the error, the function can be isolated and then improved.",Functions can be isolated and improved.
Section 1,TTF,When running tests it does not matter if you can reproduce bugs.,,1,"By finding ways to recreate and understand code, that makes debugging and corrections significantly easier to implement and handle.",,,,,,,Repeatable tests leads to better debugging.,
Section 1,TMC,"In the context of MATLAB, what is the purpose of the 'tic' and 'toc' functions?",1,To measure the execution time of code,To create a timer object,To pause execution,To debug a script,,,,,"'tic' starts a timer and 'toc' reads the elapsed time, useful for performance measurement.",They do not pause execution or create timer objects.
Section 1,TMC,"What does the command 'A = rand(3,3); B = A(1,:); B(1) = 5; A' return?",1,"A = [5, rand(1,2); rand(2,3)]","A = [rand(1,2); rand(2,3)]","A = [5, rand(1,2); rand(2,3)]","A = [rand(1,2); 5, rand(1,2)]",,,,,"The command modifies the first element of the first row of A to 5, affecting the output.",Incorrect. The modification affects A directly due to reference semantics.
Section 1,TMC,What is the effect of preallocating an array in MATLAB?,1,Improves performance by reducing memory reallocation,Increases memory usage,Slows down the code execution,Reduces code readability,,,,,Preallocating an array improves performance by minimizing memory reallocation during execution.,Incorrect. It does not increase memory usage if done correctly.
Section 1,TMC,What is the purpose of the 'profile' function in MATLAB?,1,To measure the performance of code,To create a profile of the system,To generate debugging information,To optimize memory usage,,,,,"The 'profile' function provides a detailed report on the execution time of functions and scripts, helping identify performance bottlenecks.",Incorrect. It does not create system profiles.
Section 1,TMC,What is the effect of preallocating an array in MATLAB?,1,Improves performance by reducing memory reallocation,Increases memory usage,Slows down the code execution,Reduces code readability,,,,,Preallocating an array improves performance by minimizing memory reallocation during execution.,Incorrect. It does not increase memory usage if done correctly.
Section 1,TMC,What is the purpose of the 'tic' and 'toc' functions?,1,To measure the execution time of code,To create a timer object,To pause execution,To debug a script,,,,,"'tic' starts a timer and 'toc' reads the elapsed time, useful for performance measurement.",They do not pause execution or create timer objects.
Section 1,TMC,"What does the command 'A = rand(4,4); B = A(1:2,1:2); B(1,1) = 10; A' return?",1,"A = [10, rand(1,2); rand(2,4)]","A = [rand(2,2); rand(2,4)]","A = [rand(4,4)]","A = [10, rand(1,1); rand(2,4)]",,,,,"The command modifies the first element of B, which is a submatrix of A, affecting A's output.",Incorrect. The modification affects A directly due to reference semantics.
Section 1,TMC,What is the purpose of the 'assert' function in MATLAB?,1,To test conditions and throw errors if false,To display messages,To pause execution,To create assertions in code,,,,,"The 'assert' function checks a condition and throws an error if the condition is false, useful for debugging.",Incorrect. It does not pause execution or display messages.
Section 1,TMC,What is the purpose of the 'tic' and 'toc' functions?,1,To measure the execution time of code,To create a timer object,To pause execution,To debug a script,,,,,"'tic' starts a timer and 'toc' reads the elapsed time, useful for performance measurement.",They do not pause execution or create timer objects.
Section 1,TMC,"What does the command 'A = rand(5,5); B = A(1:3,1:3); B(2,2) = 100; A' return?",1,"A = [rand(5,5) with B(2,2) = 100]","A = [rand(5,5) with B(2,2) unchanged]","A = [rand(5,5) with B(1,1) = 100]","A = [rand(5,5) with B(3,3) = 100]",,,,,"The command modifies the second element of B, which is a submatrix of A, affecting A's output accordingly.",Incorrect. The modification affects A directly due to reference semantics.
Section 1,TMC,What is the purpose of the 'tic' and 'toc' functions?,1,To measure the execution time of code,To create a timer object,To pause execution,To debug a script,,,,,"'tic' starts a timer and 'toc' reads the elapsed time, useful for performance measurement.",They do not pause execution or create timer objects.
Section 1,TMC,What is the purpose of the 'assert' function in MATLAB?,1,To test conditions and throw errors if false,To display messages,To pause execution,To create assertions in code,,,,,"The 'assert' function checks a condition and throws an error if the condition is false, useful for debugging.",Incorrect. It does not pause execution or display messages.
Section 1,TMC,"What does the command 'A = [1, 2, 3]; B = A(2); B = 10; A' return?",1,"A = [1, 2, 3]","A = [1, 10, 3]","A = [10, 2, 3]","A = [1, 2, 10]",,,,,"The command assigns 10 to B but does not modify A, resulting in [1, 2, 3].","Incorrect. B is a copy, so A remains unchanged."
Section 1,TMC,What is the purpose of the 'disp' function in MATLAB?,1,To display a message or variable value,To pause execution,To debug code,To create a dialog box,,,,,The 'disp' function outputs a message or variable value to the command window without formatting.,Incorrect. It does not pause execution or create dialog boxes.
Section 1,TMC,What is the purpose of the 'assert' function in MATLAB?,1,To test conditions and throw errors if false,To display messages,To pause execution,To create assertions in code,,,,,"The 'assert' function checks a condition and throws an error if the condition is false, useful for debugging.",Incorrect. It does not pause execution or display messages.
Section 1,TMC,"What does the command 'A = rand(3,3); B = A(1:2,1:2); B(1,1) = 10; A' return?",1,"A = [10, rand(1,2); rand(2,3)]","A = [rand(3,3)]","A = [10, rand(1,1); rand(2,3)]","A = [rand(3,3) with B(1,1) = 10]",,,,,"The command modifies the first element of B, which is a submatrix of A, affecting A's output accordingly.",Incorrect. The modification affects A directly due to reference semantics.
Section 1,TMC,What is the purpose of the 'tic' and 'toc' functions?,1,To measure the execution time of code,To create a timer object,To pause execution,To debug a script,,,,,"'tic' starts a timer and 'toc' reads the elapsed time, useful for performance measurement.",They do not pause execution or create timer objects.
Section 1,TMC,What is the purpose of the 'assert' function in MATLAB?,1,To test conditions and throw errors if false,To display messages,To pause execution,To create assertions in code,,,,,"The 'assert' function checks a condition and throws an error if the condition is false, useful for debugging.",Incorrect. It does not pause execution or display messages.
Section 1,TMC,You are using Simulink to model a dynamic system and need to perform parameter estimation based on experimental data. Which Simulink toolbox is MOST suitable for systematically estimating the model parameters to fit the experimental data?,2,Simulink Control Design,Simulink Design Optimization,Simulink Verification and Validation,Simulink Coder,,,,,Simulink Design Optimization provides dedicated tools and algorithms for parameter estimation and optimization.,"Simulink Control Design focuses on control system design, Verification and Validation on model testing, and Coder on code generation."
Section 1,TMC,"In Simulink, you want to implement a custom block with specific functionality not available in the standard library. Which block type is MOST suitable for creating a custom block with arbitrary MATLAB code?",3,Gain,Sum,MATLAB Function,Integrator,,,,,The MATLAB Function block allows you to directly embed MATLAB code within a Simulink model.,Other blocks have predefined functionality.
Section 1,TMC,You want to solve a system of ordinary differential equations (ODEs) in MATLAB. Which function is commonly used for solving non-stiff ODEs?,1,`ode45`,`ode15s`,`ode23t`,`fsolve`,,,,,`ode45` is a versatile solver suitable for many non-stiff ODEs.,The other `ode` solvers are for stiff equations; `fsolve` is for nonlinear *algebraic* equations.
Section 1,TTF,The Simulink library browser only contains blocks created by MathWorks.,,1,Simulink users can create and add their custom blocks to the library browser.,,,,,,,Users can create custom blocks.,
Section 1,TMC,You are using the Curve Fitting Toolbox in MATLAB to fit a polynomial to a set of data points. The data exhibits a high degree of noise. Which technique is MOST appropriate to reduce the impact of noise on the fitted curve?,2,Increase the degree of the polynomial.,"Use a robust fitting method (e.g., bisquare weights).",Use a simple linear fit.,Normalize the data before fitting.,,,,,"Robust fitting methods are less sensitive to outliers and noise in the data, leading to a more accurate fit.",Increasing polynomial degree can exacerbate noise effects. Linear fits might oversimplify the data.
Section 1,TMC,You are modeling a system in Simulink and want to use the Simscape toolbox to accurately simulate the behavior of physical components. Which of the following is the MOST important consideration when choosing a solver for your Simscape model?,2,The simulation speed.,The stiffness of the system.,The number of states in the model.,The availability of block libraries.,,,,,"Simscape models often involve stiff systems of equations, so choosing a solver designed for stiff systems (like `ode15s` or `ode23tb`) is crucial for accuracy and stability.",Solver needs to handle stiffness.
Section 1,TMC,You are using a PID Controller block in Simulink. You want to tune the PID gains automatically to achieve a desired closed-loop response. Which method is MOST suitable for automatically tuning the PID gains in Simulink?,3,Manually adjusting the gains using trial and error.,Using the `pidtune` command in the MATLAB command window.,Using the PID Tuner app in Simulink.,Using the `lqr` function to calculate optimal gains.,,,,,The PID Tuner app provides a graphical interface for automatically tuning PID gains based on desired performance criteria.,The specific Simulink tuning app.
Section 1,TMC,"You have a Simulink model that includes a Stateflow chart. The chart is designed to control the behavior of a system based on external events. However, you notice that the chart is not responding to the events as expected. What is the MOST likely cause of this issue?",1,The chart is not enabled.,The events are not properly defined or triggered.,The chart is in an invalid state.,The chart does not have a default transition.,,,,,"If events are not correctly defined in the Model Explorer and propagated to the Stateflow chart (or if they are not being triggered by other blocks), the chart won't respond accordingly.",Event declaration and triggering are essential.
Section 1,TMC,You have a Simulink model that includes a block from the Aerospace Blockset. You want to simulate the model at a higher fidelity. What should you MOST likely do to increase the simulation fidelity?,2,Reduce the simulation time.,Decrease the solver's step size.,Increase the solver's step size.,Change the solver to a fixed-step solver.,,,,,"Decreasing the solver's step size will generally increase the accuracy of the simulation, allowing the model to capture finer details in the system's behavior.",Simulation resolution increases with step reduction.
Section 1,TMC,You are using the MATLAB Function block in Simulink to implement a custom algorithm. The algorithm involves complex mathematical calculations that require high precision. Which data type should you typically use for the variables inside the MATLAB Function block to ensure accurate results?,1,`double`,`single`,`int32`,`boolean`,,,,,`double` provides the highest precision for numerical calculations in MATLAB.,Data type choice.
Section 1,TTF,The Simscape toolbox is primarily used for simulating control systems.,,1,"The Simscape toolbox is primarily used for simulating physical systems and modeling the behavior of physical components (e.g., electrical, mechanical, hydraulic). Simulink Control Design is geared toward control systems.",,,,,,,Simulating physical systems.,
Section 1,TMC,"You have a Simulink model that includes a custom S-Function. The S-Function is written in C++ and performs a complex calculation. During simulation, you encounter a segmentation fault. What is the MOST likely cause of this error?",3,The S-Function is not properly registered in the Simulink model.,The S-Function does not have a valid output port.,"The S-Function contains a memory access error (e.g., accessing an array out of bounds).",The S-Function is not compiled with the correct compiler settings.,,,,,"Segmentation faults in C++ S-Functions typically indicate memory access errors, such as reading or writing to an invalid memory address.",S-Functions can have access issues if they are written incorrectly.
Section 1,TMC,You are using the Simscape Electrical toolbox to model an electrical circuit. The simulation is running very slowly. What is the MOST likely cause of the slow simulation speed?,1,The circuit is too simple.,The model contains algebraic loops.,The solver is not configured correctly.,The circuit does not have a ground connection.,,,,,Algebraic loops can significantly slow down Simscape simulations because they require the solver to iterate until it converges on a solution.,Algebraic loops slow down simulations.
Section 1,TMC,You are using the Stateflow chart in Simulink to model a complex state machine. You want to trigger a transition in the chart based on an external event. What is the MOST reliable way to trigger the transition from outside the chart?,3,Use a Simulink signal to directly control the state of the chart.,Write MATLAB code to directly modify the internal state variables of the chart.,Use an event input port on the chart and trigger the event from a Simulink block.,Use a global variable to signal the chart to change state.,,,,,Event input ports provide a clean and well-defined mechanism for triggering transitions in a Stateflow chart based on external events.,Correct way to trigger events.
Section 1,TTF,You can directly access and modify the internal states of a Simulink block from the MATLAB command window while the simulation is running.,,1,"While you can access and modify block parameters, directly accessing and modifying internal states is generally not possible without specific configuration.",,,,,,,Cannot modify internal states.,
Section 1,TMC,You have a Simulink model that includes a Discrete Transfer Function block. You want to analyze the frequency response of the transfer function. Which method is MOST suitable for analyzing the frequency response in Simulink?,1,Use the Frequency Response Estimator block to estimate the frequency response directly from the Simulink model.,Use the `freqz` function in the MATLAB command window.,Linearize the model and then use the `bode` function to analyze the frequency response.,Use the `impulse` function to analyze the impulse response.,,,,,The Frequency Response Estimator block allows you to directly estimate the frequency response of a Simulink model by injecting test signals and measuring the output.,Correct block use for frequency response estimation.
Section 1,TMC,"You are using the Simscape Multibody toolbox to model a mechanical system. The simulation is producing unexpected results, and you suspect that there is a problem with the constraints in the model. What is the MOST effective way to diagnose constraint issues in a Simscape Multibody model?",3,Examine the Simscape Multibody Explorer to visualize the model and check for constraint violations.,Use the `sim` command to run the simulation and check for errors.,Reduce the simulation step size to improve accuracy.,Increase the simulation time to allow the system to reach a steady state.,,,,,"The Simscape Multibody Explorer provides tools for visualizing the model, checking for constraint violations, and diagnosing other potential issues.",Visualize constraints for debugging.
Section 1,TMC,You are using the Simulink Control Design toolbox to design a controller for a system modeled in Simulink. You want to linearize the Simulink model around a specific operating point. Which method is MOST appropriate for defining the operating point for linearization?,1,Use the Operating Point Tool to find or specify an operating point for the Simulink model.,Use the `linmod` function to linearize the model around the current simulation state.,Use the `trim` function to trim the model to a steady-state operating point.,Use the `findop` function to find an operating point that satisfies specific conditions.,,,,,"The Operating Point Tool provides a graphical interface for finding, specifying, or trimming operating points for linearization.",The GUI tool to define and trim simulation parameters.
Section 1,TTF,The MATLAB Function block in Simulink can only be used to implement discrete-time systems.,,1,The MATLAB Function block can be used to implement both discrete-time and continuous-time systems.,,,,,,,Can work with both discrete and continuous.,
Section 1,TMC,You have a Simulink model that includes a block from the DSP System Toolbox. You want to analyze the spectrum of a signal in the model. Which block is MOST appropriate for performing spectrum analysis?,4,Scope,Time Scope,Spectrum Analyzer,Spectrum Analyzer,,,,,The Spectrum Analyzer block provides tools for visualizing and analyzing the frequency content of a signal in Simulink.,This is the signal analyzer to use.
Section 1,TMC,You have a Simulink model that includes a block from the Stateflow toolbox. You want to simulate the model for a specific period of time and then stop the simulation automatically. What is the MOST reliable way to stop the simulation after a specified time?,3,Use the `stop` command in the MATLAB command window.,Set the simulation stop time to `inf`.,Set the simulation stop time in the Simulink model configuration parameters.,Use the `pause` command to pause the simulation after a specified time.,,,,,The simulation stop time is a parameter in the Simulink model configuration that will automatically stop the simulation after the specified time.,Automatically halts simulation after specified time.
Section 1,TMC,You are using the Simscape Driveline toolbox to model a mechanical drivetrain. You want to simulate the system with a variable step solver for increased accuracy. Which setting is most important to configure correctly in the solver configuration pane?,2,The simulation stop time.,The maximum step size.,The minimum step size.,The absolute tolerance.,,,,,"The maximum step size limits the largest time increment the solver can take, which can affect the simulation accuracy for variable step solvers.",Correct maximum step size for solver configurations.
Section 1,TTF,The Simulink Scope block can only display signals that are scalar values.,,1,"The Simulink Scope block can display signals that are vectors or matrices, as well as scalar values.",,,,,,,It can show vectors as well as scalars.,
Section 1,TMC,You are using the Simscape Fluids toolbox to model a hydraulic system. The simulation is running very slowly and producing unrealistic results. You suspect that there is a problem with the fluid properties in the model. What is the MOST effective way to diagnose this issue?,2,Reduce the simulation step size.,Examine the fluid properties in the Simscape Fluids block dialog boxes and ensure that they are correctly specified.,Increase the simulation time.,Simplify the hydraulic system model.,,,,,Incorrectly specified fluid properties can lead to unstable simulations and unrealistic results.,Incorrect fluid properties would be the most likely cause.
Section 1,TMC,You are using the Simscape Multibody toolbox to model a mechanical system. You want to simulate the system for a specific period of time and then record the simulation data to a file. What is the MOST reliable way to record the simulation data?,1,Use the To Workspace block to save the simulation data to the MATLAB workspace and then save the data to a file using the `save` command.,Use the Data Logging block to record the simulation data directly to a file.,Use the `sim` command to run the simulation and specify a file name to save the data to.,Use the `plot` function to plot the simulation data and then save the plot to a file.,,,,,"While the Data Logging block is the appropriate method, there are some settings that make it less robust. Thus, saving to the workspace and THEN saving to a file using the `save` command is the most reliable approach.",Saves data to the workspace.
Section 1,TMC,You are using the Simulink Coder to generate C code from a Simulink model. You want to optimize the generated code for a specific target hardware platform. What is the MOST effective way to achieve this?,2,Use the `codegen` command with the `-config` option.,Use the Target Language Compiler (TLC) to customize the code generation process for the target hardware platform.,Use the `rtwbuild` command with the `-target` option.,Use the `mex` command to compile the generated code.,,,,,"The Target Language Compiler (TLC) allows you to customize the code generation process for a specific target hardware platform, optimizing the generated code for performance and memory usage.",Code generation customization for hardware.
Section 1,TTF,The Simscape toolbox can only be used to model physical systems that are linear and time-invariant.,,1,"The Simscape toolbox can model both linear and non-linear physical systems, as well as time-invariant and time-varying systems.",,,,,,,Can model all types of physical systems.,
Section 1,TMC,You have a Simulink model that includes a custom masked subsystem. You want to provide a user-friendly interface for configuring the subsystem parameters. What is the MOST effective way to create this interface?,3,Use the `set_param` function to set the subsystem parameters programmatically.,Use the `get_param` function to get the subsystem parameters programmatically.,Create a mask dialog box with appropriate controls for configuring the subsystem parameters.,Use the `Simulink.Mask` object to programmatically create the mask dialog box.,,,,,Creating a mask dialog box provides a user-friendly interface for configuring the subsystem parameters.,Creates a clean GUI.
Section 1,TMC,"You are using the Simscape Electrical toolbox to model a power electronic converter. The simulation is running very slowly due to stiffness. What is the MOST appropriate action to take to improve the simulation speed, given the circuit's fast switching behavior?",1,Increase the simulation step size.,Enable local solver in Simscape to allow individual blocks to use appropriate solver settings.,Enable partitioning in Simulink to partition the model into smaller subsystems.,Disable all Simscape blocks.,,,,,"Enabling local solver enables Simscape's solver to determine the right step sizes at the block level depending on the circuit's dynamics, improving speed and accuracy.",The solvers adapt at the block level.
Section 1,TMC,"You are using the Simscape Power Systems toolbox to model a power electronic system. The simulation is running very slowly. You have already tried reducing the simulation step size and enabling local solver, but the simulation is still slow. What is the MOST appropriate next step to attempt to improve simulation speed?",4,Use a higher-order solver.,Simplify the electrical circuit model by removing unnecessary components.,Increase the simulation time.,"Use the Partition solver detection"" to break down the system into smaller subsystems.""",,,,,"Using Partition solver detection"" partitions the circuit and solver to take advantage of the circuit's inherent properties.""",Using a partitioning system has performance benefits.
Section 1,TTF,The Simulink debugger can only be used to debug Simulink models that are written in MATLAB.,,1,The Simulink debugger can be used to debug Simulink models regardless of how the blocks in the model are implemented.,,,,,,,Debugging tools are versatile.,
Section 1,TMC,"You are using the Simscape Driveline toolbox to model a mechanical system. The simulation is running slowly, and you suspect that the stiffness of the system is causing the solver to take very small time steps. What is the MOST appropriate technique to address this issue?",2,Reduce the simulation time.,Use a stiff solver such as `ode15s` or `ode23tb`.,Increase the simulation step size.,Use a fixed-step solver.,,,,,Stiff solvers are designed to handle systems with widely varying time scales and can often improve the simulation speed of stiff systems.,Designed to address varying time scales.
Section 1,TMC,You are using the Simulink Verification and Validation toolbox to verify the behavior of a Simulink model. You want to create a test harness that applies a set of test signals to the model and compares the simulation results to a set of expected results. Which method is MOST appropriate for creating this test harness?,3,Manually create a Simulink model that applies the test signals and compares the results.,Write a MATLAB script that applies the test signals and compares the results.,Use the Test Sequence and Test Assessment blocks from the Simulink Verification and Validation toolbox.,Use the `sim` command to simulate the model with the test signals and then manually compare the results.,,,,,"The Test Sequence and Test Assessment blocks provide a structured way to create test signals, run simulations, and verify the results.",Built to test simulation validity.
Section 1,TMC,You are using the Simulink Design Optimization toolbox to optimize the parameters of a Simulink model. The optimization process is taking a very long time. What actions could improve the speed of optimization?,1,Increase the number of solver iterations.,Reduce the model complexity by removing non-essential components.,Increase the simulation time.,Use a fixed-step solver.,,,,,A less complex model runs faster.,This optimization can improve speed.
Section 1,TTF,"The Simulink debugger can be used to debug S-functions written in C++, but not those written in MATLAB.",,1,The Simulink debugger can be used to debug both C++ and MATLAB S-functions.,,,,,,,Debugging tools are versatile with function formats.,
Section 1,TMC,"You are using the Simscape Multibody toolbox to model a mechanical system. The simulation is producing unexpected results. You suspect that there is a collision occurring between two bodies in the model. However, collisions are not modeled by default. How should you incorporate a collision model?",3,Increase the simulation step size.,Increase the simulation time.,Enable collision detection in the Simscape Multibody model settings.,Use the `sim` command with the `'CollisionDetection'` option set to `'on'`.,,,,,Enabling collision detection is a setting that provides the parameters to incorporate a collision model to the simulation.,This adds the collision parameters.
Section 1,TMC,You are using the Stateflow chart in Simulink to model a complex state machine. You want to verify that the chart satisfies a set of safety requirements. What is the MOST appropriate method to accomplish this?,4,Use the `sim` command to simulate the model and manually verify that the requirements are met.,Use the Simulink debugger to step through the chart and verify that the transitions are correct.,Use the Simulink Design Verifier to formally verify that the chart satisfies the safety requirements.,"Implement a test harness with Simulink Verification and Validation Toolbox, formally verifying that the chart satisfies the safety requirements.",,,,,You must test it within a separate test harness.,Verification testing done within a test harness.
Section 1,TMC,"You are using the Simscape Power Systems toolbox to model an electrical grid. The simulation is running slowly, and you suspect that the model is too complex. What is the MOST appropriate next step?",4,Increase the simulation step size.,Increase the simulation time.,Increase the stiffness ratio.,"Use the Simscape Power Systems powergui"" block's Steady-State Solver to initialize the model.""",,,,,"The Steady-State Solver analyzes the initial conditions, improves simulation speed and robustness, and can prevent convergence issues during dynamic simulations.",The powergui helps with steady state analysis.
Section 1,TTF,"The Simscape Solver Configuration"" block is always required in a Simscape model.""",1,,"A Solver Configuration"" block is required in every physical network in a Simscape model to specify the solver settings.""",,,,,,,A necessary inclusion.,
Section 1,TMC,You are using the Simscape Electrical toolbox to model a power electronic converter. You want to estimate the efficiency of the converter. What is the MOST efficient approach?,1,Use Simscape Language to model the power losses in the components and then measure the power input and output of the converter.,Measure the current and voltage at the input and output of the converter and then calculate the efficiency.,Use the `powergui` block to estimate the efficiency of the converter.,Manually calculate the efficiency based on the specifications of the components.,,,,,Simscape Language can be used to model real world imperfections and estimate power losses. The input and output can then easily be derived in simulations.,Allows imperfections to be simulated and measured.
Section 1,TMC,You are using the Simscape Fluids toolbox to model a hydraulic system. The simulation is not converging. What are the MOST appropriate actions to take to improve the simulation convergence?,2,Increase the simulation step size.,"Check for algebraic loops, ensure proper initialization of variables, and check fluid properties for physical realism. Also enable diagnostic messages.",Increase the simulation time.,Increase the stiffness ratio.,,,,,Algebraic loops can significantly slow down Simscape simulations because they require the solver to iterate until it converges on a solution. Also having realistic fluid specifications and variables are important.,Iterative loops need to be removed for speed.
Section 1,TMC,You have a Simulink model with a PID controller. You wish to test many parameters for different operating points. The BEST method to do this is:,1,Use Model blocks to define reusable and configurable models.,Manually test all the values to get results.,Simulate the tests to find the variables that cause different points.,Look up papers with the various PID controller parameters.,,,,,Model blocks and configurable models lets parameters be reused.,Blocks can be reused.
Section 1,TTF,The Stateflow chart in Simulink can only be used to model discrete-time systems.,,1,The Stateflow chart in Simulink can be used to model both discrete-time and continuous-time systems.,,,,,,,Functions are good at handling both times.,
Section 1,TMC,You are using the Simscape toolbox to model a mechanical system. You want to perform a frequency-domain analysis of the system. What approach is MOST appropriate?,2,Use Simscape but also create a control system around it.,Linearize the Simscape model and then use the Control System Toolbox to analyze the frequency response.,Switch over to Simulink.,Find papers with similar mechanical systems to compare it with.,,,,,"By linearizing the code and using the control system tools, you can perform the time analysis needed for frequency-domain analysis.",Linearization is the best solution.
Section 1,TMC,"When creating code for embedded systems, what is the most important quality for generating successful code?",2,High complexity.,High efficiency.,High maintainability.,High reliability.,,,,,"When used in embedded systems, highly efficient code minimizes the resources needed to perform a specific goal.",Embedded systems need efficiency to avoid taking up resources.
Section 1,TMC,You want to perform a set of tests on a Simulink model to check the different code sections. How can this be achieved?,4,Debugging functions.,Functions in the models.,There is no efficient way to test.,Simulink Verification and Validation toolbox provides tools to create test harnesses and perform checks to check code sections of the model.,,,,,"With the various blocks that this toolbox provides, the code is fully testable.",Great testing tools to test Simulink models.
Section 1,TTF,The Embedded MATLAB Function block in Simulink requires the Embedded Coder toolbox to generate code.,,1,Code can be generated but Coder is a requirement.,,,,,,,Code generator is required.,
Section 1,TMC,What is the Simscape language used for?,2,It provides the base code structure.,Modeling physical system components.,It can be used for AI/ML implementations.,Creating the UI,,,,,Simscape language is for specifying the parameters for physical system components.,Code can be created for a physical simulation system.
Section 1,TMC,You want to create an autopilot system in a simulated environment. Which Simulink tool blocks or libraries should you use to make the project a success?,2,Communications Toolbox.,Aerospace Blockset.,Simscape Mechanical.,DSP System Toolbox.,,,,,"The Aerospace Blockset has tools such as propulsion and aircraft models, which will provide the correct tools to perform the autopilot simulation.",Useful simulation and control tools.
Section 1,TTF,The Simscape Multibody toolbox can be used to model systems that include both mechanical and electrical components.,,1,Simscape lets many different components interact and couple for accurate simulations.,,,,,,,Great for accurate simulations.,
Section 1,TMC,You wish to reduce the time it takes to test a simulink model. What considerations will be important?,1,"Reduce the simulation time for each test, use parallel processing to run tests in parallel, and use fast restart to speed up simulation initialization.",Make test functions run as fast as possible.,Skip tests as needed to reduce time.,Only test when absolutely necessary.,,,,,"By reducing simulation time, leveraging parallel processing, and restarting quickly, tests can run faster.",Speeds up the test cycle.
Section 1,TMC,You want to create a simulation that can run at faster than real-time to simulate an entire year with component failures. What changes will likely need to occur?,1,"Reduce stiffness, step sizes, and other factors that cause slowdown.","There is no way to run faster than real time, so it cannot be done.",Make the step size smaller to reduce jitter.,Decrease the number of calculations to increase CPU time.,,,,,"By working on the settings, simulations can be made to run faster, enabling tests to be simulated.",Parameters must be adjusted for faster runs.
Section 1,TTF,You can make AI and ML models that are generated directly within Simulink.,1,,Simulink can use and create models.,,,,,,,Can use existing AI and ML models.,
Section 1,TMC,You would like to use code to help reduce model complexity and duplication. What are the BEST ways to achieve it?,4,Remove components as you see fit.,Reduce the model for testing.,Do nothing.,"Create Simulink libraries that are used in multiple models, and make common functions in S-functions or MATLAB functions to share code across multiple models.",,,,,Libraries and functions reduce the amount of model code that needs to be iterated and tested.,Easier to run and understand.
Section 1,TMC,You want to reuse libraries. What steps are MOST needed to accomplish that?,4,Copy the source to create new functions.,Share the name verbally.,Have the same user rights.,"Store libraries on a shared server, with version control, and good naming conventions.",,,,,"With these steps, the team will easily be able to implement and read those models in different functions.",Good library sharing and version controls.
Section 1,TTF,Simulink is capable of modeling systems with both continuous-time and discrete-time components.,1,,Simulink is capable of working in both and can simulate them as you may need.,,,,,,,Great at simulating functions.,
Section 1,TMC,Which function is used to read data from a CSV file into MATLAB?,1,readtable,csvread,xlsread,load,,,,,'readtable' is the preferred method for reading CSV files in recent MATLAB versions.,'csvread' is outdated and less flexible than 'readtable'.
Section 1,TMC,What is the correct way to write a matrix 'A' to a CSV file named 'data.csv'?,1,"writematrix(A, 'data.csv')","csvwrite('data.csv', A)","xlswrite('data.csv', A)","save('data.csv', 'A')",,,,,'writematrix' is the modern function for writing matrices to CSV files.,'csvwrite' is deprecated and 'xlswrite' is for Excel files.
Section 1,TMC,Which function is best for reading Excel files in MATLAB?,1,readtable,xlsread,readmatrix,importdata,,,,,'readtable' is the most versatile and recommended function for reading Excel files.,'xlsread' is outdated and less efficient than 'readtable'.
Section 1,TMC,Which function is used to write a table to a CSV file?,1,writetable,writecsv,csvwrite,xlswrite,,,,,'writetable' is the correct function for exporting tables to CSV format.,'csvwrite' is for matrices and is less flexible.
Section 1,TMC,Which function is best for reading Excel files in MATLAB?,1,readtable,xlsread,readmatrix,importdata,,,,,'readtable' is the most versatile and recommended function for reading Excel files.,'xlsread' is outdated and less efficient than 'readtable'.
Section 1,TMC,Which function is used to write a matrix to a text file?,1,writematrix,write,textwrite,csvwrite,,,,,'writematrix' is the preferred function for writing matrices to text files in recent MATLAB versions.,'csvwrite' is for CSV files specifically.
Section 1,TMC,Which command is used to save a workspace variable to a MAT-file?,1,"save('filename.mat', 'var')",save('var.mat'),write('var'),export('var'),,,,,The 'save' command allows you to specify the filename and variable to save to a MAT-file.,Incorrect. The other options do not correctly save variables.
Section 1,TMC,Which command is used to read a text file in MATLAB?,1,textscan,readtable,load,fopen,,,,,The 'textscan' function is specifically designed for reading formatted data from text files.,Incorrect. The other commands serve different purposes.
Section 1,TMC,Which function is used to write a matrix to a text file?,1,writematrix,write,textwrite,csvwrite,,,,,'writematrix' is the preferred function for writing matrices to text files in recent MATLAB versions.,'csvwrite' is for CSV files specifically.
Section 1,TMC,Which command is used to save the entire workspace to a MAT-file?,1,save('workspace.mat'),"save('workspace.mat', 'all')",write('workspace'),export('workspace'),,,,,The 'save' command without specifying variables saves all variables to the specified MAT-file.,Incorrect. The other commands do not correctly save the workspace.
Section 1,TMC,Which command is used to read a CSV file into a table?,1,readtable('file.csv'),csvread('file.csv'),xlsread('file.csv'),load('file.csv'),,,,,"The 'readtable' function is designed for reading CSV files into table format, providing flexibility.",Incorrect. 'csvread' is outdated and less efficient.
Section 1,TMC,Which function is used to write a matrix to a text file?,1,writematrix,write,textwrite,csvwrite,,,,,'writematrix' is the preferred function for writing matrices to text files in recent MATLAB versions.,'csvwrite' is for CSV files specifically.
Section 1,TMC,Which command is used to load data from a MAT-file?,1,load('data.mat'),import('data.mat'),read('data.mat'),loadmat('data.mat'),,,,,The 'load' command imports data from a MAT-file into the workspace.,Incorrect. The other commands do not exist in MATLAB.
Section 1,TMC,Which command is used to read data from a text file?,1,readtable('file.txt'),load('file.txt'),textread('file.txt'),read('file.txt'),,,,,The 'readtable' function is suitable for reading data from text files into a table format.,Incorrect. 'load' and 'textread' are not recommended for this purpose.
Section 1,TMC,Which function is used to write a matrix to a text file?,1,writematrix,write,textwrite,csvwrite,,,,,'writematrix' is the preferred function for writing matrices to text files in recent MATLAB versions.,'csvwrite' is for CSV files specifically.
Section 1,TMC,Which command is used to write a matrix to a CSV file?,1,"writematrix('data.csv', A)","csvwrite('data.csv', A)","writecsv('data.csv', A)","xlswrite('data.csv', A)",,,,,The 'writematrix' function is the preferred method for writing matrices to CSV files in recent versions of MATLAB.,'csvwrite' is outdated and less flexible.
Section 1,TMC,Which command is used to read data from an Excel file?,1,readtable('data.xlsx'),xlsread('data.xlsx'),importdata('data.xlsx'),load('data.xlsx'),,,,,"The 'readtable' function is designed for reading data from Excel files into table format, providing flexibility.",Incorrect. 'xlsread' is outdated and less efficient.
Section 1,TMC,Which function is used to write a matrix to a text file?,1,"writematrix('data.txt', A)","write('data.txt', A)","textwrite('data.txt', A)","csvwrite('data.txt', A)",,,,,'writematrix' is the preferred function for writing matrices to text files in recent MATLAB versions.,'csvwrite' is for CSV files specifically.
Section 1,TMC,"In Simulink, what does the 'Scope' block do?",1,Visualizes signals,Generates random signals,Stores data,Controls simulation time,,,,,The 'Scope' block is used to visualize the output signals during a simulation.,Incorrect. It does not generate or store data.
Section 1,TMC,What is the purpose of the 'Gain' block in Simulink?,1,To multiply an input signal by a constant,To add two signals,To delay a signal,To filter a signal,,,,,The 'Gain' block scales the input signal by a specified constant value.,Incorrect. It does not perform addition or filtering.
Section 1,TMC,"In Simulink, what does the 'Integrator' block do?",1,Integrates a signal over time,Differentiates a signal,Filters a signal,Adds noise to a signal,,,,,"The 'Integrator' block accumulates the input signal over time, providing the integral of the input.",Incorrect. It does not differentiate or filter signals.
Section 1,TMC,What is the purpose of the 'Gain' block in Simulink?,1,To multiply an input signal by a constant,To add two signals,To delay a signal,To filter a signal,,,,,The 'Gain' block scales the input signal by a specified constant value.,Incorrect. It does not perform addition or filtering.
Section 1,TMC,What is the role of the 'Sum' block in Simulink?,1,To sum multiple input signals,To average input signals,To filter signals,To integrate signals,,,,,"The 'Sum' block adds together multiple input signals, resulting in a single output signal.",Incorrect. It does not average or filter signals.
Section 1,TMC,What is the primary function of the 'Constant' block in Simulink?,1,To output a fixed value,To generate a random number,To filter signals,To integrate signals,,,,,The 'Constant' block outputs a constant value throughout the simulation.,Incorrect. It does not generate random numbers or filter signals.
Section 1,TMC,What does the 'Transfer Fcn' block represent in Simulink?,1,A linear time-invariant system,A non-linear system,A digital filter,A continuous-time signal,,,,,The 'Transfer Fcn' block models linear time-invariant systems using transfer functions.,Incorrect. It does not represent non-linear systems or discrete filters.
Section 1,TMC,What is the role of the 'Sum' block in Simulink?,1,To sum multiple input signals,To average input signals,To filter signals,To integrate signals,,,,,"The 'Sum' block adds together multiple input signals, resulting in a single output signal.",Incorrect. It does not average or filter signals.
Section 1,TMC,What does the 'Step' block in Simulink do?,1,Outputs a step function,Integrates a signal,Generates a sine wave,Filters a signal,,,,,The 'Step' block generates a step function that changes value at a specified time.,Incorrect. It does not integrate or filter signals.
Section 1,TMC,What is the role of the 'Data Store Memory' block in Simulink?,1,To store data that can be accessed by multiple blocks,To filter signals,To integrate signals,To generate random data,,,,,The 'Data Store Memory' block allows for data storage that can be shared among various blocks in the model.,Incorrect. It does not filter or generate data.
Section 1,TMC,What does the 'Gain' block in Simulink do?,1,Multiplies an input signal by a constant,Adds two signals,Delays a signal,Filters a signal,,,,,"The 'Gain' block scales the input signal by a specified constant value, modifying its amplitude.",Incorrect. It does not perform addition or filtering.
Section 1,TMC,What does the 'Scope' block do in Simulink?,1,Visualizes signals during simulation,Generates signals,Stores data,Controls simulation time,,,,,"The 'Scope' block allows users to visualize the output signals during a simulation, helping in analysis.",Incorrect. It does not generate or store data.
Section 1,TMC,What is the primary function of the 'Constant' block in Simulink?,1,Outputs a fixed value,Generates a random number,Filters signals,Integrates signals,,,,,"The 'Constant' block outputs a constant value throughout the simulation, useful for testing.",Incorrect. It does not generate random numbers or filter signals.
Section 1,TMC,What does the 'Transfer Fcn' block represent in Simulink?,1,A linear time-invariant system,A non-linear system,A digital filter,A continuous-time signal,,,,,The 'Transfer Fcn' block models linear time-invariant systems using transfer functions.,Incorrect. It does not represent non-linear systems or discrete filters.
Section 1,TMC,What does the 'Integrator' block do in Simulink?,1,Integrates a signal over time,Differentiates a signal,Adds noise to a signal,Filters a signal,,,,,"The 'Integrator' block accumulates the input signal over time, providing the integral of the input.",Incorrect. It does not differentiate or add noise.
Section 1,TMC,What does the 'Sum' block in Simulink do?,1,Sums multiple input signals,Averages multiple input signals,Filters signals,Integrates signals,,,,,"The 'Sum' block adds together multiple input signals, resulting in a single output signal.",Incorrect. It does not average or filter signals.
Section 1,TMC,What does the 'Gain' block in Simulink do?,1,Multiplies an input signal by a constant,Adds two signals,Delays a signal,Filters a signal,,,,,"The 'Gain' block scales the input signal by a specified constant value, modifying its amplitude.",Incorrect. It does not perform addition or filtering.
